{"name": "Loki Core - Dissolution Sequencer", "buy": 28997941.43, "sell": 31656244.48, "base": 20065362.91, "itemId": 45631, "volume": 40.0, "cachingTime": 1561742489.7625449, "cachingTimeXML": 1561655289.4148328, "inProcess": [500000, 500216], "outProcess": [500003, 500004], "isFinal": 1}