{"name": "Loki Core - Immobility Drivers", "buy": 30800443.88, "sell": 34999996.01, "base": 20065362.91, "itemId": 45633, "volume": 40.0, "cachingTime": 1561742489.7625442, "cachingTimeXML": 1561655289.414832, "inProcess": [500000, 500217], "outProcess": [500003, 500004], "isFinal": 1}