{"name": "Loki Core - Augmented Nuclear Reactor", "buy": 24018181.23, "sell": 29918391.82, "base": 20065362.91, "itemId": 45632, "volume": 40.0, "cachingTime": 1561742489.7625458, "cachingTimeXML": 1561655289.4148328, "inProcess": [500000, 500215], "outProcess": [500003, 500004], "isFinal": 1}