{"name": "Legion Defensive - Covert Reconfiguration", "buy": 37443435.29, "sell": 43866602.7, "base": 26194153.62, "itemId": 45586, "volume": 40.0, "cachingTime": 1561742489.762581, "cachingTimeXML": 1561655289.41488, "inProcess": [500000, 500183], "outProcess": [500003, 500004], "isFinal": 1}