{"name": "Legion Defensive - Nanobot Injector", "buy": 29900000.0, "sell": 35970585.16, "base": 26194153.62, "itemId": 45588, "volume": 40.0, "cachingTime": 1561801604.7253873, "cachingTimeXML": 1561655289.414879, "inProcess": [500000, 500184], "outProcess": [500003, 500004], "isFinal": 1}