{"name": "Legion Defensive - Augmented Plating", "buy": 34200001.01, "sell": 29007618.78, "base": 26194153.62, "itemId": 45587, "volume": 40.0, "cachingTime": 1559934619.863075, "cachingTimeXML": 1559804994.496953, "inProcess": [500000, 500182], "outProcess": [500003, 500004], "isFinal": 1}