{"name": "Legion Defensive - Augmented Plating", "buy": 26878793.04, "sell": 33770429.33, "base": 26194153.62, "itemId": 45587, "volume": 40.0, "cachingTime": 1561801604.7253873, "cachingTimeXML": 1561655289.414879, "inProcess": [500000, 500182], "outProcess": [500003, 500004], "isFinal": 1}