{"name": "Legion Defensive - Nanobot Injector", "buy": 34590909.12, "sell": 37745841.45, "base": 26194153.62, "itemId": 45588, "volume": 40.0, "cachingTime": 1559934619.863075, "cachingTimeXML": 1559804994.4969542, "inProcess": [500000, 500184], "outProcess": [500003, 500004], "isFinal": 1}