{"name": "Legion Defensive - Covert Reconfiguration", "buy": 33686853.49, "sell": 39999790.3, "base": 26194153.62, "itemId": 45586, "volume": 40.0, "cachingTime": 1559934619.8630762, "cachingTimeXML": 1559804994.496955, "inProcess": [500000, 500183], "outProcess": [500003, 500004], "isFinal": 1}