{"name": "Legion Defensive - Covert Reconfiguration", "buy": 38110102.01, "sell": 43777759.3, "base": 26194153.62, "itemId": 45586, "volume": 40.0, "cachingTime": 1561801604.7253873, "cachingTimeXML": 1561655289.41488, "inProcess": [500000, 500183], "outProcess": [500003, 500004], "isFinal": 1}