{"name": "Compressed Plagioclase", "buy": 6050.01, "sell": 6172.44, "base": 1295703.0, "itemId": 28422, "volume": 0.15, "cachingTime": 1561903189.87519, "cachingTimeXML": 1561655289.41462, "inProcess": [500000, 500151], "outProcess": [500003, 500004, 500347]}