{"name": "Compressed Sparkling Plagioclase", "buy": 6900.0, "sell": 7220.14, "base": -1.0, "itemId": 46701, "volume": 0.15, "cachingTime": 1561903189.875191, "cachingTimeXML": 1561655289.414622, "inProcess": [500000, 500153], "outProcess": [500003, 500004, 500349]}