{"name": "Compressed Azure Plagioclase", "buy": 6300.01, "sell": 6221.22, "base": 1637028.0, "itemId": 28421, "volume": 0.15, "cachingTime": 1561903189.875194, "cachingTimeXML": 1561655289.414625, "inProcess": [500000, 500150], "outProcess": [500003, 500004, 500346]}