{"name": "Compressed Rich Plagioclase", "buy": 6625.42, "sell": 6422.21, "base": 2524806.0, "itemId": 28423, "volume": 0.15, "cachingTime": 1561903189.875189, "cachingTimeXML": 1561655289.414619, "inProcess": [500000, 500152], "outProcess": [500003, 500004, 500348]}