{"name": "Rich Plagioclase", "buy": 62.38, "sell": 52.67, "base": -1.0, "itemId": 17456, "volume": 0.35, "cachingTime": 1561903189.875191, "cachingTimeXML": 1561655289.4146209, "inProcess": [500000, 500001], "outProcess": [500003, 500004, 500351, 500152], "isRaw": 1}