{"name": "Loki", "buy": 151545922.87, "sell": 158298512.25, "base": 97886921.1, "itemId": 29990, "volume": 5000.0, "cachingTime": 1561903189.874732, "cachingTimeXML": 1561655289.414199, "inProcess": [500000, 500230], "outProcess": [500003, 500004], "isFinal": 1}