{"name": "Proteus", "buy": 139000017.88, "sell": 149749114.64, "base": 97886921.1, "itemId": 29988, "volume": 5000.0, "cachingTime": 1561742489.7621849, "cachingTimeXML": 1561655289.414203, "inProcess": [500000, 500229], "outProcess": [500003, 500004], "isFinal": 1}