{"name": "Compressed Veldspar", "buy": 2013.59, "sell": 1983.75, "base": 1318680.0, "itemId": 28432, "volume": 0.15, "cachingTime": 1561801604.7253873, "cachingTimeXML": 1561655289.41454, "inProcess": [500000, 500169], "outProcess": [500003, 500004, 500380]}