{"name": "Compressed Concentrated Veldspar", "buy": 1682.44, "sell": 2039.97, "base": 2560770.0, "itemId": 28430, "volume": 0.15, "cachingTime": 1561801604.7253873, "cachingTimeXML": 1561655289.414536, "inProcess": [500000, 500166], "outProcess": [500003, 500004, 500377]}