{"name": "Compressed Dense Veldspar", "buy": 1985.06, "sell": 2102.98, "base": 2236095.0, "itemId": 28431, "volume": 0.15, "cachingTime": 1561801604.7253873, "cachingTimeXML": 1561655289.4145331, "inProcess": [500000, 500167], "outProcess": [500003, 500004, 500378]}