{"name": "Compressed Veldspar", "buy": 1601.02, "sell": 1774.34, "base": 1318680.0, "itemId": 28432, "volume": 0.15, "cachingTime": 1559934619.862874, "cachingTimeXML": 1559804994.49669, "inProcess": [500000, 500169], "outProcess": [500003, 500004, 500380]}