{"name": "Compressed Dense Veldspar", "buy": 1822.38, "sell": 1902.46, "base": 2236095.0, "itemId": 28431, "volume": 0.15, "cachingTime": 1559934619.862871, "cachingTimeXML": 1559804994.496686, "inProcess": [500000, 500167], "outProcess": [500003, 500004, 500378]}