{"name": "Compressed Stable Veldspar", "buy": 1900.09, "sell": 2411.19, "base": -1.0, "itemId": 46705, "volume": 0.15, "cachingTime": 1561801604.7253873, "cachingTimeXML": 1561655289.414538, "inProcess": [500000, 500168], "outProcess": [500003, 500004, 500379]}