{"name": "Compressed Concentrated Veldspar", "buy": 1650.13, "sell": 1760.68, "base": 2560770.0, "itemId": 28430, "volume": 0.15, "cachingTime": 1559934619.8628721, "cachingTimeXML": 1559804994.4966881, "inProcess": [500000, 500166], "outProcess": [500003, 500004, 500377]}