{"name": "Compressed Stable Veldspar", "buy": 1810.01, "sell": 2032.43, "base": -1.0, "itemId": 46705, "volume": 0.15, "cachingTime": 1559934619.862873, "cachingTimeXML": 1559804994.4966888, "inProcess": [500000, 500168], "outProcess": [500003, 500004, 500379]}