{"name": "Concentrated Veldspar", "buy": 16.0, "sell": 14.53, "base": -1.0, "itemId": 17470, "volume": 0.1, "cachingTime": 1561801604.7253873, "cachingTimeXML": 1561655289.414541, "inProcess": [500000, 500001], "outProcess": [500003, 500004, 500381, 500166], "isRaw": 1}