{"name": "Concentrated Veldspar", "buy": 14.08, "sell": 14.92, "base": -1.0, "itemId": 17470, "volume": 0.1, "cachingTime": 1559934619.862875, "cachingTimeXML": 1559804994.496691, "inProcess": [500000, 500001], "outProcess": [500003, 500004, 500381, 500166], "isRaw": 1}