{"name": "Dense Veldspar", "buy": 15.23, "sell": 14.24, "base": -1.0, "itemId": 17471, "volume": 0.1, "cachingTime": 1559934619.862874, "cachingTimeXML": 1559804994.49669, "inProcess": [500000, 500001], "outProcess": [500003, 500004, 500382, 500167], "isRaw": 1}