{"name": "Hiemal Tricarboxyl Condensate", "buy": 4392.55, "sell": 9819.49, "base": -1.0, "itemId": 49789, "volume": 6.0, "cachingTime": 1559934619.862873, "cachingTimeXML": 1559804994.4966881, "inProcess": [500000, 500001], "outProcess": [500003, 500004], "isRaw": 1, "isFinal": 1}