{"name": "Stable Veldspar", "buy": 17.5, "sell": 24.99, "base": -1.0, "itemId": 46689, "volume": 0.1, "cachingTime": 1559934619.8628721, "cachingTimeXML": 1559804994.4966872, "inProcess": [500000, 500001], "outProcess": [500003, 500004, 500383, 500168], "isRaw": 1}