{"name": "Veldspar", "buy": 15.99, "sell": 14.15, "base": -1.0, "itemId": 1230, "volume": 0.1, "cachingTime": 1561801604.7253873, "cachingTimeXML": 1561655289.4145322, "inProcess": [500000, 500001], "outProcess": [500003, 500004, 500384, 500169], "isRaw": 1}