{"name": "Veldspar", "buy": 14.07, "sell": 13.46, "base": -1.0, "itemId": 1230, "volume": 0.1, "cachingTime": 1559934619.86287, "cachingTimeXML": 1559804994.496686, "inProcess": [500000, 500001], "outProcess": [500003, 500004, 500384, 500169], "isRaw": 1}