{"name": "Compressed Luminous Kernite", "buy": 14251.07, "sell": 16561.53, "base": 581280.0, "itemId": 28411, "volume": 0.19, "cachingTime": 1561903189.875156, "cachingTimeXML": 1561655289.414571, "inProcess": [500000, 500141], "outProcess": [500003, 500004, 500325]}