{"name": "Compressed Fiery Kernite", "buy": 15209.41, "sell": 15398.57, "base": 2021400.0, "itemId": 28409, "volume": 0.19, "cachingTime": 1561903189.8751569, "cachingTimeXML": 1561655289.414572, "inProcess": [500000, 500139], "outProcess": [500003, 500004, 500323]}