{"name": "Compressed Resplendant Kernite", "buy": 16827.78, "sell": 18533.19, "base": -1.0, "itemId": 46699, "volume": 0.19, "cachingTime": 1561903189.875154, "cachingTimeXML": 1561655289.414569, "inProcess": [500000, 500142], "outProcess": [500003, 500004, 500326]}