{"name": "Compressed Kernite", "buy": 14504.0, "sell": 15988.97, "base": 2557680.0, "itemId": 28410, "volume": 0.19, "cachingTime": 1561903189.87516, "cachingTimeXML": 1561655289.414576, "inProcess": [500000, 500140], "outProcess": [500003, 500004, 500324]}