{"name": "Fiery Kernite", "buy": 132.42, "sell": 130.98, "base": -1.0, "itemId": 17453, "volume": 1.2, "cachingTime": 1561903189.875159, "cachingTimeXML": 1561655289.414575, "inProcess": [500000, 500001], "outProcess": [500003, 500004, 500327, 500139], "isRaw": 1}