{"name": "Kernite", "buy": 201.73, "sell": 165.22, "base": -1.0, "itemId": 20, "volume": 1.2, "cachingTime": 1561903189.875158, "cachingTimeXML": 1561655289.4145741, "inProcess": [500000, 500001], "outProcess": [500003, 500004, 500328, 500140], "isRaw": 1}