{"name": "Proteus Core - Electronic Efficiency Gate", "buy": 10673268.33, "sell": 14147206.54, "base": 20065362.91, "itemId": 45628, "volume": 40.0, "cachingTime": 1561801604.7253873, "cachingTimeXML": 1561655289.414837, "inProcess": [500000, 500204], "outProcess": [500003, 500004], "isFinal": 1}