{"name": "Proteus Core - Friction Extension Processor", "buy": 27680000.15, "sell": 26449842.81, "base": 20065362.91, "itemId": 45630, "volume": 40.0, "cachingTime": 1561801604.7253873, "cachingTimeXML": 1561655289.414838, "inProcess": [500000, 500205], "outProcess": [500003, 500004], "isFinal": 1}