{"name": "Proteus Core - Electronic Efficiency Gate", "buy": 11342857.16, "sell": 13565110.5, "base": 20065362.91, "itemId": 45628, "volume": 40.0, "cachingTime": 1559934619.8630452, "cachingTimeXML": 1559804994.4969192, "inProcess": [500000, 500204], "outProcess": [500003, 500004], "isFinal": 1}