{"name": "Proteus Core - Friction Extension Processor", "buy": 27678743.23, "sell": 27789303.05, "base": 20065362.91, "itemId": 45630, "volume": 40.0, "cachingTime": 1559934619.863046, "cachingTimeXML": 1559804994.49692, "inProcess": [500000, 500205], "outProcess": [500003, 500004], "isFinal": 1}