{"name": "Proteus Core - Augmented Fusion Reactor", "buy": 26898051.0, "sell": 29405012.71, "base": 20065362.91, "itemId": 45629, "volume": 40.0, "cachingTime": 1559934619.863047, "cachingTimeXML": 1559804994.496921, "inProcess": [500000, 500203], "outProcess": [500003, 500004], "isFinal": 1}