{"name": "Tengu Core - Obfuscation Manifold", "buy": 27779070.86, "sell": 27900897.28, "base": 20065362.91, "itemId": 45627, "volume": 40.0, "cachingTime": 1561801604.7253873, "cachingTimeXML": 1561655289.414867, "inProcess": [500000, 500193], "outProcess": [500003, 500004], "isFinal": 1}