{"name": "Tengu Core - Augmented Graviton Reactor", "buy": 28100192.95, "sell": 31169013.47, "base": 20065362.91, "itemId": 45626, "volume": 40.0, "cachingTime": 1561801604.7253873, "cachingTimeXML": 1561655289.414866, "inProcess": [500000, 500191], "outProcess": [500003, 500004], "isFinal": 1}