{"name": "Tengu Core - Electronic Efficiency Gate", "buy": 15000000.01, "sell": 16055161.08, "base": 20065362.91, "itemId": 45625, "volume": 40.0, "cachingTime": 1559934619.8630662, "cachingTimeXML": 1559804994.496943, "inProcess": [500000, 500192], "outProcess": [500003, 500004], "isFinal": 1}