{"name": "Tengu Core - Electronic Efficiency Gate", "buy": 12000008.14, "sell": 15058858.92, "base": 20065362.91, "itemId": 45625, "volume": 40.0, "cachingTime": 1561801604.7253873, "cachingTimeXML": 1561655289.414867, "inProcess": [500000, 500192], "outProcess": [500003, 500004], "isFinal": 1}