{"name": "Tengu Core - Obfuscation Manifold", "buy": 30000003.52, "sell": 28757118.61, "base": 20065362.91, "itemId": 45627, "volume": 40.0, "cachingTime": 1559934619.863067, "cachingTimeXML": 1559804994.4969442, "inProcess": [500000, 500193], "outProcess": [500003, 500004], "isFinal": 1}