{"name": "Tengu Core - Augmented Graviton Reactor", "buy": 28003599.92, "sell": 30000001.88, "base": 20065362.91, "itemId": 45626, "volume": 40.0, "cachingTime": 1559934619.8630662, "cachingTimeXML": 1559804994.496942, "inProcess": [500000, 500191], "outProcess": [500003, 500004], "isFinal": 1}