{"name": "Strontium Clathrates", "buy": 3572.8, "sell": 2162.5, "base": -1.0, "itemId": 16275, "volume": 3.0, "cachingTime": 1561655286.2068338, "cachingTimeXML": 1561655289.414475, "inProcess": [500000, 500246, 500235, 500255, 500245, 500258, 500244, 500239, 500250, 500248, 500252, 500257, 500236, 500237, 500251, 500253, 500242, 500249, 500243, 500238, 500247, 500241, 500240, 500256, 500254], "outProcess": [500003, 500004, 500007, 500006, 500009, 500008]}