{"name": "Tengu Offensive - Support Processor", "buy": 34001006.76, "sell": 36702554.68, "base": 23376510.82, "itemId": 45603, "volume": 40.0, "cachingTime": 1561903189.875412, "cachingTimeXML": 1561655289.41486, "inProcess": [500000, 500199], "outProcess": [500003, 500004], "isFinal": 1}