{"name": "Tengu Offensive - Accelerated Ejection Bay", "buy": 30359515.06, "sell": 33120895.73, "base": 23376510.82, "itemId": 45601, "volume": 40.0, "cachingTime": 1561903189.8754098, "cachingTimeXML": 1561655289.414858, "inProcess": [500000, 500197], "outProcess": [500003, 500004], "isFinal": 1}