{"name": "Tengu Offensive - Magnetic Infusion Basin", "buy": 27676749.4, "sell": 33971762.76, "base": 23376510.82, "itemId": 45602, "volume": 40.0, "cachingTime": 1561903189.875411, "cachingTimeXML": 1561655289.414859, "inProcess": [500000, 500198], "outProcess": [500003, 500004], "isFinal": 1}