{"name": "Legion Offensive - Support Processor", "buy": 25766100.09, "sell": 31995965.82, "base": 23376510.82, "itemId": 45600, "volume": 40.0, "cachingTime": 1561903189.8754308, "cachingTimeXML": 1561655289.414882, "inProcess": [500000, 500187], "outProcess": [500003, 500004], "isFinal": 1}