{"name": "Legion Offensive - Liquid Crystal Magnifiers", "buy": 26200205.95, "sell": 30798699.9, "base": 23376510.82, "itemId": 45598, "volume": 40.0, "cachingTime": 1561903189.875433, "cachingTimeXML": 1561655289.414884, "inProcess": [500000, 500186], "outProcess": [500003, 500004], "isFinal": 1}