{"name": "Clear Icicle", "buy": 200841.4, "sell": 228727.49, "base": -1.0, "itemId": 16262, "volume": 1000.0, "cachingTime": 1561742489.762345, "cachingTimeXML": 1561655289.4144928, "inProcess": [500000, 500001], "outProcess": [500003, 500004, 500236, 500096], "isRaw": 1}