{"name": "Compressed Gelidus", "buy": 390104.25, "sell": 389547.59, "base": 363605.13, "itemId": 28437, "volume": 100.0, "cachingTime": 1561742489.76235, "cachingTimeXML": 1561655289.414504, "inProcess": [500000, 500099], "outProcess": [500003, 500004, 500241]}