{"name": "Compressed White Glaze", "buy": 193852.46, "sell": 212365.09, "base": 92119.09, "itemId": 28444, "volume": 100.0, "cachingTime": 1561742489.762343, "cachingTimeXML": 1561655289.4144902, "inProcess": [500000, 500106], "outProcess": [500003, 500004, 500248]}