{"name": "Compressed Clear Icicle", "buy": 229573.8, "sell": 224998.93, "base": 111577.99, "itemId": 28434, "volume": 100.0, "cachingTime": 1561742489.7623491, "cachingTimeXML": 1561655289.414502, "inProcess": [500000, 500096], "outProcess": [500003, 500004, 500238]}