{"name": "Compressed Dark Glitter", "buy": 449481.45, "sell": 499160.88, "base": 350812.28, "itemId": 28435, "volume": 100.0, "cachingTime": 1561742489.762342, "cachingTimeXML": 1561655289.4144871, "inProcess": [500000, 500097], "outProcess": [500003, 500004, 500239]}