{"name": "Compressed Blue Ice", "buy": 232029.07, "sell": 234904.78, "base": 118393.77, "itemId": 28433, "volume": 100.0, "cachingTime": 1561742489.762345, "cachingTimeXML": 1561655289.414495, "inProcess": [500000, 500095], "outProcess": [500003, 500004, 500237]}