{"name": "Compressed Enriched Clear Icicle", "buy": 300001.34, "sell": 290000.0, "base": 154115.85, "itemId": 28436, "volume": 100.0, "cachingTime": 1561742489.762351, "cachingTimeXML": 1561655289.414505, "inProcess": [500000, 500098], "outProcess": [500003, 500004, 500240]}