{"name": "Compressed Thick Blue Ice", "buy": 274002.02, "sell": 300000.0, "base": 64081.48, "itemId": 28443, "volume": 100.0, "cachingTime": 1561742489.76235, "cachingTimeXML": 1561655289.4145029, "inProcess": [500000, 500105], "outProcess": [500003, 500004, 500247]}