{"name": "Enriched Clear Icicle", "buy": 280000.0, "sell": 140100.98, "base": -1.0, "itemId": 17978, "volume": 1000.0, "cachingTime": 1561742489.762342, "cachingTimeXML": 1561655289.414489, "inProcess": [500000, 500001], "outProcess": [500003, 500004, 500250, 500098], "isRaw": 1}