{"name": "Glacial Mass", "buy": 188091.85, "sell": 194941.25, "base": -1.0, "itemId": 16263, "volume": 1000.0, "cachingTime": 1561742489.762344, "cachingTimeXML": 1561655289.414491, "inProcess": [500000, 500001], "outProcess": [500003, 500004, 500252, 500100], "isRaw": 1}