{"name": "Smooth Glacial Mass", "buy": 160001.66, "sell": 96000.0, "base": -1.0, "itemId": 17977, "volume": 1000.0, "cachingTime": 1561742489.762351, "cachingTimeXML": 1561655289.414506, "inProcess": [500000, 500001], "outProcess": [500003, 500004, 500256, 500104], "isRaw": 1}