{"name": "Compressed Prismatic Gneiss", "buy": 145032.02, "sell": 151254.36, "base": 1665920.0, "itemId": 28399, "volume": 1.8, "cachingTime": 1561655286.206954, "cachingTimeXML": 1561655289.414644, "inProcess": [500000, 500126], "outProcess": [500003, 500004, 500295]}