{"name": "Compressed Brilliant Gneiss", "buy": 140129.19, "sell": 144993.94, "base": -1.0, "itemId": 46695, "volume": 1.8, "cachingTime": 1561655286.20695, "cachingTimeXML": 1561655289.414639, "inProcess": [500000, 500123], "outProcess": [500003, 500004, 500292]}