{"name": "Prismatic Gneiss", "buy": 1262.61, "sell": 1687.15, "base": -1.0, "itemId": 17866, "volume": 5.0, "cachingTime": 1561655286.206953, "cachingTimeXML": 1561655289.414643, "inProcess": [500000, 500001], "outProcess": [500003, 500004, 500298, 500126], "isRaw": 1}