{"name": "C3-FTM Acid Reaction Formula", "buy": 8000000.0, "sell": 15000000.0, "base": -1.0, "itemId": 46165, "volume": 0.0, "cachingTime": 1559934619.863008, "cachingTimeXML": 1559804994.496866, "inProcess": [500000], "outProcess": [500003, 500004]}