{"name": "C3-FTM Acid Reaction Formula", "buy": 12000000.29, "sell": 14981060.6, "base": -1.0, "itemId": 46165, "volume": 0.0, "cachingTime": 1561801604.7253873, "cachingTimeXML": 1561655289.4147751, "inProcess": [500000], "outProcess": [500003, 500004]}