{"name": "Carbon-86 Epoxy Resin Reaction Formula", "buy": 8000002.72, "sell": 15000000.0, "base": -1.0, "itemId": 46164, "volume": 0.0, "cachingTime": 1559934619.863012, "cachingTimeXML": 1559804994.496875, "inProcess": [500000], "outProcess": [500003, 500004]}