{"name": "Fulleroferrocene Reaction Formula", "buy": 9001016.67, "sell": 15000000.0, "base": -1.0, "itemId": 46158, "volume": 0.0, "cachingTime": 1559934619.863009, "cachingTimeXML": 1559804994.4968681, "inProcess": [500000], "outProcess": [500003, 500004]}