{"name": "Fullerene Intercalated Graphite Reaction Formula", "buy": 8000000.1, "sell": 15000000.0, "base": -1.0, "itemId": 46160, "volume": 0.0, "cachingTime": 1559934619.86301, "cachingTimeXML": 1559804994.496869, "inProcess": [500000], "outProcess": [500003, 500004]}