{"name": "Graphene Nanoribbons Reaction Formula", "buy": 10554936.0, "sell": 15000000.0, "base": -1.0, "itemId": 46163, "volume": 0.0, "cachingTime": 1559934619.863012, "cachingTimeXML": 1559804994.496876, "inProcess": [500000], "outProcess": [500003, 500004]}