{"name": "Lanthanum Metallofullerene Reaction Formula", "buy": 8227005.0, "sell": 15000000.0, "base": -1.0, "itemId": 46161, "volume": 0.0, "cachingTime": 1559934619.863008, "cachingTimeXML": 1559804994.496863, "inProcess": [500000], "outProcess": [500003, 500004]}