{"name": "Lanthanum Metallofullerene Reaction Formula", "buy": 12000000.15, "sell": 15000000.0, "base": -1.0, "itemId": 46161, "volume": 0.0, "cachingTime": 1561801604.7253873, "cachingTimeXML": 1561655289.414774, "inProcess": [500000], "outProcess": [500003, 500004]}