{"name": "Methanofullerene Reaction Formula", "buy": 8600080.84, "sell": 15000000.0, "base": -1.0, "itemId": 46157, "volume": 0.0, "cachingTime": 1559934619.8630111, "cachingTimeXML": 1559804994.496874, "inProcess": [500000], "outProcess": [500003, 500004]}