{"name": "PPD Fullerene Fibers Reaction Formula", "buy": 9000217.14, "sell": 15000000.0, "base": -1.0, "itemId": 46159, "volume": 0.0, "cachingTime": 1559934619.8630111, "cachingTimeXML": 1559804994.496872, "inProcess": [500000], "outProcess": [500003, 500004]}