{"name": "Scandium Metallofullerene Reaction Formula", "buy": 12700000.17, "sell": 15000000.0, "base": -1.0, "itemId": 46162, "volume": 0.0, "cachingTime": 1561801604.7253873, "cachingTimeXML": 1561655289.414778, "inProcess": [500000], "outProcess": [500003, 500004]}