{"name": "Scandium Metallofullerene Reaction Formula", "buy": 9600023.97, "sell": 15000000.0, "base": -1.0, "itemId": 46162, "volume": 0.0, "cachingTime": 1559934619.86301, "cachingTimeXML": 1559804994.4968698, "inProcess": [500000], "outProcess": [500003, 500004]}