{"name": "Nanowire Composites BPO", "buy": 10000.01, "sell": 10000000.0, "base": -1.0, "itemId": 30475, "volume": 0.0, "cachingTime": 1561742489.76252, "cachingTimeXML": 1561655289.4147918, "inProcess": [500000], "outProcess": [500003, 500004]}