{"name": "Reconfigured Subspace Calibrator BPO", "buy": 0.0, "sell": 10000000.0, "base": -1.0, "itemId": 30479, "volume": 0.0, "cachingTime": 1561742489.762526, "cachingTimeXML": 1561655289.4148018, "inProcess": [500000], "outProcess": [500003, 500004]}