{"name": "Superconducting Ladar Amplifier BPO", "buy": 122729.55, "sell": 10000000.0, "base": -1.0, "itemId": 45659, "volume": 0.0, "cachingTime": 1561742489.762521, "cachingTimeXML": 1561655289.414794, "inProcess": [500000], "outProcess": [500003, 500004]}