{"name": "Arkonor", "buy": 2472.08, "sell": 1999.0, "base": -1.0, "itemId": 22, "volume": 16.0, "cachingTime": 1561655286.206871, "cachingTimeXML": 1561655289.414521, "inProcess": [500000, 500001], "outProcess": [500003, 500004, 500259, 500107], "isRaw": 1}