{"name": "Compressed Crimson Arkonor", "buy": 340007.01, "sell": 373160.2, "base": 2191750.0, "itemId": 28385, "volume": 8.8, "cachingTime": 1561655286.206878, "cachingTimeXML": 1561655289.414528, "inProcess": [500000, 500108], "outProcess": [500003, 500004, 500261]}