{"name": "Compressed Flawless Arkonor", "buy": 358484.29, "sell": 359093.49, "base": -1.0, "itemId": 46691, "volume": 8.8, "cachingTime": 1561655286.2068732, "cachingTimeXML": 1561655289.414523, "inProcess": [500000, 500109], "outProcess": [500003, 500004, 500262]}