{"name": "Compressed Prime Arkonor", "buy": 350002.58, "sell": 392988.96, "base": 2308080.0, "itemId": 28387, "volume": 8.8, "cachingTime": 1561655286.206878, "cachingTimeXML": 1561655289.414529, "inProcess": [500000, 500110], "outProcess": [500003, 500004, 500263]}