{"name": "Prime Arkonor", "buy": 2613.55, "sell": 33737.16, "base": -1.0, "itemId": 17426, "volume": 16.0, "cachingTime": 1561655286.206872, "cachingTimeXML": 1561655289.4145222, "inProcess": [500000, 500001], "outProcess": [500003, 500004, 500266, 500110], "isRaw": 1}