{"name": "Bacteria", "buy": 292.88, "sell": 311.7, "base": 400.0, "itemId": 2393, "volume": 0.38, "cachingTime": 1561903189.875016, "cachingTimeXML": 1561655289.4144452, "inProcess": [500000, 500002, 500005, 500035], "outProcess": [500003, 500004, 500002, 500005, 500030, 500055, 500070, 500061, 500072]}