{"name": "Biofuels", "buy": 193.19, "sell": 183.73, "base": 400.0, "itemId": 2396, "volume": 0.38, "cachingTime": 1561903189.875013, "cachingTimeXML": 1561655289.414442, "inProcess": [500000, 500002, 500005, 500036], "outProcess": [500003, 500004, 500002, 500005, 500050, 500064, 500057]}