{"name": "Biomass", "buy": 637.35, "sell": 593.88, "base": 400.0, "itemId": 3779, "volume": 0.38, "cachingTime": 1561903189.875006, "cachingTimeXML": 1561655289.414436, "inProcess": [500000, 500002, 500005, 500037], "outProcess": [500003, 500004, 500002, 500005, 500056, 500068, 500072]}