{"name": "Chiral Structures", "buy": 927.31, "sell": 892.06, "base": 400.0, "itemId": 2401, "volume": 0.38, "cachingTime": 1561903189.875005, "cachingTimeXML": 1561655289.414434, "inProcess": [500000, 500002, 500005, 500038], "outProcess": [500003, 500004, 500002, 500005, 500060, 500052, 500071]}