{"name": "Oxygen", "buy": 347.17, "sell": 294.34, "base": 400.0, "itemId": 3683, "volume": 0.38, "cachingTime": 1561903189.8750021, "cachingTimeXML": 1561655289.414432, "inProcess": [500000, 500002, 500005, 500042], "outProcess": [500003, 500004, 500002, 500005, 500069, 500068, 500062, 500007, 500006, 500009, 500008]}