{"name": "Plasmoids", "buy": 565.95, "sell": 493.1, "base": 400.0, "itemId": 2389, "volume": 0.38, "cachingTime": 1561903189.875019, "cachingTimeXML": 1561655289.414447, "inProcess": [500000, 500002, 500005, 500043], "outProcess": [500003, 500004, 500002, 500005, 500065, 500067, 500071]}