{"name": "Proteins", "buy": 761.16, "sell": 766.08, "base": 400.0, "itemId": 2395, "volume": 0.38, "cachingTime": 1561903189.875011, "cachingTimeXML": 1561655289.4144409, "inProcess": [500000, 500002, 500005, 500045], "outProcess": [500003, 500004, 500002, 500005, 500056, 500055, 500057]}