{"name": "Compressed Omber", "buy": 10322.22, "sell": 12983.74, "base": 1668750.0, "itemId": 28416, "volume": 0.3, "cachingTime": 1561903189.875166, "cachingTimeXML": 1561655289.4145842, "inProcess": [500000, 500147], "outProcess": [500003, 500004, 500338]}