{"name": "Golden Omber", "buy": 43.8, "sell": 47.33, "base": -1.0, "itemId": 17868, "volume": 0.6, "cachingTime": 1561903189.8751621, "cachingTimeXML": 1561655289.4145799, "inProcess": [500000, 500001], "outProcess": [500003, 500004, 500341, 500146], "isRaw": 1}