{"name": "Omber", "buy": 89.62, "sell": 86.29, "base": -1.0, "itemId": 1227, "volume": 0.6, "cachingTime": 1561903189.875167, "cachingTimeXML": 1561655289.414586, "inProcess": [500000, 500001], "outProcess": [500003, 500004, 500342, 500147], "isRaw": 1}