{"name": "Intact Hull Section", "buy": 40077675.77, "sell": 48254143.74, "base": -1.0, "itemId": 30752, "volume": 50.0, "cachingTime": 1559934619.862978, "cachingTimeXML": 1559804994.496808, "inProcess": [500000, 500001], "outProcess": [500003, 500004], "isRaw": 1}