{"name": "Intact Power Cores", "buy": 2000025.16, "sell": 3900019.92, "base": -1.0, "itemId": 30582, "volume": 10.0, "cachingTime": 1559934619.862984, "cachingTimeXML": 1559804994.4968152, "inProcess": [500000, 500001], "outProcess": [500003, 500004], "isRaw": 1}