{"name": "Intact Armor Nanobot", "buy": 15200000.0, "sell": 19999993.99, "base": -1.0, "itemId": 30614, "volume": 10.0, "cachingTime": 1559934619.862978, "cachingTimeXML": 1559804994.4968069, "inProcess": [500000, 500001], "outProcess": [500003, 500004], "isRaw": 1}