{"name": "Intact Weapon Subroutines", "buy": 7406000.0, "sell": 11699999.98, "base": -1.0, "itemId": 30628, "volume": 10.0, "cachingTime": 1559934619.862974, "cachingTimeXML": 1559804994.4968011, "inProcess": [500000, 500001], "outProcess": [500003, 500004], "isRaw": 1}