{"name": "Intact Armor Nanobot", "buy": 21000000.11, "sell": 3099999998.99, "base": -1.0, "itemId": 30614, "volume": 10.0, "cachingTime": 1561801604.7253873, "cachingTimeXML": 1561655289.4147258, "inProcess": [500000, 500001], "outProcess": [500003, 500004], "isRaw": 1}