{"name": "Intact Thruster Sections", "buy": 10101000.04, "sell": 18499999.5, "base": -1.0, "itemId": 30187, "volume": 10.0, "cachingTime": 1559934619.862983, "cachingTimeXML": 1559804994.496814, "inProcess": [500000, 500001], "outProcess": [500003, 500004], "isRaw": 1}