{"name": "Intact Weapon Subroutines", "buy": 6309003.92, "sell": 11198873.81, "base": -1.0, "itemId": 30628, "volume": 10.0, "cachingTime": 1561801604.7253873, "cachingTimeXML": 1561655289.41472, "inProcess": [500000, 500001], "outProcess": [500003, 500004], "isRaw": 1}