{"name": "Malfunctioning Hull Section", "buy": 16000000.08, "sell": 20199996.63, "base": -1.0, "itemId": 30753, "volume": 50.0, "cachingTime": 1561801604.7253873, "cachingTimeXML": 1561655289.4147289, "inProcess": [500000, 500001], "outProcess": [500003, 500004], "isRaw": 1}