{"name": "Malfunctioning Power Cores", "buy": 1101000.7, "sell": 1523424.23, "base": -1.0, "itemId": 30586, "volume": 10.0, "cachingTime": 1559934619.862974, "cachingTimeXML": 1559804994.496802, "inProcess": [500000, 500001], "outProcess": [500003, 500004], "isRaw": 1}