{"name": "Malfunctioning Weapon Subroutines", "buy": 1402000.26, "sell": 2001380.74, "base": -1.0, "itemId": 30632, "volume": 10.0, "cachingTime": 1561801604.7253873, "cachingTimeXML": 1561655289.414731, "inProcess": [500000, 500001], "outProcess": [500003, 500004], "isRaw": 1}