{"name": "Malfunctioning Weapon Subroutines", "buy": 1800005.07, "sell": 2734532.74, "base": -1.0, "itemId": 30632, "volume": 10.0, "cachingTime": 1559934619.862981, "cachingTimeXML": 1559804994.496811, "inProcess": [500000, 500001], "outProcess": [500003, 500004], "isRaw": 1}