{"name": "Malfunctioning Power Cores", "buy": 810004.17, "sell": 1188998.37, "base": -1.0, "itemId": 30586, "volume": 10.0, "cachingTime": 1561801604.7253873, "cachingTimeXML": 1561655289.414721, "inProcess": [500000, 500001], "outProcess": [500003, 500004], "isRaw": 1}