{"name": "Malfunctioning Hull Section", "buy": 15000052.24, "sell": 16621064.19, "base": -1.0, "itemId": 30753, "volume": 50.0, "cachingTime": 1559934619.8629801, "cachingTimeXML": 1559804994.496809, "inProcess": [500000, 500001], "outProcess": [500003, 500004], "isRaw": 1}