{"name": "Malfunctioning Thruster Sections", "buy": 5500000.03, "sell": 6090741.3, "base": -1.0, "itemId": 30558, "volume": 10.0, "cachingTime": 1559934619.8629792, "cachingTimeXML": 1559804994.496808, "inProcess": [500000, 500001], "outProcess": [500003, 500004], "isRaw": 1}