{"name": "Malfunctioning Armor Nanobot", "buy": 2800000.04, "sell": 3893132.49, "base": -1.0, "itemId": 30615, "volume": 10.0, "cachingTime": 1559934619.862977, "cachingTimeXML": 1559804994.496806, "inProcess": [500000, 500001], "outProcess": [500003, 500004], "isRaw": 1}