{"name": "Malfunctioning Thruster Sections", "buy": 4000000.0, "sell": 3900099.91, "base": -1.0, "itemId": 30558, "volume": 10.0, "cachingTime": 1561801604.7253873, "cachingTimeXML": 1561655289.4147289, "inProcess": [500000, 500001], "outProcess": [500003, 500004], "isRaw": 1}