{"name": "Small Malfunctioning Hull Section", "buy": 22000322.87, "sell": 23375000.0, "base": -1.0, "itemId": 34414, "volume": 20.0, "cachingTime": 1559934619.862976, "cachingTimeXML": 1559804994.496803, "inProcess": [500000, 500001], "outProcess": [500003, 500004], "isRaw": 1}