{"name": "Small Intact Hull Section", "buy": 68510004.09, "sell": 88199764.3, "base": -1.0, "itemId": 34412, "volume": 20.0, "cachingTime": 1559934619.8629818, "cachingTimeXML": 1559804994.496813, "inProcess": [500000, 500001], "outProcess": [500003, 500004], "isRaw": 1}