{"name": "Small Malfunctioning Hull Section", "buy": 22134053.13, "sell": 22399999.99, "base": -1.0, "itemId": 34414, "volume": 20.0, "cachingTime": 1561801604.7253873, "cachingTimeXML": 1561655289.4147232, "inProcess": [500000, 500001], "outProcess": [500003, 500004], "isRaw": 1}