{"name": "Small Wrecked Hull Section", "buy": 4111902.2, "sell": 4791666.5, "base": -1.0, "itemId": 34416, "volume": 20.0, "cachingTime": 1559934619.862981, "cachingTimeXML": 1559804994.496812, "inProcess": [500000, 500001], "outProcess": [500003, 500004], "isRaw": 1}