{"name": "Small Wrecked Hull Section", "buy": 4166022.78, "sell": 4600484.76, "base": -1.0, "itemId": 34416, "volume": 20.0, "cachingTime": 1561801604.7253873, "cachingTimeXML": 1561655289.414732, "inProcess": [500000, 500001], "outProcess": [500003, 500004], "isRaw": 1}