{"name": "Small Intact Hull Section", "buy": 69200000.0, "sell": 70599999.99, "base": -1.0, "itemId": 34412, "volume": 20.0, "cachingTime": 1561801604.7253873, "cachingTimeXML": 1561655289.4147332, "inProcess": [500000, 500001], "outProcess": [500003, 500004], "isRaw": 1}