{"name": "Wrecked Armor Nanobot", "buy": 72651.35, "sell": 132373.51, "base": -1.0, "itemId": 30618, "volume": 10.0, "cachingTime": 1561801604.7253873, "cachingTimeXML": 1561655289.414722, "inProcess": [500000, 500001], "outProcess": [500003, 500004], "isRaw": 1}