{"name": "Wrecked Power Cores", "buy": 34118.68, "sell": 109298.1, "base": -1.0, "itemId": 30588, "volume": 10.0, "cachingTime": 1559934619.862977, "cachingTimeXML": 1559804994.4968052, "inProcess": [500000, 500001], "outProcess": [500003, 500004], "isRaw": 1}