{"name": "Wrecked Weapon Subroutines", "buy": 45304.28, "sell": 85507.18, "base": -1.0, "itemId": 30633, "volume": 10.0, "cachingTime": 1559934619.862976, "cachingTimeXML": 1559804994.496804, "inProcess": [500000, 500001], "outProcess": [500003, 500004], "isRaw": 1}