{"name": "Wrecked Thruster Sections", "buy": 50241.59, "sell": 243505.62, "base": -1.0, "itemId": 30562, "volume": 10.0, "cachingTime": 1559934619.8629801, "cachingTimeXML": 1559804994.49681, "inProcess": [500000, 500001], "outProcess": [500003, 500004], "isRaw": 1}