{"name": "Wrecked Hull Section", "buy": 429049.15, "sell": 1656248.77, "base": -1.0, "itemId": 30754, "volume": 50.0, "cachingTime": 1559934619.8629818, "cachingTimeXML": 1559804994.496813, "inProcess": [500000, 500001], "outProcess": [500003, 500004], "isRaw": 1}