{"name": "Wrecked Armor Nanobot", "buy": 95696.04, "sell": 134364.21, "base": -1.0, "itemId": 30618, "volume": 10.0, "cachingTime": 1559934619.862975, "cachingTimeXML": 1559804994.496803, "inProcess": [500000, 500001], "outProcess": [500003, 500004], "isRaw": 1}