{"name": "Wrecked Hull Section", "buy": 1510012.37, "sell": 1611999.99, "base": -1.0, "itemId": 30754, "volume": 50.0, "cachingTime": 1561801604.7253873, "cachingTimeXML": 1561655289.4147341, "inProcess": [500000, 500001], "outProcess": [500003, 500004], "isRaw": 1}