{"name": "Wrecked Thruster Sections", "buy": 37096.81, "sell": 164507.09, "base": -1.0, "itemId": 30562, "volume": 10.0, "cachingTime": 1561801604.7253873, "cachingTimeXML": 1561655289.41473, "inProcess": [500000, 500001], "outProcess": [500003, 500004], "isRaw": 1}