{"name": "Proteus Core - Electronic Efficiency Gate", "buy": 10671224.23, "sell": 14147206.54, "base": 20065362.91, "itemId": 45628, "volume": 40.0, "cachingTime": 1561903189.875393, "cachingTimeXML": 1561655289.414837, "inProcess": [500000, 500204], "outProcess": [500003, 500004], "isFinal": 1}