{"name": "Proteus Core - Augmented Fusion Reactor", "buy": 29000030.44, "sell": 30093664.33, "base": 20065362.91, "itemId": 45629, "volume": 40.0, "cachingTime": 1561903189.875394, "cachingTimeXML": 1561655289.414839, "inProcess": [500000, 500203], "outProcess": [500003, 500004], "isFinal": 1}