{"name": "Proteus Core - Friction Extension Processor", "buy": 27684000.09, "sell": 27371396.97, "base": 20065362.91, "itemId": 45630, "volume": 40.0, "cachingTime": 1561903189.875393, "cachingTimeXML": 1561655289.414838, "inProcess": [500000, 500205], "outProcess": [500003, 500004], "isFinal": 1}