{"name": "Biotech Research Reports", "buy": 85579.97, "sell": 93474.85, "base": 60000.0, "itemId": 2358, "volume": 6.0, "cachingTime": 1559934619.862773, "cachingTimeXML": 1559804994.4966028, "inProcess": [500000, 500002, 500005, 500074], "outProcess": [500003, 500004, 500002, 500005, 500034]}