{"name": "Camera Drones", "buy": 72300.0, "sell": 77335.83, "base": 60000.0, "itemId": 2345, "volume": 6.0, "cachingTime": 1559934619.862773, "cachingTimeXML": 1559804994.496604, "inProcess": [500000, 500002, 500005, 500075], "outProcess": [500003, 500004, 500002, 500005, 500032]}