{"name": "Condensates", "buy": 48334.69, "sell": 45110.36, "base": 60000.0, "itemId": 2344, "volume": 6.0, "cachingTime": 1559934619.8627698, "cachingTimeXML": 1559804994.4966002, "inProcess": [500000, 500002, 500005, 500076], "outProcess": [500003, 500004, 500002, 500005, 500030]}