{"name": "Cryoprotectant Solution", "buy": 100505.36, "sell": 106186.72, "base": 60000.0, "itemId": 2367, "volume": 6.0, "cachingTime": 1559934619.8627682, "cachingTimeXML": 1559804994.496599, "inProcess": [500000, 500002, 500005, 500077], "outProcess": [500003, 500004, 500002, 500005, 500034]}