{"name": "Data Chips", "buy": 95845.31, "sell": 100111.18, "base": 60000.0, "itemId": 17392, "volume": 6.0, "cachingTime": 1561801604.7253873, "cachingTimeXML": 1561655289.4143848, "inProcess": [500000, 500002, 500005, 500078], "outProcess": [500003, 500004, 500002, 500005, 500027]}