{"name": "Data Chips", "buy": 100940.08, "sell": 100616.23, "base": 60000.0, "itemId": 17392, "volume": 6.0, "cachingTime": 1559934619.862772, "cachingTimeXML": 1559804994.496602, "inProcess": [500000, 500002, 500005, 500078], "outProcess": [500003, 500004, 500002, 500005, 500027]}