{"name": "Gel-Matrix Biopaste", "buy": 108220.58, "sell": 112886.36, "base": 60000.0, "itemId": 2348, "volume": 6.0, "cachingTime": 1559934619.862765, "cachingTimeXML": 1559804994.496597, "inProcess": [500000, 500002, 500005, 500079], "outProcess": [500003, 500004, 500002, 500005, 500028]}