{"name": "Gel-Matrix Biopaste", "buy": 111121.39, "sell": 112949.5, "base": 60000.0, "itemId": 2348, "volume": 6.0, "cachingTime": 1561801604.7253873, "cachingTimeXML": 1561655289.4143748, "inProcess": [500000, 500002, 500005, 500079], "outProcess": [500003, 500004, 500002, 500005, 500028]}