{"name": "Guidance Systems", "buy": 93720.91, "sell": 102684.28, "base": 60000.0, "itemId": 9834, "volume": 6.0, "cachingTime": 1559934619.8627672, "cachingTimeXML": 1559804994.496599, "inProcess": [500000, 500002, 500005, 500080], "outProcess": [500003, 500004, 500002, 500005, 500031]}