{"name": "Guidance Systems", "buy": 92115.84, "sell": 126628.3, "base": 60000.0, "itemId": 9834, "volume": 6.0, "cachingTime": 1561801604.7253873, "cachingTimeXML": 1561655289.414377, "inProcess": [500000, 500002, 500005, 500080], "outProcess": [500003, 500004, 500002, 500005, 500031]}