{"name": "Hazmat Detection Systems", "buy": 111547.73, "sell": 127985.67, "base": 60000.0, "itemId": 2366, "volume": 6.0, "cachingTime": 1559934619.862771, "cachingTimeXML": 1559804994.496601, "inProcess": [500000, 500002, 500005, 500081], "outProcess": [500003, 500004, 500002, 500005, 500028]}