{"name": "Hazmat Detection Systems", "buy": 109100.37, "sell": 119778.11, "base": 60000.0, "itemId": 2366, "volume": 6.0, "cachingTime": 1561801604.7253873, "cachingTimeXML": 1561655289.414382, "inProcess": [500000, 500002, 500005, 500081], "outProcess": [500003, 500004, 500002, 500005, 500028]}