{"name": "Hermetic Membranes", "buy": 108007.93, "sell": 102043.95, "base": 60000.0, "itemId": 2361, "volume": 6.0, "cachingTime": 1559934619.862777, "cachingTimeXML": 1559804994.496607, "inProcess": [500000, 500002, 500005, 500082], "outProcess": [500003, 500004, 500002, 500005, 500032]}