{"name": "Hermetic Membranes", "buy": 100183.15, "sell": 104224.21, "base": 60000.0, "itemId": 2361, "volume": 6.0, "cachingTime": 1561801604.7253873, "cachingTimeXML": 1561655289.4143932, "inProcess": [500000, 500002, 500005, 500082], "outProcess": [500003, 500004, 500002, 500005, 500032]}