{"name": "High-Tech Transmitters", "buy": 83346.26, "sell": 95725.34, "base": 60000.0, "itemId": 17898, "volume": 6.0, "cachingTime": 1559934619.862779, "cachingTimeXML": 1559804994.496608, "inProcess": [500000, 500002, 500005, 500083], "outProcess": [500003, 500004, 500002, 500005, 500027]}