{"name": "Industrial Explosives", "buy": 71729.98, "sell": 77852.49, "base": 60000.0, "itemId": 2360, "volume": 6.0, "cachingTime": 1559934619.8627741, "cachingTimeXML": 1559804994.496604, "inProcess": [500000, 500002, 500005, 500084], "outProcess": [500003, 500004, 500002, 500005, 500029]}