{"name": "Neocoms", "buy": 75935.16, "sell": 81714.13, "base": 60000.0, "itemId": 2354, "volume": 6.0, "cachingTime": 1559934619.862776, "cachingTimeXML": 1559804994.4966059, "inProcess": [500000, 500002, 500005, 500085], "outProcess": [500003, 500004, 500002, 500005, 500027]}