{"name": "Nuclear Reactors", "buy": 84224.9, "sell": 89330.01, "base": 60000.0, "itemId": 2352, "volume": 6.0, "cachingTime": 1559934619.862771, "cachingTimeXML": 1559804994.496602, "inProcess": [500000, 500002, 500005, 500086], "outProcess": [500003, 500004, 500002, 500005, 500032]}