{"name": "Nuclear Reactors", "buy": 82516.94, "sell": 83804.89, "base": 60000.0, "itemId": 2352, "volume": 6.0, "cachingTime": 1561801604.7253873, "cachingTimeXML": 1561655289.4143832, "inProcess": [500000, 500002, 500005, 500086], "outProcess": [500003, 500004, 500002, 500005, 500032]}