{"name": "Planetary Vehicles", "buy": 115011.02, "sell": 129263.82, "base": 60000.0, "itemId": 9846, "volume": 6.0, "cachingTime": 1561801604.7253873, "cachingTimeXML": 1561655289.414397, "inProcess": [500000, 500002, 500005, 500087], "outProcess": [500003, 500004, 500002, 500005, 500028]}