{"name": "Planetary Vehicles", "buy": 109087.94, "sell": 123667.21, "base": 60000.0, "itemId": 9846, "volume": 6.0, "cachingTime": 1559934619.8627799, "cachingTimeXML": 1559804994.496609, "inProcess": [500000, 500002, 500005, 500087], "outProcess": [500003, 500004, 500002, 500005, 500028]}