{"name": "Robotics", "buy": 103014.51, "sell": 97781.61, "base": 60000.0, "itemId": 9848, "volume": 6.0, "cachingTime": 1559934619.8627672, "cachingTimeXML": 1559804994.496598, "inProcess": [500000, 500002, 500005, 500088], "outProcess": [500003, 500004, 500002, 500005, 500030, 500007, 500006, 500009, 500008]}