{"name": "Smartfab Units", "buy": 91111.81, "sell": 84393.58, "base": 60000.0, "itemId": 2351, "volume": 6.0, "cachingTime": 1559934619.8627808, "cachingTimeXML": 1559804994.496609, "inProcess": [500000, 500002, 500005, 500089], "outProcess": [500003, 500004, 500002, 500005, 500033]}