{"name": "Supercomputers", "buy": 109000.06, "sell": 110332.16, "base": 60000.0, "itemId": 2349, "volume": 6.0, "cachingTime": 1559934619.862775, "cachingTimeXML": 1559804994.496605, "inProcess": [500000, 500002, 500005, 500090], "outProcess": [500003, 500004, 500002, 500005, 500034]}