{"name": "Supercomputers", "buy": 105858.88, "sell": 111543.28, "base": 60000.0, "itemId": 2349, "volume": 6.0, "cachingTime": 1561801604.7253873, "cachingTimeXML": 1561655289.414389, "inProcess": [500000, 500002, 500005, 500090], "outProcess": [500003, 500004, 500002, 500005, 500034]}