{"name": "Synthetic Synapses", "buy": 76861.16, "sell": 79124.66, "base": 60000.0, "itemId": 2346, "volume": 6.0, "cachingTime": 1559934619.8627641, "cachingTimeXML": 1559804994.4965959, "inProcess": [500000, 500002, 500005, 500091], "outProcess": [500003, 500004, 500002, 500005, 500031]}