{"name": "Transcranial Microcontrollers", "buy": 71944.38, "sell": 74670.57, "base": 60000.0, "itemId": 12836, "volume": 6.0, "cachingTime": 1559934619.8627782, "cachingTimeXML": 1559804994.496608, "inProcess": [500000, 500002, 500005, 500092], "outProcess": [500003, 500004, 500002, 500005, 500031]}