{"name": "Transcranial Microcontrollers", "buy": 70779.75, "sell": 72564.07, "base": 60000.0, "itemId": 12836, "volume": 6.0, "cachingTime": 1561801604.7253873, "cachingTimeXML": 1561655289.4143941, "inProcess": [500000, 500002, 500005, 500092], "outProcess": [500003, 500004, 500002, 500005, 500031]}