{"name": "Ukomi Superconductors", "buy": 54101.11, "sell": 52532.15, "base": 60000.0, "itemId": 17136, "volume": 6.0, "cachingTime": 1559934619.862769, "cachingTimeXML": 1559804994.4966002, "inProcess": [500000, 500002, 500005, 500093], "outProcess": [500003, 500004, 500002, 500005, 500029]}