{"name": "Vaccines", "buy": 69600.0, "sell": 65726.81, "base": 60000.0, "itemId": 28974, "volume": 6.0, "cachingTime": 1559934619.862776, "cachingTimeXML": 1559804994.4966059, "inProcess": [500000, 500002, 500005, 500094], "outProcess": [500003, 500004, 500002, 500005, 500033]}