{"name": "Broadcast Node", "buy": 1832606.18, "sell": 1993805.73, "base": 1200000.0, "itemId": 2867, "volume": 100.0, "cachingTime": 1561655286.206749, "cachingTimeXML": 1561655289.414367, "inProcess": [500000, 500002, 500005, 500027], "outProcess": [500003, 500004, 500002, 500005], "isFinal": 1}