{"name": "Nano-Factory", "buy": 964973.64, "sell": 1028334.09, "base": 1200000.0, "itemId": 2869, "volume": 100.0, "cachingTime": 1561655286.206752, "cachingTimeXML": 1561655289.41437, "inProcess": [500000, 500002, 500005, 500029], "outProcess": [500003, 500004, 500002, 500005], "isFinal": 1}