{"name": "Recursive Computing Module", "buy": 1631701.04, "sell": 1645491.97, "base": 1200000.0, "itemId": 2871, "volume": 100.0, "cachingTime": 1561655286.206748, "cachingTimeXML": 1561655289.4143648, "inProcess": [500000, 500002, 500005, 500031], "outProcess": [500003, 500004, 500002, 500005], "isFinal": 1}