{"name": "Sterile Conduits", "buy": 1310007.01, "sell": 1376712.05, "base": 1200000.0, "itemId": 2875, "volume": 100.0, "cachingTime": 1561655286.2067509, "cachingTimeXML": 1561655289.414369, "inProcess": [500000, 500002, 500005, 500033], "outProcess": [500003, 500004, 500002, 500005], "isFinal": 1}