{"name": "Wetware Mainframe", "buy": 2080002.3, "sell": 2126158.82, "base": 1200000.0, "itemId": 2876, "volume": 100.0, "cachingTime": 1561655286.20675, "cachingTimeXML": 1561655289.414368, "inProcess": [500000, 500002, 500005, 500034], "outProcess": [500003, 500004, 500002, 500005], "isFinal": 1}