{"name": "Proteus", "buy": 139000019.6, "sell": 149322002.61, "base": 97886921.1, "itemId": 29988, "volume": 5000.0, "cachingTime": 1561801604.7253873, "cachingTimeXML": 1561655289.414203, "inProcess": [500000, 500229], "outProcess": [500003, 500004], "isFinal": 1}