{"name": "Proteus", "buy": 127589253.93, "sell": 139633512.76, "base": 97886921.1, "itemId": 29988, "volume": 5000.0, "cachingTime": 1559934619.862648, "cachingTimeXML": 1559804994.496493, "inProcess": [500000, 500229], "outProcess": [500003, 500004], "isFinal": 1}