{"name": "Intact Weapon Subroutines", "buy": 6300727.3, "sell": 11198873.99, "base": -1.0, "itemId": 30628, "volume": 10.0, "cachingTime": 1561742489.7624729, "cachingTimeXML": 1561655289.41472, "inProcess": [500000, 500001], "outProcess": [500003, 500004], "isRaw": 1}