{"name": "Intact Hull Section", "buy": 44000002.25, "sell": 48750000.0, "base": -1.0, "itemId": 30752, "volume": 50.0, "cachingTime": 1561742489.762478, "cachingTimeXML": 1561655289.414728, "inProcess": [500000, 500001], "outProcess": [500003, 500004], "isRaw": 1}