{"name": "Intact Power Cores", "buy": 2255000.6, "sell": 3999999.0, "base": -1.0, "itemId": 30582, "volume": 10.0, "cachingTime": 1561742489.762483, "cachingTimeXML": 1561655289.414735, "inProcess": [500000, 500001], "outProcess": [500003, 500004], "isRaw": 1}