{"name": "Intact Thruster Sections", "buy": 24000000.0, "sell": 27299999.78, "base": -1.0, "itemId": 30187, "volume": 10.0, "cachingTime": 1561742489.762482, "cachingTimeXML": 1561655289.414735, "inProcess": [500000, 500001], "outProcess": [500003, 500004], "isRaw": 1}