{"name": "Intact Armor Nanobot", "buy": 21000000.0, "sell": 19998000.0, "base": -1.0, "itemId": 30614, "volume": 10.0, "cachingTime": 1561742489.7624772, "cachingTimeXML": 1561655289.4147258, "inProcess": [500000, 500001], "outProcess": [500003, 500004], "isRaw": 1}