{"name": "Malfunctioning Weapon Subroutines", "buy": 1302000.2, "sell": 2002403.36, "base": -1.0, "itemId": 30632, "volume": 10.0, "cachingTime": 1561742489.76248, "cachingTimeXML": 1561655289.414731, "inProcess": [500000, 500001], "outProcess": [500003, 500004], "isRaw": 1}