{"name": "Malfunctioning Thruster Sections", "buy": 3503000.16, "sell": 4500111.01, "base": -1.0, "itemId": 30558, "volume": 10.0, "cachingTime": 1561742489.762478, "cachingTimeXML": 1561655289.4147289, "inProcess": [500000, 500001], "outProcess": [500003, 500004], "isRaw": 1}