{"name": "Malfunctioning Power Cores", "buy": 810000.93, "sell": 1184399.27, "base": -1.0, "itemId": 30586, "volume": 10.0, "cachingTime": 1561742489.762474, "cachingTimeXML": 1561655289.414721, "inProcess": [500000, 500001], "outProcess": [500003, 500004], "isRaw": 1}