{"name": "Wrecked Power Cores", "buy": 44966.38, "sell": 87349.07, "base": -1.0, "itemId": 30588, "volume": 10.0, "cachingTime": 1561742489.762476, "cachingTimeXML": 1561655289.414725, "inProcess": [500000, 500001], "outProcess": [500003, 500004], "isRaw": 1}