{"name": "Wrecked Hull Section", "buy": 1510037.12, "sell": 1636479.99, "base": -1.0, "itemId": 30754, "volume": 50.0, "cachingTime": 1561742489.762482, "cachingTimeXML": 1561655289.4147341, "inProcess": [500000, 500001], "outProcess": [500003, 500004], "isRaw": 1}