{"name": "Wrecked Armor Nanobot", "buy": 79311.08, "sell": 133525.52, "base": -1.0, "itemId": 30618, "volume": 10.0, "cachingTime": 1561742489.762474, "cachingTimeXML": 1561655289.414722, "inProcess": [500000, 500001], "outProcess": [500003, 500004], "isRaw": 1}