{"name": "Wrecked Weapon Subroutines", "buy": 48115.57, "sell": 100181.47, "base": -1.0, "itemId": 30633, "volume": 10.0, "cachingTime": 1561742489.762475, "cachingTimeXML": 1561655289.414724, "inProcess": [500000, 500001], "outProcess": [500003, 500004], "isRaw": 1}