{"name": "Compressed Obsidian Ochre", "buy": 100000.31, "sell": 109783.04, "base": 1155120.0, "itemId": 28395, "volume": 4.2, "cachingTime": 1561903189.875211, "cachingTimeXML": 1561655289.414647, "inProcess": [500000, 500121], "outProcess": [500003, 500004, 500285]}