{"name": "Compressed Jet Ochre", "buy": 100000.02, "sell": 135989.98, "base": -1.0, "itemId": 46694, "volume": 4.2, "cachingTime": 1561903189.875212, "cachingTimeXML": 1561655289.414648, "inProcess": [500000, 500120], "outProcess": [500003, 500004, 500284]}