{"name": "Compressed Onyx Ochre", "buy": 95101.03, "sell": 114373.79, "base": 790000.0, "itemId": 28396, "volume": 4.2, "cachingTime": 1561903189.8752131, "cachingTimeXML": 1561655289.414649, "inProcess": [500000, 500122], "outProcess": [500003, 500004, 500286]}