{"name": "Dark Ochre", "buy": 541.87, "sell": 981.85, "base": -1.0, "itemId": 1232, "volume": 8.0, "cachingTime": 1561903189.87521, "cachingTimeXML": 1561655289.414646, "inProcess": [500000, 500001], "outProcess": [500003, 500004, 500287, 500119], "isRaw": 1}