{"name": "Helium Isotopes", "buy": 687.77, "sell": 700.87, "base": -1.0, "itemId": 16274, "volume": 0.03, "cachingTime": 1561903189.875069, "cachingTimeXML": 1561655289.4144719, "inProcess": [500000, 500250, 500236, 500238, 500240], "outProcess": [500003, 500004, 500006]}