{"name": "Oxygen Isotopes", "buy": 691.33, "sell": 729.1, "base": -1.0, "itemId": 17887, "volume": 0.03, "cachingTime": 1561903189.875067, "cachingTimeXML": 1561655289.414471, "inProcess": [500000, 500235, 500257, 500237, 500247], "outProcess": [500003, 500004, 500009]}