{"name": "Ancient Radar Decorrelator", "buy": 5399.42, "sell": 8878.08, "base": -1.0, "itemId": 45662, "volume": 0.01, "cachingTime": 1561903189.8748631, "cachingTimeXML": 1561655289.414313, "inProcess": [500000, 500001], "outProcess": [500003, 500004, 500025, 500023, 500022, 500024], "isRaw": 1}