{"name": "Cartesian Temporal Coordinator", "buy": 9509.07, "sell": 16914.47, "base": -1.0, "itemId": 30024, "volume": 0.01, "cachingTime": 1561903189.87487, "cachingTimeXML": 1561655289.414321, "inProcess": [500000, 500001], "outProcess": [500003, 500004, 500011], "isRaw": 1}