{"name": "Central System Controller", "buy": 34140.03, "sell": 55527.32, "base": -1.0, "itemId": 30270, "volume": 0.01, "cachingTime": 1561903189.874864, "cachingTimeXML": 1561655289.414315, "inProcess": [500000, 500001], "outProcess": [500003, 500004, 500012, 500021], "isRaw": 1}