{"name": "Defensive Control Node", "buy": 22106.96, "sell": 34448.63, "base": -1.0, "itemId": 30269, "volume": 0.01, "cachingTime": 1561903189.8748648, "cachingTimeXML": 1561655289.414316, "inProcess": [500000, 500001], "outProcess": [500003, 500004, 500012, 500021], "isRaw": 1}