{"name": "Electromechanical Hull Sheeting", "buy": 2298.11, "sell": 3096.37, "base": -1.0, "itemId": 30254, "volume": 0.01, "cachingTime": 1561903189.8748732, "cachingTimeXML": 1561655289.414325, "inProcess": [500000, 500001], "outProcess": [500003, 500004, 500019, 500018, 500014, 500015, 500017, 500016, 500020, 500011, 500026], "isRaw": 1}