{"name": "Emergent Combat Analyzer", "buy": 45100.03, "sell": 79526.93, "base": -1.0, "itemId": 30248, "volume": 0.01, "cachingTime": 1561903189.874868, "cachingTimeXML": 1561655289.414319, "inProcess": [500000, 500001], "outProcess": [500003, 500004, 500026], "isRaw": 1}