{"name": "Emergent Combat Intelligence", "buy": 18800.6, "sell": 34797.15, "base": -1.0, "itemId": 30271, "volume": 0.01, "cachingTime": 1561903189.8748732, "cachingTimeXML": 1561655289.414324, "inProcess": [500000, 500001], "outProcess": [500003, 500004, 500012, 500021], "isRaw": 1}