{"name": "Fused Nanomechanical Engines", "buy": 27251.01, "sell": 48973.2, "base": -1.0, "itemId": 30018, "volume": 0.01, "cachingTime": 1561903189.874872, "cachingTimeXML": 1561655289.4143229, "inProcess": [500000, 500001], "outProcess": [500003, 500004, 500018], "isRaw": 1}