{"name": "Heuristic Selfassemblers", "buy": 161000.05, "sell": 178912.03, "base": -1.0, "itemId": 30022, "volume": 0.01, "cachingTime": 1561903189.8748748, "cachingTimeXML": 1561655289.414326, "inProcess": [500000, 500001], "outProcess": [500003, 500004, 500021, 500020], "isRaw": 1}