{"name": "Mutaplasmid Residue", "buy": 0.0, "sell": 0.0, "base": -1.0, "itemId": 48080, "volume": 0.01, "cachingTime": 1561903189.874882, "cachingTimeXML": 1561655289.4143329, "inProcess": [500000, 500001], "outProcess": [500003, 500004], "isRaw": 1, "isFinal": 1}