{"name": "Powdered C-540 Graphite", "buy": 5092.19, "sell": 6457.14, "base": -1.0, "itemId": 30019, "volume": 0.01, "cachingTime": 1561903189.874867, "cachingTimeXML": 1561655289.414318, "inProcess": [500000, 500001], "outProcess": [500003, 500004, 500019, 500018, 500014, 500017, 500020, 500011, 500026, 500013], "isRaw": 1}