{"name": "Resonance Calibration Matrix", "buy": 47531.38, "sell": 84906.37, "base": -1.0, "itemId": 30258, "volume": 0.01, "cachingTime": 1561903189.874876, "cachingTimeXML": 1561655289.414328, "inProcess": [500000, 500001], "outProcess": [500003, 500004, 500019], "isRaw": 1}