{"name": "Synthetic Aperture Ladar Receiver", "buy": 100000.71, "sell": 135078.78, "base": -1.0, "itemId": 45663, "volume": 0.01, "cachingTime": 1561903189.874879, "cachingTimeXML": 1561655289.414331, "inProcess": [500000, 500001], "outProcess": [500003, 500004, 500025, 500023, 500022, 500024], "isRaw": 1}