{"name": "Thermoelectric Catalysts", "buy": 28931.45, "sell": 48842.93, "base": -1.0, "itemId": 30252, "volume": 0.01, "cachingTime": 1561903189.8748748, "cachingTimeXML": 1561655289.4143271, "inProcess": [500000, 500001], "outProcess": [500003, 500004, 500012, 500021], "isRaw": 1}