{"name": "Nitrogen Isotopes", "buy": 602.03, "sell": 641.38, "base": -1.0, "itemId": 17888, "volume": 0.03, "cachingTime": 1561742489.762335, "cachingTimeXML": 1561655289.414474, "inProcess": [500000, 500255, 500245, 500258, 500248], "outProcess": [500003, 500004, 500008]}