{"name": "Oxygen Isotopes", "buy": 696.55, "sell": 722.85, "base": -1.0, "itemId": 17887, "volume": 0.03, "cachingTime": 1561742489.762333, "cachingTimeXML": 1561655289.414471, "inProcess": [500000, 500235, 500257, 500237, 500247], "outProcess": [500003, 500004, 500009]}