{"name": "Datacore - Nanite Engineering", "buy": 89462.15, "sell": 93738.43, "base": -1.0, "itemId": 20416, "volume": 0.1, "cachingTime": 1561903189.87533, "cachingTimeXML": 1561655289.414759, "inProcess": [500000, 500001], "outProcess": [500003, 500004], "isRaw": 1}