{"name": "Datacore - Gallentean Starship Engineering", "buy": 81735.84, "sell": 88347.24, "base": -1.0, "itemId": 20410, "volume": 0.1, "cachingTime": 1561903189.875326, "cachingTimeXML": 1561655289.4147542, "inProcess": [500000, 500001], "outProcess": [500003, 500004], "isRaw": 1}