{"name": "Datacore - Hydromagnetic Physics", "buy": 110966.12, "sell": 109217.42, "base": -1.0, "itemId": 20171, "volume": 0.1, "cachingTime": 1561903189.875324, "cachingTimeXML": 1561655289.414751, "inProcess": [500000, 500001], "outProcess": [500003, 500004], "isRaw": 1}