{"name": "Datacore - Caldari Starship Engineering", "buy": 79582.98, "sell": 79767.0, "base": -1.0, "itemId": 25887, "volume": 0.1, "cachingTime": 1561903189.8753312, "cachingTimeXML": 1561655289.4147599, "inProcess": [500000, 500001], "outProcess": [500003, 500004], "isRaw": 1}