{"name": "Datacore - Offensive Subsystems Engineering", "buy": 7082.85, "sell": 10403.35, "base": -1.0, "itemId": 20425, "volume": 0.1, "cachingTime": 1561903189.875333, "cachingTimeXML": 1561655289.414763, "inProcess": [500000, 500001], "outProcess": [500003, 500004], "isRaw": 1}