{"name": "Datacore - Propulsion Subsystems Engineering", "buy": 9256.25, "sell": 36209.48, "base": -1.0, "itemId": 20114, "volume": 0.1, "cachingTime": 1561903189.8753338, "cachingTimeXML": 1561655289.414764, "inProcess": [500000, 500001], "outProcess": [500003, 500004], "isRaw": 1}