{"name": "Datacore - Core Subsystems Engineering", "buy": 4310.3, "sell": 6281.08, "base": -1.0, "itemId": 20115, "volume": 0.1, "cachingTime": 1561903189.8753228, "cachingTimeXML": 1561655289.414749, "inProcess": [500000, 500001], "outProcess": [500003, 500004], "isRaw": 1}