{"name": "Datacore - High Energy Physics", "buy": 86535.97, "sell": 92159.2, "base": -1.0, "itemId": 20411, "volume": 0.1, "cachingTime": 1561903189.8753228, "cachingTimeXML": 1561655289.4147499, "inProcess": [500000, 500001], "outProcess": [500003, 500004], "isRaw": 1}