{"name": "Datacore - Defensive Subsystems Engineering", "buy": 7248.22, "sell": 9520.06, "base": -1.0, "itemId": 11496, "volume": 0.1, "cachingTime": 1561903189.875335, "cachingTimeXML": 1561655289.414766, "inProcess": [500000, 500001], "outProcess": [500003, 500004], "isRaw": 1}