{"name": "Datacore - Electronic Engineering", "buy": 119081.75, "sell": 127327.59, "base": -1.0, "itemId": 20418, "volume": 0.1, "cachingTime": 1561903189.8753312, "cachingTimeXML": 1561655289.414761, "inProcess": [500000, 500001], "outProcess": [500003, 500004], "isRaw": 1}