{"name": "Datacore - Electromagnetic Physics", "buy": 111493.46, "sell": 130104.11, "base": -1.0, "itemId": 20417, "volume": 0.1, "cachingTime": 1561903189.875328, "cachingTimeXML": 1561655289.414756, "inProcess": [500000, 500001], "outProcess": [500003, 500004], "isRaw": 1}