{"name": "Datacore - Rocket Science", "buy": 89314.78, "sell": 91711.25, "base": -1.0, "itemId": 20420, "volume": 0.1, "cachingTime": 1561903189.875329, "cachingTimeXML": 1561655289.414757, "inProcess": [500000, 500001], "outProcess": [500003, 500004], "isRaw": 1}