{"name": "Datacore - Plasma Physics", "buy": 115001.35, "sell": 113180.69, "base": -1.0, "itemId": 20412, "volume": 0.1, "cachingTime": 1561903189.875325, "cachingTimeXML": 1561655289.414753, "inProcess": [500000, 500001], "outProcess": [500003, 500004], "isRaw": 1}