{"name": "Datacore - Mechanical Engineering", "buy": 44585.69, "sell": 45561.66, "base": -1.0, "itemId": 20424, "volume": 0.1, "cachingTime": 1561903189.875329, "cachingTimeXML": 1561655289.414758, "inProcess": [500000, 500001], "outProcess": [500003, 500004], "isRaw": 1}