{"name": "Datacore - Graviton Physics", "buy": 91498.05, "sell": 87199.99, "base": -1.0, "itemId": 20419, "volume": 0.1, "cachingTime": 1561903189.8753211, "cachingTimeXML": 1561655289.4147468, "inProcess": [500000, 500001], "outProcess": [500003, 500004], "isRaw": 1}