{"name": "Datacore - Molecular Engineering", "buy": 108573.46, "sell": 119368.62, "base": -1.0, "itemId": 20415, "volume": 0.1, "cachingTime": 1561903189.8753269, "cachingTimeXML": 1561655289.414755, "inProcess": [500000, 500001], "outProcess": [500003, 500004], "isRaw": 1}