{"name": "Datacore - Nuclear Physics", "buy": 91642.03, "sell": 99982.56, "base": -1.0, "itemId": 20423, "volume": 0.1, "cachingTime": 1561903189.8753338, "cachingTimeXML": 1561655289.4147651, "inProcess": [500000, 500001], "outProcess": [500003, 500004], "isRaw": 1}