{"name": "Datacore - Quantum Physics", "buy": 86902.23, "sell": 89438.73, "base": -1.0, "itemId": 20414, "volume": 0.1, "cachingTime": 1561903189.875332, "cachingTimeXML": 1561655289.414762, "inProcess": [500000, 500001], "outProcess": [500003, 500004], "isRaw": 1}