{"name": "Datacore - Minmatar Starship Engineering", "buy": 81858.55, "sell": 84562.7, "base": -1.0, "itemId": 20172, "volume": 0.1, "cachingTime": 1561903189.87532, "cachingTimeXML": 1561655289.414746, "inProcess": [500000, 500001], "outProcess": [500003, 500004], "isRaw": 1}