{"name": "Datacore - Amarrian Starship Engineering", "buy": 41489.94, "sell": 44994.16, "base": -1.0, "itemId": 20421, "volume": 0.1, "cachingTime": 1561903189.875322, "cachingTimeXML": 1561655289.414748, "inProcess": [500000, 500001], "outProcess": [500003, 500004], "isRaw": 1}