{"name": "Datacore - Molecular Engineering", "buy": 107719.75, "sell": 119734.02, "base": -1.0, "itemId": 20415, "volume": 0.1, "cachingTime": 1561655286.207037, "cachingTimeXML": 1561655289.414755, "inProcess": [500000, 500001], "outProcess": [500003, 500004], "isRaw": 1}