{"name": "Datacore - Core Subsystems Engineering", "buy": 4215.42, "sell": 6400.0, "base": -1.0, "itemId": 20115, "volume": 0.1, "cachingTime": 1561655286.2070332, "cachingTimeXML": 1561655289.414749, "inProcess": [500000, 500001], "outProcess": [500003, 500004], "isRaw": 1}