{"name": "Datacore - Laser Physics", "buy": 86199.02, "sell": 94877.48, "base": -1.0, "itemId": 20413, "volume": 0.1, "cachingTime": 1561655286.2070348, "cachingTimeXML": 1561655289.414752, "inProcess": [500000, 500001], "outProcess": [500003, 500004], "isRaw": 1}