{"name": "Datacore - Propulsion Subsystems Engineering", "buy": 9018.62, "sell": 41928.16, "base": -1.0, "itemId": 20114, "volume": 0.1, "cachingTime": 1561655286.2070441, "cachingTimeXML": 1561655289.414764, "inProcess": [500000, 500001], "outProcess": [500003, 500004], "isRaw": 1}