{"name": "Datacore - Amarrian Starship Engineering", "buy": 41631.11, "sell": 44991.6, "base": -1.0, "itemId": 20421, "volume": 0.1, "cachingTime": 1561655286.2070332, "cachingTimeXML": 1561655289.414748, "inProcess": [500000, 500001], "outProcess": [500003, 500004], "isRaw": 1}