{"name": "Datacore - Electronic Engineering", "buy": 120701.56, "sell": 129993.59, "base": -1.0, "itemId": 20418, "volume": 0.1, "cachingTime": 1561655286.207041, "cachingTimeXML": 1561655289.414761, "inProcess": [500000, 500001], "outProcess": [500003, 500004], "isRaw": 1}