{"name": "Datacore - Rocket Science", "buy": 89542.34, "sell": 92552.86, "base": -1.0, "itemId": 20420, "volume": 0.1, "cachingTime": 1561655286.2070389, "cachingTimeXML": 1561655289.414757, "inProcess": [500000, 500001], "outProcess": [500003, 500004], "isRaw": 1}