{"name": "Datacore - Nuclear Physics", "buy": 89081.38, "sell": 99982.89, "base": -1.0, "itemId": 20423, "volume": 0.1, "cachingTime": 1561655286.2070441, "cachingTimeXML": 1561655289.4147651, "inProcess": [500000, 500001], "outProcess": [500003, 500004], "isRaw": 1}