{"name": "Datacore - Plasma Physics", "buy": 113558.49, "sell": 122760.84, "base": -1.0, "itemId": 20412, "volume": 0.1, "cachingTime": 1561655286.207036, "cachingTimeXML": 1561655289.414753, "inProcess": [500000, 500001], "outProcess": [500003, 500004], "isRaw": 1}