{"name": "Datacore - Caldari Starship Engineering", "buy": 79518.81, "sell": 82959.67, "base": -1.0, "itemId": 25887, "volume": 0.1, "cachingTime": 1561655286.207041, "cachingTimeXML": 1561655289.4147599, "inProcess": [500000, 500001], "outProcess": [500003, 500004], "isRaw": 1}