{"name": "Datacore - Hydromagnetic Physics", "buy": 120820.88, "sell": 127440.51, "base": -1.0, "itemId": 20171, "volume": 0.1, "cachingTime": 1561655286.2070348, "cachingTimeXML": 1561655289.414751, "inProcess": [500000, 500001], "outProcess": [500003, 500004], "isRaw": 1}