{"name": "Datacore - Electromagnetic Physics", "buy": 113616.71, "sell": 116876.92, "base": -1.0, "itemId": 20417, "volume": 0.1, "cachingTime": 1561655286.207038, "cachingTimeXML": 1561655289.414756, "inProcess": [500000, 500001], "outProcess": [500003, 500004], "isRaw": 1}