{"name": "Datacore - Gallentean Starship Engineering", "buy": 80802.29, "sell": 87778.01, "base": -1.0, "itemId": 20410, "volume": 0.1, "cachingTime": 1561655286.207037, "cachingTimeXML": 1561655289.4147542, "inProcess": [500000, 500001], "outProcess": [500003, 500004], "isRaw": 1}