{"name": "Datacore - Defensive Subsystems Engineering", "buy": 7247.29, "sell": 9428.15, "base": -1.0, "itemId": 11496, "volume": 0.1, "cachingTime": 1561655286.207045, "cachingTimeXML": 1561655289.414766, "inProcess": [500000, 500001], "outProcess": [500003, 500004], "isRaw": 1}