{"name": "Datacore - Offensive Subsystems Engineering", "buy": 6301.02, "sell": 10415.54, "base": -1.0, "itemId": 20425, "volume": 0.1, "cachingTime": 1561655286.2070432, "cachingTimeXML": 1561655289.414763, "inProcess": [500000, 500001], "outProcess": [500003, 500004], "isRaw": 1}