{"name": "Bright Spodumain", "buy": 2750.01, "sell": 7508.82, "base": -1.0, "itemId": 17466, "volume": 16.0, "cachingTime": 1559934619.862859, "cachingTimeXML": 1559804994.4966762, "inProcess": [500000, 500001], "outProcess": [500003, 500004, 500369, 500162], "isRaw": 1}