{"name": "Compressed Bright Spodumain", "buy": 400070.16, "sell": 447972.65, "base": 1004875.0, "itemId": 28418, "volume": 28.0, "cachingTime": 1561801604.7253873, "cachingTimeXML": 1561655289.414515, "inProcess": [500000, 500162], "outProcess": [500003, 500004, 500370]}