{"name": "Compressed Bright Spodumain", "buy": 375214.29, "sell": 390663.31, "base": 1004875.0, "itemId": 28418, "volume": 28.0, "cachingTime": 1559934619.862858, "cachingTimeXML": 1559804994.496675, "inProcess": [500000, 500162], "outProcess": [500003, 500004, 500370]}