{"name": "Compressed Dazzling Spodumain", "buy": 414163.75, "sell": 450000.0, "base": -1.0, "itemId": 46704, "volume": 28.0, "cachingTime": 1561801604.7253873, "cachingTimeXML": 1561655289.414517, "inProcess": [500000, 500163], "outProcess": [500003, 500004, 500371]}