{"name": "Compressed Gleaming Spodumain", "buy": 385001.07, "sell": 407996.78, "base": 1230375.0, "itemId": 28419, "volume": 28.0, "cachingTime": 1559934619.862856, "cachingTimeXML": 1559804994.496673, "inProcess": [500000, 500164], "outProcess": [500003, 500004, 500372]}