{"name": "Compressed Dazzling Spodumain", "buy": 412848.5, "sell": 433869.81, "base": -1.0, "itemId": 46704, "volume": 28.0, "cachingTime": 1559934619.86286, "cachingTimeXML": 1559804994.4966772, "inProcess": [500000, 500163], "outProcess": [500003, 500004, 500371]}