{"name": "Compressed Spodumain", "buy": 378783.18, "sell": 458276.42, "base": 1067625.0, "itemId": 28420, "volume": 28.0, "cachingTime": 1561801604.7253873, "cachingTimeXML": 1561655289.414518, "inProcess": [500000, 500165], "outProcess": [500003, 500004, 500373]}