{"name": "Compressed Spodumain", "buy": 357600.22, "sell": 487320.53, "base": 1067625.0, "itemId": 28420, "volume": 28.0, "cachingTime": 1559934619.8628612, "cachingTimeXML": 1559804994.4966779, "inProcess": [500000, 500165], "outProcess": [500003, 500004, 500373]}