{"name": "Dazzling Spodumain", "buy": 3327.58, "sell": 2917.43, "base": -1.0, "itemId": 46688, "volume": 16.0, "cachingTime": 1559934619.862859, "cachingTimeXML": 1559804994.4966762, "inProcess": [500000, 500001], "outProcess": [500003, 500004, 500374, 500163], "isRaw": 1}