{"name": "Dazzling Spodumain", "buy": 3316.18, "sell": 2646.73, "base": -1.0, "itemId": 46688, "volume": 16.0, "cachingTime": 1561801604.7253873, "cachingTimeXML": 1561655289.414517, "inProcess": [500000, 500001], "outProcess": [500003, 500004, 500374, 500163], "isRaw": 1}