{"name": "Gleaming Spodumain", "buy": 3000.08, "sell": 8969.32, "base": -1.0, "itemId": 17467, "volume": 16.0, "cachingTime": 1559934619.862856, "cachingTimeXML": 1559804994.496674, "inProcess": [500000, 500001], "outProcess": [500003, 500004, 500375, 500164], "isRaw": 1}