{"name": "Spodumain", "buy": 2550.0, "sell": 2499.99, "base": -1.0, "itemId": 19, "volume": 16.0, "cachingTime": 1559934619.8628569, "cachingTimeXML": 1559804994.496674, "inProcess": [500000, 500001], "outProcess": [500003, 500004, 500376, 500165], "isRaw": 1}