{"name": "Compressed Massive Scordite", "buy": 2307.41, "sell": 2321.19, "base": 1228770.0, "itemId": 28428, "volume": 0.19, "cachingTime": 1561903189.87517, "cachingTimeXML": 1561655289.41459, "inProcess": [500000, 500160], "outProcess": [500003, 500004, 500363]}