{"name": "Compressed Condensed Scordite", "buy": 2327.6, "sell": 2612.86, "base": 1528470.0, "itemId": 28427, "volume": 0.19, "cachingTime": 1561903189.8751721, "cachingTimeXML": 1561655289.414594, "inProcess": [500000, 500158], "outProcess": [500003, 500004, 500361]}