{"name": "Condensed Scordite", "buy": 15.91, "sell": 14.16, "base": -1.0, "itemId": 17463, "volume": 0.15, "cachingTime": 1561903189.875173, "cachingTimeXML": 1561655289.4145951, "inProcess": [500000, 500001], "outProcess": [500003, 500004, 500365, 500158], "isRaw": 1}