{"name": "Accelerant Decryptor", "buy": 551871.48, "sell": 595975.64, "base": -1.0, "itemId": 34201, "volume": 0.1, "cachingTime": 1561655286.207028, "cachingTimeXML": 1561655289.414742, "inProcess": [500000, 500001], "outProcess": [500003, 500004], "isRaw": 1}