{"name": "Attainment Decryptor", "buy": 3892742.74, "sell": 3964242.98, "base": -1.0, "itemId": 34202, "volume": 0.1, "cachingTime": 1561655286.207029, "cachingTimeXML": 1561655289.414743, "inProcess": [500000, 500001], "outProcess": [500003, 500004], "isRaw": 1}