{"name": "Augmentation Decryptor", "buy": 1774820.61, "sell": 1735151.36, "base": -1.0, "itemId": 34203, "volume": 0.1, "cachingTime": 1561655286.207029, "cachingTimeXML": 1561655289.4147441, "inProcess": [500000, 500001], "outProcess": [500003, 500004], "isRaw": 1}