{"name": "Optimized Attainment Decryptor", "buy": 6144000.41, "sell": 6162047.26, "base": -1.0, "itemId": 34207, "volume": 0.1, "cachingTime": 1561655286.2070248, "cachingTimeXML": 1561655289.414738, "inProcess": [500000, 500001], "outProcess": [500003, 500004], "isRaw": 1}