{"name": "Parity Decryptor", "buy": 1636750.84, "sell": 1776841.14, "base": -1.0, "itemId": 34204, "volume": 0.1, "cachingTime": 1561655286.207026, "cachingTimeXML": 1561655289.414739, "inProcess": [500000, 500001], "outProcess": [500003, 500004], "isRaw": 1}