{"name": "Process Decryptor", "buy": 659277.19, "sell": 650297.87, "base": -1.0, "itemId": 34205, "volume": 0.1, "cachingTime": 1561655286.207027, "cachingTimeXML": 1561655289.41474, "inProcess": [500000, 500001], "outProcess": [500003, 500004], "isRaw": 1}