{"name": "Symmetry Decryptor", "buy": 624801.0, "sell": 593528.76, "base": -1.0, "itemId": 34206, "volume": 0.1, "cachingTime": 1561655286.207027, "cachingTimeXML": 1561655289.414741, "inProcess": [500000, 500001], "outProcess": [500003, 500004], "isRaw": 1}