{"name": "Blue Ice", "buy": 208135.88, "sell": 233997.63, "base": -1.0, "itemId": 16264, "volume": 1000.0, "cachingTime": 1561655286.206839, "cachingTimeXML": 1561655289.4144819, "inProcess": [500000, 500001], "outProcess": [500003, 500004, 500235, 500095], "isRaw": 1}