{"name": "Clear Icicle", "buy": 200860.57, "sell": 198831.34, "base": -1.0, "itemId": 16262, "volume": 1000.0, "cachingTime": 1561655286.206848, "cachingTimeXML": 1561655289.4144928, "inProcess": [500000, 500001], "outProcess": [500003, 500004, 500236, 500096], "isRaw": 1}