{"name": "Compressed Clear Icicle", "buy": 231108.77, "sell": 224998.93, "base": 111577.99, "itemId": 28434, "volume": 100.0, "cachingTime": 1561655286.2068539, "cachingTimeXML": 1561655289.414502, "inProcess": [500000, 500096], "outProcess": [500003, 500004, 500238]}