{"name": "Compressed Blue Ice", "buy": 232028.13, "sell": 235000.79, "base": 118393.77, "itemId": 28433, "volume": 100.0, "cachingTime": 1561655286.206849, "cachingTimeXML": 1561655289.414495, "inProcess": [500000, 500095], "outProcess": [500003, 500004, 500237]}