{"name": "Compressed White Glaze", "buy": 204032.53, "sell": 205052.46, "base": 92119.09, "itemId": 28444, "volume": 100.0, "cachingTime": 1561655286.206845, "cachingTimeXML": 1561655289.4144902, "inProcess": [500000, 500106], "outProcess": [500003, 500004, 500248]}