{"name": "Compressed Krystallos", "buy": 512503.9, "sell": 600000.0, "base": 273472.03, "itemId": 28440, "volume": 100.0, "cachingTime": 1561655286.2068422, "cachingTimeXML": 1561655289.414486, "inProcess": [500000, 500102], "outProcess": [500003, 500004, 500244]}