{"name": "Compressed Glare Crust", "buy": 490016.02, "sell": 551844.82, "base": 398204.67, "itemId": 28439, "volume": 100.0, "cachingTime": 1561655286.2068539, "cachingTimeXML": 1561655289.4145012, "inProcess": [500000, 500101], "outProcess": [500003, 500004, 500243]}