{"name": "Compressed Glacial Mass", "buy": 211002.26, "sell": 209819.82, "base": 78354.2, "itemId": 28438, "volume": 100.0, "cachingTime": 1561655286.2068522, "cachingTimeXML": 1561655289.414498, "inProcess": [500000, 500100], "outProcess": [500003, 500004, 500242]}