{"name": "Compressed Gelidus", "buy": 390093.07, "sell": 397976.58, "base": 363605.13, "itemId": 28437, "volume": 100.0, "cachingTime": 1561655286.206856, "cachingTimeXML": 1561655289.414504, "inProcess": [500000, 500099], "outProcess": [500003, 500004, 500241]}