{"name": "Compressed Dark Glitter", "buy": 456328.39, "sell": 499230.18, "base": 350812.28, "itemId": 28435, "volume": 100.0, "cachingTime": 1561655286.206843, "cachingTimeXML": 1561655289.4144871, "inProcess": [500000, 500097], "outProcess": [500003, 500004, 500239]}