{"name": "Compressed Pristine White Glaze", "buy": 235007.59, "sell": 297999.66, "base": 308833.47, "itemId": 28441, "volume": 100.0, "cachingTime": 1561655286.206841, "cachingTimeXML": 1561655289.414484, "inProcess": [500000, 500103], "outProcess": [500003, 500004, 500245]}