{"name": "Dark Glitter", "buy": 404311.09, "sell": 442212.04, "base": -1.0, "itemId": 16267, "volume": 1000.0, "cachingTime": 1561655286.2068532, "cachingTimeXML": 1561655289.414499, "inProcess": [500000, 500001], "outProcess": [500003, 500004, 500249, 500097], "isRaw": 1}