{"name": "Pristine White Glaze", "buy": 210000.34, "sell": 679247.61, "base": -1.0, "itemId": 17976, "volume": 1000.0, "cachingTime": 1561655286.20684, "cachingTimeXML": 1561655289.4144828, "inProcess": [500000, 500001], "outProcess": [500003, 500004, 500255, 500103], "isRaw": 1}