{"name": "White Glaze", "buy": 192707.83, "sell": 164863.5, "base": -1.0, "itemId": 16265, "volume": 1000.0, "cachingTime": 1561655286.2068422, "cachingTimeXML": 1561655289.414485, "inProcess": [500000, 500001], "outProcess": [500003, 500004, 500258, 500106], "isRaw": 1}