{"name": "Jackdaw", "buy": 42028706.84, "sell": 43856425.11, "base": 26879489.57, "itemId": 34828, "volume": 5000.0, "cachingTime": 1559934619.862638, "cachingTimeXML": 1559804994.496484, "inProcess": [500000, 500232], "outProcess": [500003, 500004], "isFinal": 1}