{"name": "Jackdaw", "buy": 39298433.06, "sell": 40915593.99, "base": 26879489.57, "itemId": 34828, "volume": 5000.0, "cachingTime": 1561801604.7253873, "cachingTimeXML": 1561655289.414187, "inProcess": [500000, 500232], "outProcess": [500003, 500004], "isFinal": 1}