{"name": "Loki Propulsion - Interdiction Nullifier", "buy": 30201966.34, "sell": 33664239.95, "base": 20496567.04, "itemId": 45619, "volume": 40.0, "cachingTime": 1561742489.762537, "cachingTimeXML": 1561655289.4148202, "inProcess": [500000, 500225], "outProcess": [500003, 500004], "isFinal": 1}