{"name": "Loki Propulsion - Wake Limiter", "buy": 26801122.94, "sell": 33188974.22, "base": 20496567.04, "itemId": 45621, "volume": 40.0, "cachingTime": 1561742489.762536, "cachingTimeXML": 1561655289.414819, "inProcess": [500000, 500226], "outProcess": [500003, 500004], "isFinal": 1}