{"name": "Proteus Propulsion - Localized Injectors", "buy": 16000000.0, "sell": 17845869.98, "base": 20496567.04, "itemId": 45618, "volume": 40.0, "cachingTime": 1561655286.207102, "cachingTimeXML": 1561655289.4148428, "inProcess": [500000, 500214], "outProcess": [500003, 500004], "isFinal": 1}