{"name": "Proteus Propulsion - Hyperspatial Optimization", "buy": 31499950.01, "sell": 32900899.94, "base": 20496567.04, "itemId": 45617, "volume": 40.0, "cachingTime": 1561655286.207102, "cachingTimeXML": 1561655289.4148421, "inProcess": [500000, 500212], "outProcess": [500003, 500004], "isFinal": 1}