{"name": "Proteus Propulsion - Interdiction Nullifier", "buy": 28666858.6, "sell": 31490289.38, "base": 20496567.04, "itemId": 45616, "volume": 40.0, "cachingTime": 1561655286.2071009, "cachingTimeXML": 1561655289.4148412, "inProcess": [500000, 500213], "outProcess": [500003, 500004], "isFinal": 1}