{"name": "Compressed Luminous Kernite", "buy": 14001.02, "sell": 16590.4, "base": 581280.0, "itemId": 28411, "volume": 0.19, "cachingTime": 1561801604.7253873, "cachingTimeXML": 1561655289.414571, "inProcess": [500000, 500141], "outProcess": [500003, 500004, 500325]}