{"name": "Compressed Fiery Kernite", "buy": 15000.0, "sell": 17270.03, "base": 2021400.0, "itemId": 28409, "volume": 0.19, "cachingTime": 1559934619.862884, "cachingTimeXML": 1559804994.496701, "inProcess": [500000, 500139], "outProcess": [500003, 500004, 500323]}