{"name": "Compressed Kernite", "buy": 14503.77, "sell": 15993.17, "base": 2557680.0, "itemId": 28410, "volume": 0.19, "cachingTime": 1561801604.7253873, "cachingTimeXML": 1561655289.414576, "inProcess": [500000, 500140], "outProcess": [500003, 500004, 500324]}