{"name": "Compressed Luminous Kernite", "buy": 15750.0, "sell": 16761.87, "base": 581280.0, "itemId": 28411, "volume": 0.19, "cachingTime": 1559934619.862884, "cachingTimeXML": 1559804994.4966998, "inProcess": [500000, 500141], "outProcess": [500003, 500004, 500325]}