{"name": "Compressed Kernite", "buy": 14205.88, "sell": 14732.06, "base": 2557680.0, "itemId": 28410, "volume": 0.19, "cachingTime": 1559934619.862886, "cachingTimeXML": 1559804994.496703, "inProcess": [500000, 500140], "outProcess": [500003, 500004, 500324]}