{"name": "Compressed Resplendant Kernite", "buy": 16500.34, "sell": 17618.78, "base": -1.0, "itemId": 46699, "volume": 0.19, "cachingTime": 1559934619.8628821, "cachingTimeXML": 1559804994.4966989, "inProcess": [500000, 500142], "outProcess": [500003, 500004, 500326]}