{"name": "Fiery Kernite", "buy": 132.12, "sell": 126.35, "base": -1.0, "itemId": 17453, "volume": 1.2, "cachingTime": 1561801604.7253873, "cachingTimeXML": 1561655289.414575, "inProcess": [500000, 500001], "outProcess": [500003, 500004, 500327, 500139], "isRaw": 1}