{"name": "Fiery Kernite", "buy": 130.38, "sell": 133.39, "base": -1.0, "itemId": 17453, "volume": 1.2, "cachingTime": 1559934619.862886, "cachingTimeXML": 1559804994.496703, "inProcess": [500000, 500001], "outProcess": [500003, 500004, 500327, 500139], "isRaw": 1}