{"name": "Kernite", "buy": 174.13, "sell": 167.84, "base": -1.0, "itemId": 20, "volume": 1.2, "cachingTime": 1559934619.8628852, "cachingTimeXML": 1559804994.496702, "inProcess": [500000, 500001], "outProcess": [500003, 500004, 500328, 500140], "isRaw": 1}