{"name": "Kernite", "buy": 189.22, "sell": 168.87, "base": -1.0, "itemId": 20, "volume": 1.2, "cachingTime": 1561801604.7253873, "cachingTimeXML": 1561655289.4145741, "inProcess": [500000, 500001], "outProcess": [500003, 500004, 500328, 500140], "isRaw": 1}