{"name": "Luminous Kernite", "buy": 128.42, "sell": 124.63, "base": -1.0, "itemId": 17452, "volume": 1.2, "cachingTime": 1561801604.7253873, "cachingTimeXML": 1561655289.41457, "inProcess": [500000, 500001], "outProcess": [500003, 500004, 500329, 500141], "isRaw": 1}