{"name": "Luminous Kernite", "buy": 126.9, "sell": 107.87, "base": -1.0, "itemId": 17452, "volume": 1.2, "cachingTime": 1559934619.862883, "cachingTimeXML": 1559804994.4966989, "inProcess": [500000, 500001], "outProcess": [500003, 500004, 500329, 500141], "isRaw": 1}