{"name": "Resplendant Kernite", "buy": 140.05, "sell": 180.64, "base": -1.0, "itemId": 46683, "volume": 1.2, "cachingTime": 1561801604.7253873, "cachingTimeXML": 1561655289.414573, "inProcess": [500000, 500001], "outProcess": [500003, 500004, 500330, 500142], "isRaw": 1}