{"name": "Resplendant Kernite", "buy": 139.01, "sell": 868.06, "base": -1.0, "itemId": 46683, "volume": 1.2, "cachingTime": 1559934619.8628852, "cachingTimeXML": 1559804994.496701, "inProcess": [500000, 500001], "outProcess": [500003, 500004, 500330, 500142], "isRaw": 1}