{"name": "Helium Fuel Block", "buy": 19979.39, "sell": 19669.99, "base": 370270.6, "itemId": 4247, "volume": 5.0, "cachingTime": 1561742489.762469, "cachingTimeXML": 1561655289.4147148, "inProcess": [500000, 500006], "outProcess": [500003, 500004, 500178, 500170], "bpo": 4315}