{"name": "Hydrogen Fuel Block", "buy": 19034.21, "sell": 19124.64, "base": 400524.1, "itemId": 4246, "volume": 5.0, "cachingTime": 1561742489.762468, "cachingTimeXML": 1561655289.414714, "inProcess": [500000, 500007], "outProcess": [500003, 500004, 500172, 500177, 500176], "bpo": 4316}