{"name": "Helium Fuel Block", "buy": 20095.69, "sell": 19691.64, "base": 370270.6, "itemId": 4247, "volume": 5.0, "cachingTime": 1561801604.7253873, "cachingTimeXML": 1561655289.4147148, "inProcess": [500000, 500006], "outProcess": [500003, 500004, 500178, 500170], "bpo": 4315}