{"name": "Helium Fuel Block", "buy": 19836.97, "sell": 19875.23, "base": 370270.6, "itemId": 4247, "volume": 5.0, "cachingTime": 1559934619.86297, "cachingTimeXML": 1559804994.4967968, "inProcess": [500000, 500006], "outProcess": [500003, 500004, 500178, 500170], "bpo": 4315}