{"name": "Hydrogen Fuel Block", "buy": 19647.81, "sell": 19991.15, "base": 400524.1, "itemId": 4246, "volume": 5.0, "cachingTime": 1559934619.86297, "cachingTimeXML": 1559804994.4967942, "inProcess": [500000, 500007], "outProcess": [500003, 500004, 500172, 500177, 500176], "bpo": 4316}