{"name": "Nitrogen Fuel Block", "buy": 19569.18, "sell": 20349.56, "base": 412251.1, "itemId": 4051, "volume": 5.0, "cachingTime": 1559934619.8629708, "cachingTimeXML": 1559804994.496798, "inProcess": [500000, 500008], "outProcess": [500003, 500004, 500171, 500174], "bpo": 4314}