{"name": "Nitrogen Fuel Block", "buy": 19050.43, "sell": 19734.82, "base": 412251.1, "itemId": 4051, "volume": 5.0, "cachingTime": 1561801604.7253873, "cachingTimeXML": 1561655289.414717, "inProcess": [500000, 500008], "outProcess": [500003, 500004, 500171, 500174], "bpo": 4314}