{"name": "Oxygen Fuel Block", "buy": 21001.29, "sell": 21044.58, "base": 406032.1, "itemId": 4312, "volume": 5.0, "cachingTime": 1559934619.8629708, "cachingTimeXML": 1559804994.4967968, "inProcess": [500000, 500009], "outProcess": [500003, 500004, 500175, 500173], "bpo": 4313}