{"name": "Oxygen Fuel Block", "buy": 19026.27, "sell": 20168.55, "base": 406032.1, "itemId": 4312, "volume": 5.0, "cachingTime": 1561801604.7253873, "cachingTimeXML": 1561655289.414716, "inProcess": [500000, 500009], "outProcess": [500003, 500004, 500175, 500173], "bpo": 4313}