{"name": "Helium Isotopes", "buy": 704.6, "sell": 699.42, "base": -1.0, "itemId": 16274, "volume": 0.03, "cachingTime": 1561801604.7253873, "cachingTimeXML": 1561655289.4144719, "inProcess": [500000, 500250, 500236, 500238, 500240], "outProcess": [500003, 500004, 500006]}