{"name": "Helium Isotopes", "buy": 662.18, "sell": 691.79, "base": -1.0, "itemId": 16274, "volume": 0.03, "cachingTime": 1559934619.862831, "cachingTimeXML": 1559804994.496651, "inProcess": [500000, 500250, 500236, 500238, 500240], "outProcess": [500003, 500004, 500006]}