{"name": "Hydrogen Isotopes", "buy": 0.0, "sell": 0.0, "base": -1.0, "itemId": 17899, "volume": 0.03, "cachingTime": 1559934619.8628302, "cachingTimeXML": 1559804994.496649, "inProcess": [500000, 500246, 500252, 500242, 500256], "outProcess": [500003, 500004, 500007]}