{"name": "Liquid Ozone", "buy": 191.3, "sell": 73.94, "base": -1.0, "itemId": 16273, "volume": 0.4, "cachingTime": 1559934619.862832, "cachingTimeXML": 1559804994.496651, "inProcess": [500000, 500246, 500235, 500255, 500245, 500258, 500244, 500239, 500250, 500248, 500252, 500257, 500236, 500237, 500251, 500253, 500242, 500249, 500243, 500238, 500247, 500241, 500240, 500256, 500254], "outProcess": [500003, 500004, 500007, 500006, 500009, 500008]}