{"name": "Nitrogen Isotopes", "buy": 609.12, "sell": 661.14, "base": -1.0, "itemId": 17888, "volume": 0.03, "cachingTime": 1561801604.7253873, "cachingTimeXML": 1561655289.414474, "inProcess": [500000, 500255, 500245, 500258, 500248], "outProcess": [500003, 500004, 500008]}