{"name": "Nitrogen Isotopes", "buy": 590.05, "sell": 605.21, "base": -1.0, "itemId": 17888, "volume": 0.03, "cachingTime": 1559934619.8628328, "cachingTimeXML": 1559804994.4966521, "inProcess": [500000, 500255, 500245, 500258, 500248], "outProcess": [500003, 500004, 500008]}