{"name": "Oxygen Isotopes", "buy": 712.92, "sell": 736.64, "base": -1.0, "itemId": 17887, "volume": 0.03, "cachingTime": 1559934619.862831, "cachingTimeXML": 1559804994.49665, "inProcess": [500000, 500235, 500257, 500237, 500247], "outProcess": [500003, 500004, 500009]}