{"name": "Tengu Defensive - Supplemental Screening", "buy": 16000000.03, "sell": 17056531.49, "base": 26194153.62, "itemId": 45590, "volume": 40.0, "cachingTime": 1559934619.863059, "cachingTimeXML": 1559804994.496934, "inProcess": [500000, 500196], "outProcess": [500003, 500004], "isFinal": 1}