{"name": "Tengu Defensive - Covert Reconfiguration", "buy": 38000000.0, "sell": 39989889.83, "base": 26194153.62, "itemId": 45589, "volume": 40.0, "cachingTime": 1559934619.8630579, "cachingTimeXML": 1559804994.4969332, "inProcess": [500000, 500195], "outProcess": [500003, 500004], "isFinal": 1}