{"name": "Tengu Defensive - Covert Reconfiguration", "buy": 38889898.16, "sell": 42230766.05, "base": 26194153.62, "itemId": 45589, "volume": 40.0, "cachingTime": 1561801604.7253873, "cachingTimeXML": 1561655289.4148538, "inProcess": [500000, 500195], "outProcess": [500003, 500004], "isFinal": 1}