{"name": "Tengu Defensive - Amplification Node", "buy": 36000005.88, "sell": 40487209.06, "base": 26194153.62, "itemId": 45591, "volume": 40.0, "cachingTime": 1561801604.7253873, "cachingTimeXML": 1561655289.414855, "inProcess": [500000, 500194], "outProcess": [500003, 500004], "isFinal": 1}