{"name": "Tengu Defensive - Supplemental Screening", "buy": 15019607.85, "sell": 17851181.2, "base": 26194153.62, "itemId": 45590, "volume": 40.0, "cachingTime": 1561801604.7253873, "cachingTimeXML": 1561655289.414856, "inProcess": [500000, 500196], "outProcess": [500003, 500004], "isFinal": 1}