{"name": "Tengu Defensive - Amplification Node", "buy": 32012775.6, "sell": 38999986.83, "base": 26194153.62, "itemId": 45591, "volume": 40.0, "cachingTime": 1559934619.8630579, "cachingTimeXML": 1559804994.496934, "inProcess": [500000, 500194], "outProcess": [500003, 500004], "isFinal": 1}