{"name": "Compressed Dense Veldspar", "buy": 2150.78, "sell": 2213.8, "base": 2236095.0, "itemId": 28431, "volume": 0.15, "cachingTime": 1561655286.206882, "cachingTimeXML": 1561655289.4145331, "inProcess": [500000, 500167], "outProcess": [500003, 500004, 500378]}