{"name": "Compressed Stable Veldspar", "buy": 2125.0, "sell": 2465.07, "base": -1.0, "itemId": 46705, "volume": 0.15, "cachingTime": 1561655286.2068858, "cachingTimeXML": 1561655289.414538, "inProcess": [500000, 500168], "outProcess": [500003, 500004, 500379]}