{"name": "Compressed Concentrated Veldspar", "buy": 1969.62, "sell": 2142.24, "base": 2560770.0, "itemId": 28430, "volume": 0.15, "cachingTime": 1561655286.2068841, "cachingTimeXML": 1561655289.414536, "inProcess": [500000, 500166], "outProcess": [500003, 500004, 500377]}