{"name": "Compressed Veldspar", "buy": 2011.99, "sell": 1957.38, "base": 1318680.0, "itemId": 28432, "volume": 0.15, "cachingTime": 1561655286.206888, "cachingTimeXML": 1561655289.41454, "inProcess": [500000, 500169], "outProcess": [500003, 500004, 500380]}