{"name": "Concentrated Veldspar", "buy": 15.89, "sell": 14.15, "base": -1.0, "itemId": 17470, "volume": 0.1, "cachingTime": 1561655286.206889, "cachingTimeXML": 1561655289.414541, "inProcess": [500000, 500001], "outProcess": [500003, 500004, 500381, 500166], "isRaw": 1}