{"name": "Hiemal Tricarboxyl Condensate", "buy": 4395.68, "sell": 9937.98, "base": -1.0, "itemId": 49789, "volume": 6.0, "cachingTime": 1561655286.206885, "cachingTimeXML": 1561655289.414537, "inProcess": [500000, 500001], "outProcess": [500003, 500004], "isRaw": 1, "isFinal": 1}