{"name": "Veldspar", "buy": 15.87, "sell": 15.86, "base": -1.0, "itemId": 1230, "volume": 0.1, "cachingTime": 1561655286.206881, "cachingTimeXML": 1561655289.4145322, "inProcess": [500000, 500001], "outProcess": [500003, 500004, 500384, 500169], "isRaw": 1}