{"name": "Compressed Pyroxeres", "buy": 4914.35, "sell": 5127.57, "base": 2081416.5, "itemId": 28424, "volume": 0.16, "cachingTime": 1559934619.8629382, "cachingTimeXML": 1559804994.4967601, "inProcess": [500000, 500155], "outProcess": [500003, 500004, 500354]}