{"name": "Compressed Opulent Pyroxeres", "buy": 5613.41, "sell": 5477.47, "base": -1.0, "itemId": 46702, "volume": 0.16, "cachingTime": 1561801604.7253873, "cachingTimeXML": 1561655289.414669, "inProcess": [500000, 500154], "outProcess": [500003, 500004, 500353]}