{"name": "Compressed Solid Pyroxeres", "buy": 5132.25, "sell": 5234.4, "base": 2091906.0, "itemId": 28425, "volume": 0.16, "cachingTime": 1561801604.7253873, "cachingTimeXML": 1561655289.414668, "inProcess": [500000, 500156], "outProcess": [500003, 500004, 500355]}