{"name": "Compressed Opulent Pyroxeres", "buy": 5585.87, "sell": 5242.34, "base": -1.0, "itemId": 46702, "volume": 0.16, "cachingTime": 1559934619.8629398, "cachingTimeXML": 1559804994.496763, "inProcess": [500000, 500154], "outProcess": [500003, 500004, 500353]}