{"name": "Compressed Viscous Pyroxeres", "buy": 5500.52, "sell": 5227.48, "base": 2035962.0, "itemId": 28426, "volume": 0.16, "cachingTime": 1561801604.7253873, "cachingTimeXML": 1561655289.414669, "inProcess": [500000, 500157], "outProcess": [500003, 500004, 500356]}