{"name": "Compressed Pyroxeres", "buy": 5002.09, "sell": 5071.91, "base": 2081416.5, "itemId": 28424, "volume": 0.16, "cachingTime": 1561801604.7253873, "cachingTimeXML": 1561655289.414666, "inProcess": [500000, 500155], "outProcess": [500003, 500004, 500354]}