{"name": "Compressed Solid Pyroxeres", "buy": 5000.0, "sell": 5337.55, "base": 2091906.0, "itemId": 28425, "volume": 0.16, "cachingTime": 1559934619.862939, "cachingTimeXML": 1559804994.496761, "inProcess": [500000, 500156], "outProcess": [500003, 500004, 500355]}