{"name": "Compressed Viscous Pyroxeres", "buy": 5250.2, "sell": 5370.71, "base": 2035962.0, "itemId": 28426, "volume": 0.16, "cachingTime": 1559934619.8629398, "cachingTimeXML": 1559804994.496762, "inProcess": [500000, 500157], "outProcess": [500003, 500004, 500356]}