{"name": "Opulent Pyroxeres", "buy": 45.26, "sell": 62.53, "base": -1.0, "itemId": 46686, "volume": 0.3, "cachingTime": 1561801604.7253873, "cachingTimeXML": 1561655289.4146729, "inProcess": [500000, 500001], "outProcess": [500003, 500004, 500357, 500154], "isRaw": 1}