{"name": "Opulent Pyroxeres", "buy": 43.76, "sell": 45.0, "base": -1.0, "itemId": 46686, "volume": 0.3, "cachingTime": 1559934619.862942, "cachingTimeXML": 1559804994.496765, "inProcess": [500000, 500001], "outProcess": [500003, 500004, 500357, 500154], "isRaw": 1}