{"name": "Pyroxeres", "buy": 43.82, "sell": 43.38, "base": -1.0, "itemId": 1224, "volume": 0.3, "cachingTime": 1559934619.862941, "cachingTimeXML": 1559804994.496763, "inProcess": [500000, 500001], "outProcess": [500003, 500004, 500358, 500155], "isRaw": 1}