{"name": "Solid Pyroxeres", "buy": 46.33, "sell": 44.54, "base": -1.0, "itemId": 17459, "volume": 0.3, "cachingTime": 1559934619.862939, "cachingTimeXML": 1559804994.496761, "inProcess": [500000, 500001], "outProcess": [500003, 500004, 500359, 500156], "isRaw": 1}