{"name": "Viscous Pyroxeres", "buy": 47.16, "sell": 36.72, "base": -1.0, "itemId": 17460, "volume": 0.3, "cachingTime": 1559934619.862942, "cachingTimeXML": 1559804994.496764, "inProcess": [500000, 500001], "outProcess": [500003, 500004, 500360, 500157], "isRaw": 1}