{"name": "Loki Core - Immobility Drivers", "buy": 30800437.01, "sell": 35008931.02, "base": 20065362.91, "itemId": 45633, "volume": 40.0, "cachingTime": 1561655286.207093, "cachingTimeXML": 1561655289.414832, "inProcess": [500000, 500217], "outProcess": [500003, 500004], "isFinal": 1}