{"name": "Loki Core - Augmented Nuclear Reactor", "buy": 24018181.19, "sell": 29986906.48, "base": 20065362.91, "itemId": 45632, "volume": 40.0, "cachingTime": 1561655286.207094, "cachingTimeXML": 1561655289.4148328, "inProcess": [500000, 500215], "outProcess": [500003, 500004], "isFinal": 1}