{"name": "Legion Offensive - Support Processor", "buy": 25522742.81, "sell": 31898604.51, "base": 23376510.82, "itemId": 45600, "volume": 40.0, "cachingTime": 1561742489.762582, "cachingTimeXML": 1561655289.414882, "inProcess": [500000, 500187], "outProcess": [500003, 500004], "isFinal": 1}