{"name": "Legion Offensive - Liquid Crystal Magnifiers", "buy": 26176203.96, "sell": 33447987.46, "base": 23376510.82, "itemId": 45598, "volume": 40.0, "cachingTime": 1561742489.762584, "cachingTimeXML": 1561655289.414884, "inProcess": [500000, 500186], "outProcess": [500003, 500004], "isFinal": 1}