{"name": "Compressed Magma Mercoxit", "buy": 2000050.02, "sell": 2170000.0, "base": 5759485.0, "itemId": 28412, "volume": 0.1, "cachingTime": 1561903189.875176, "cachingTimeXML": 1561655289.414599, "inProcess": [500000, 500143], "outProcess": [500003, 500004, 500331]}