{"name": "Vitreous Mercoxit", "buy": 14000.61, "sell": 15000.0, "base": -1.0, "itemId": 17870, "volume": 40.0, "cachingTime": 1561903189.875179, "cachingTimeXML": 1561655289.4146051, "inProcess": [500000, 500001], "outProcess": [500003, 500004, 500336, 500145], "isRaw": 1}