{"name": "Intact Weapon Subroutines", "buy": 6202000.0, "sell": 11199908.18, "base": -1.0, "itemId": 30628, "volume": 10.0, "cachingTime": 1561655286.207011, "cachingTimeXML": 1561655289.41472, "inProcess": [500000, 500001], "outProcess": [500003, 500004], "isRaw": 1}