{"name": "Intact Armor Nanobot", "buy": 19100000.08, "sell": 18999993.99, "base": -1.0, "itemId": 30614, "volume": 10.0, "cachingTime": 1561655286.207016, "cachingTimeXML": 1561655289.4147258, "inProcess": [500000, 500001], "outProcess": [500003, 500004], "isRaw": 1}