{"name": "Malfunctioning Thruster Sections", "buy": 3252001.08, "sell": 4868642.75, "base": -1.0, "itemId": 30558, "volume": 10.0, "cachingTime": 1561655286.207017, "cachingTimeXML": 1561655289.4147289, "inProcess": [500000, 500001], "outProcess": [500003, 500004], "isRaw": 1}