{"name": "Malfunctioning Hull Section", "buy": 15500006.19, "sell": 19454542.99, "base": -1.0, "itemId": 30753, "volume": 50.0, "cachingTime": 1561655286.207018, "cachingTimeXML": 1561655289.4147289, "inProcess": [500000, 500001], "outProcess": [500003, 500004], "isRaw": 1}