{"name": "Malfunctioning Armor Nanobot", "buy": 2522000.11, "sell": 3489887.98, "base": -1.0, "itemId": 30615, "volume": 10.0, "cachingTime": 1561655286.2070148, "cachingTimeXML": 1561655289.4147258, "inProcess": [500000, 500001], "outProcess": [500003, 500004], "isRaw": 1}