{"name": "Malfunctioning Power Cores", "buy": 800000.01, "sell": 1186223.3, "base": -1.0, "itemId": 30586, "volume": 10.0, "cachingTime": 1561655286.2070122, "cachingTimeXML": 1561655289.414721, "inProcess": [500000, 500001], "outProcess": [500003, 500004], "isRaw": 1}