{"name": "Malfunctioning Weapon Subroutines", "buy": 1201000.02, "sell": 1952260.01, "base": -1.0, "itemId": 30632, "volume": 10.0, "cachingTime": 1561655286.207019, "cachingTimeXML": 1561655289.414731, "inProcess": [500000, 500001], "outProcess": [500003, 500004], "isRaw": 1}