{"name": "Small Intact Hull Section", "buy": 69110000.0, "sell": 70833333.33, "base": -1.0, "itemId": 34412, "volume": 20.0, "cachingTime": 1561655286.207021, "cachingTimeXML": 1561655289.4147332, "inProcess": [500000, 500001], "outProcess": [500003, 500004], "isRaw": 1}