{"name": "Wrecked Power Cores", "buy": 45115.69, "sell": 87363.57, "base": -1.0, "itemId": 30588, "volume": 10.0, "cachingTime": 1561655286.2070148, "cachingTimeXML": 1561655289.414725, "inProcess": [500000, 500001], "outProcess": [500003, 500004], "isRaw": 1}