{"name": "Wrecked Thruster Sections", "buy": 36897.71, "sell": 249457.84, "base": -1.0, "itemId": 30562, "volume": 10.0, "cachingTime": 1561655286.207019, "cachingTimeXML": 1561655289.41473, "inProcess": [500000, 500001], "outProcess": [500003, 500004], "isRaw": 1}