{"name": "Wrecked Weapon Subroutines", "buy": 48333.95, "sell": 102555.9, "base": -1.0, "itemId": 30633, "volume": 10.0, "cachingTime": 1561655286.2070138, "cachingTimeXML": 1561655289.414724, "inProcess": [500000, 500001], "outProcess": [500003, 500004], "isRaw": 1}