{"name": "Wrecked Hull Section", "buy": 1510000.21, "sell": 1652695.31, "base": -1.0, "itemId": 30754, "volume": 50.0, "cachingTime": 1561655286.207021, "cachingTimeXML": 1561655289.4147341, "inProcess": [500000, 500001], "outProcess": [500003, 500004], "isRaw": 1}