{"name": "Wrecked Armor Nanobot", "buy": 78146.27, "sell": 133779.68, "base": -1.0, "itemId": 30618, "volume": 10.0, "cachingTime": 1561655286.2070131, "cachingTimeXML": 1561655289.414722, "inProcess": [500000, 500001], "outProcess": [500003, 500004], "isRaw": 1}