{"name": "Electromechanical Interface Nexus BPO", "buy": 0.0, "sell": 10000000.0, "base": -1.0, "itemId": 30467, "volume": 0.0, "cachingTime": 1561903189.875359, "cachingTimeXML": 1561655289.414798, "inProcess": [500000], "outProcess": [500003, 500004]}