{"name": "Biotech Research Reports", "buy": 79673.65, "sell": 91342.51, "base": 60000.0, "itemId": 2358, "volume": 6.0, "cachingTime": 1561742489.7622871, "cachingTimeXML": 1561655289.414386, "inProcess": [500000, 500002, 500005, 500074], "outProcess": [500003, 500004, 500002, 500005, 500034]}