{"name": "Camera Drones", "buy": 85099.02, "sell": 95401.38, "base": 60000.0, "itemId": 2345, "volume": 6.0, "cachingTime": 1561742489.762288, "cachingTimeXML": 1561655289.414387, "inProcess": [500000, 500002, 500005, 500075], "outProcess": [500003, 500004, 500002, 500005, 500032]}