{"name": "Condensates", "buy": 44607.2, "sell": 44956.71, "base": 60000.0, "itemId": 2344, "volume": 6.0, "cachingTime": 1561742489.762285, "cachingTimeXML": 1561655289.414381, "inProcess": [500000, 500002, 500005, 500076], "outProcess": [500003, 500004, 500002, 500005, 500030]}