{"name": "Guidance Systems", "buy": 92101.01, "sell": 126771.2, "base": 60000.0, "itemId": 9834, "volume": 6.0, "cachingTime": 1561742489.762282, "cachingTimeXML": 1561655289.414377, "inProcess": [500000, 500002, 500005, 500080], "outProcess": [500003, 500004, 500002, 500005, 500031]}