{"name": "High-Tech Transmitters", "buy": 91124.65, "sell": 94235.91, "base": 60000.0, "itemId": 17898, "volume": 6.0, "cachingTime": 1561742489.762292, "cachingTimeXML": 1561655289.4143949, "inProcess": [500000, 500002, 500005, 500083], "outProcess": [500003, 500004, 500002, 500005, 500027]}