{"name": "Neocoms", "buy": 80626.64, "sell": 80969.3, "base": 60000.0, "itemId": 2354, "volume": 6.0, "cachingTime": 1561742489.76229, "cachingTimeXML": 1561655289.41439, "inProcess": [500000, 500002, 500005, 500085], "outProcess": [500003, 500004, 500002, 500005, 500027]}