{"name": "Nuclear Reactors", "buy": 82518.44, "sell": 83857.93, "base": 60000.0, "itemId": 2352, "volume": 6.0, "cachingTime": 1561742489.7622862, "cachingTimeXML": 1561655289.4143832, "inProcess": [500000, 500002, 500005, 500086], "outProcess": [500003, 500004, 500002, 500005, 500032]}