{"name": "Planetary Vehicles", "buy": 115010.04, "sell": 129340.07, "base": 60000.0, "itemId": 9846, "volume": 6.0, "cachingTime": 1561742489.762293, "cachingTimeXML": 1561655289.414397, "inProcess": [500000, 500002, 500005, 500087], "outProcess": [500003, 500004, 500002, 500005, 500028]}