{"name": "Smartfab Units", "buy": 94431.74, "sell": 87500.0, "base": 60000.0, "itemId": 2351, "volume": 6.0, "cachingTime": 1561742489.762294, "cachingTimeXML": 1561655289.414398, "inProcess": [500000, 500002, 500005, 500089], "outProcess": [500003, 500004, 500002, 500005, 500033]}