{"name": "Supercomputers", "buy": 104769.44, "sell": 111371.96, "base": 60000.0, "itemId": 2349, "volume": 6.0, "cachingTime": 1561742489.7622888, "cachingTimeXML": 1561655289.414389, "inProcess": [500000, 500002, 500005, 500090], "outProcess": [500003, 500004, 500002, 500005, 500034]}