{"name": "Synthetic Synapses", "buy": 68181.78, "sell": 74311.22, "base": 60000.0, "itemId": 2346, "volume": 6.0, "cachingTime": 1561742489.76228, "cachingTimeXML": 1561655289.4143739, "inProcess": [500000, 500002, 500005, 500091], "outProcess": [500003, 500004, 500002, 500005, 500031]}