{"name": "Transcranial Microcontrollers", "buy": 71300.0, "sell": 74222.67, "base": 60000.0, "itemId": 12836, "volume": 6.0, "cachingTime": 1561742489.762291, "cachingTimeXML": 1561655289.4143941, "inProcess": [500000, 500002, 500005, 500092], "outProcess": [500003, 500004, 500002, 500005, 500031]}