{"name": "Ukomi Superconductors", "buy": 51562.09, "sell": 49768.77, "base": 60000.0, "itemId": 17136, "volume": 6.0, "cachingTime": 1561742489.762284, "cachingTimeXML": 1561655289.41438, "inProcess": [500000, 500002, 500005, 500093], "outProcess": [500003, 500004, 500002, 500005, 500029]}