{"name": "Tengu Defensive - Amplification Node", "buy": 36000013.61, "sell": 40420492.37, "base": 26194153.62, "itemId": 45591, "volume": 40.0, "cachingTime": 1561742489.762562, "cachingTimeXML": 1561655289.414855, "inProcess": [500000, 500194], "outProcess": [500003, 500004], "isFinal": 1}