{"name": "Tengu Defensive - Covert Reconfiguration", "buy": 38331681.37, "sell": 42488231.63, "base": 26194153.62, "itemId": 45589, "volume": 40.0, "cachingTime": 1561742489.762561, "cachingTimeXML": 1561655289.4148538, "inProcess": [500000, 500195], "outProcess": [500003, 500004], "isFinal": 1}