{"name": "Tengu Defensive - Supplemental Screening", "buy": 14605404.17, "sell": 17956409.67, "base": 26194153.62, "itemId": 45590, "volume": 40.0, "cachingTime": 1561742489.762562, "cachingTimeXML": 1561655289.414856, "inProcess": [500000, 500196], "outProcess": [500003, 500004], "isFinal": 1}