{"name": "Datacore - Nuclear Physics", "buy": 90862.9, "sell": 100729.55, "base": -1.0, "itemId": 20423, "volume": 0.1, "cachingTime": 1559934619.863002, "cachingTimeXML": 1559804994.496855, "inProcess": [500000, 500001], "outProcess": [500003, 500004], "isRaw": 1}