{"name": "Datacore - Amarrian Starship Engineering", "buy": 42041.09, "sell": 46898.07, "base": -1.0, "itemId": 20421, "volume": 0.1, "cachingTime": 1559934619.8629918, "cachingTimeXML": 1559804994.496842, "inProcess": [500000, 500001], "outProcess": [500003, 500004], "isRaw": 1}