{"name": "Datacore - Caldari Starship Engineering", "buy": 79534.59, "sell": 77679.98, "base": -1.0, "itemId": 25887, "volume": 0.1, "cachingTime": 1561801604.7253873, "cachingTimeXML": 1561655289.4147599, "inProcess": [500000, 500001], "outProcess": [500003, 500004], "isRaw": 1}