{"name": "Datacore - Plasma Physics", "buy": 112911.08, "sell": 122057.21, "base": -1.0, "itemId": 20412, "volume": 0.1, "cachingTime": 1559934619.862995, "cachingTimeXML": 1559804994.4968472, "inProcess": [500000, 500001], "outProcess": [500003, 500004], "isRaw": 1}