{"name": "Datacore - Propulsion Subsystems Engineering", "buy": 9017.15, "sell": 40059.94, "base": -1.0, "itemId": 20114, "volume": 0.1, "cachingTime": 1561801604.7253873, "cachingTimeXML": 1561655289.414764, "inProcess": [500000, 500001], "outProcess": [500003, 500004], "isRaw": 1}