{"name": "Datacore - Gallentean Starship Engineering", "buy": 82132.58, "sell": 88568.44, "base": -1.0, "itemId": 20410, "volume": 0.1, "cachingTime": 1561801604.7253873, "cachingTimeXML": 1561655289.4147542, "inProcess": [500000, 500001], "outProcess": [500003, 500004], "isRaw": 1}