{"name": "Datacore - Hydromagnetic Physics", "buy": 96059.47, "sell": 106269.26, "base": -1.0, "itemId": 20171, "volume": 0.1, "cachingTime": 1559934619.862994, "cachingTimeXML": 1559804994.496845, "inProcess": [500000, 500001], "outProcess": [500003, 500004], "isRaw": 1}