{"name": "Datacore - Nanite Engineering", "buy": 91271.62, "sell": 93949.46, "base": -1.0, "itemId": 20416, "volume": 0.1, "cachingTime": 1561801604.7253873, "cachingTimeXML": 1561655289.414759, "inProcess": [500000, 500001], "outProcess": [500003, 500004], "isRaw": 1}