{"name": "Datacore - Offensive Subsystems Engineering", "buy": 6301.05, "sell": 10429.09, "base": -1.0, "itemId": 20425, "volume": 0.1, "cachingTime": 1561801604.7253873, "cachingTimeXML": 1561655289.414763, "inProcess": [500000, 500001], "outProcess": [500003, 500004], "isRaw": 1}