{"name": "Datacore - Graviton Physics", "buy": 93452.71, "sell": 96033.74, "base": -1.0, "itemId": 20419, "volume": 0.1, "cachingTime": 1559934619.862991, "cachingTimeXML": 1559804994.496841, "inProcess": [500000, 500001], "outProcess": [500003, 500004], "isRaw": 1}