{"name": "Datacore - High Energy Physics", "buy": 90963.04, "sell": 97632.85, "base": -1.0, "itemId": 20411, "volume": 0.1, "cachingTime": 1559934619.862993, "cachingTimeXML": 1559804994.496844, "inProcess": [500000, 500001], "outProcess": [500003, 500004], "isRaw": 1}