{"name": "Datacore - Electronic Engineering", "buy": 130061.49, "sell": 138907.33, "base": -1.0, "itemId": 20418, "volume": 0.1, "cachingTime": 1559934619.8630002, "cachingTimeXML": 1559804994.496852, "inProcess": [500000, 500001], "outProcess": [500003, 500004], "isRaw": 1}