{"name": "Datacore - High Energy Physics", "buy": 87357.62, "sell": 88955.21, "base": -1.0, "itemId": 20411, "volume": 0.1, "cachingTime": 1561801604.7253873, "cachingTimeXML": 1561655289.4147499, "inProcess": [500000, 500001], "outProcess": [500003, 500004], "isRaw": 1}