{"name": "Datacore - Electromagnetic Physics", "buy": 129442.57, "sell": 136624.34, "base": -1.0, "itemId": 20417, "volume": 0.1, "cachingTime": 1559934619.8629959, "cachingTimeXML": 1559804994.4968488, "inProcess": [500000, 500001], "outProcess": [500003, 500004], "isRaw": 1}