{"name": "Datacore - Offensive Subsystems Engineering", "buy": 6165.39, "sell": 11092.07, "base": -1.0, "itemId": 20425, "volume": 0.1, "cachingTime": 1559934619.863001, "cachingTimeXML": 1559804994.496854, "inProcess": [500000, 500001], "outProcess": [500003, 500004], "isRaw": 1}