{"name": "Datacore - Minmatar Starship Engineering", "buy": 81828.77, "sell": 84827.57, "base": -1.0, "itemId": 20172, "volume": 0.1, "cachingTime": 1561801604.7253873, "cachingTimeXML": 1561655289.414746, "inProcess": [500000, 500001], "outProcess": [500003, 500004], "isRaw": 1}