{"name": "Datacore - Caldari Starship Engineering", "buy": 83397.71, "sell": 91632.5, "base": -1.0, "itemId": 25887, "volume": 0.1, "cachingTime": 1559934619.862999, "cachingTimeXML": 1559804994.496852, "inProcess": [500000, 500001], "outProcess": [500003, 500004], "isRaw": 1}