{"name": "Datacore - Gallentean Starship Engineering", "buy": 95139.49, "sell": 100152.13, "base": -1.0, "itemId": 20410, "volume": 0.1, "cachingTime": 1559934619.862995, "cachingTimeXML": 1559804994.4968472, "inProcess": [500000, 500001], "outProcess": [500003, 500004], "isRaw": 1}