{"name": "Datacore - Electronic Engineering", "buy": 120097.81, "sell": 119511.21, "base": -1.0, "itemId": 20418, "volume": 0.1, "cachingTime": 1561801604.7253873, "cachingTimeXML": 1561655289.414761, "inProcess": [500000, 500001], "outProcess": [500003, 500004], "isRaw": 1}