{"name": "Datacore - Graviton Physics", "buy": 92780.54, "sell": 89093.09, "base": -1.0, "itemId": 20419, "volume": 0.1, "cachingTime": 1561801604.7253873, "cachingTimeXML": 1561655289.4147468, "inProcess": [500000, 500001], "outProcess": [500003, 500004], "isRaw": 1}