{"name": "Datacore - Laser Physics", "buy": 85183.56, "sell": 92379.79, "base": -1.0, "itemId": 20413, "volume": 0.1, "cachingTime": 1561801604.7253873, "cachingTimeXML": 1561655289.414752, "inProcess": [500000, 500001], "outProcess": [500003, 500004], "isRaw": 1}