{"name": "Datacore - Core Subsystems Engineering", "buy": 4068.52, "sell": 5110.59, "base": -1.0, "itemId": 20115, "volume": 0.1, "cachingTime": 1559934619.862993, "cachingTimeXML": 1559804994.496843, "inProcess": [500000, 500001], "outProcess": [500003, 500004], "isRaw": 1}