{"name": "Datacore - Propulsion Subsystems Engineering", "buy": 8166.69, "sell": 12539.06, "base": -1.0, "itemId": 20114, "volume": 0.1, "cachingTime": 1559934619.863001, "cachingTimeXML": 1559804994.496855, "inProcess": [500000, 500001], "outProcess": [500003, 500004], "isRaw": 1}