{"name": "Datacore - Quantum Physics", "buy": 87693.55, "sell": 89444.96, "base": -1.0, "itemId": 20414, "volume": 0.1, "cachingTime": 1561801604.7253873, "cachingTimeXML": 1561655289.414762, "inProcess": [500000, 500001], "outProcess": [500003, 500004], "isRaw": 1}