{"name": "Datacore - Mechanical Engineering", "buy": 54913.99, "sell": 55308.49, "base": -1.0, "itemId": 20424, "volume": 0.1, "cachingTime": 1559934619.862998, "cachingTimeXML": 1559804994.49685, "inProcess": [500000, 500001], "outProcess": [500003, 500004], "isRaw": 1}