{"name": "Datacore - Rocket Science", "buy": 90933.84, "sell": 105319.06, "base": -1.0, "itemId": 20420, "volume": 0.1, "cachingTime": 1559934619.862997, "cachingTimeXML": 1559804994.4968488, "inProcess": [500000, 500001], "outProcess": [500003, 500004], "isRaw": 1}