{"name": "Datacore - Hydromagnetic Physics", "buy": 113038.27, "sell": 123872.7, "base": -1.0, "itemId": 20171, "volume": 0.1, "cachingTime": 1561801604.7253873, "cachingTimeXML": 1561655289.414751, "inProcess": [500000, 500001], "outProcess": [500003, 500004], "isRaw": 1}