{"name": "Datacore - Molecular Engineering", "buy": 110539.64, "sell": 119723.23, "base": -1.0, "itemId": 20415, "volume": 0.1, "cachingTime": 1561801604.7253873, "cachingTimeXML": 1561655289.414755, "inProcess": [500000, 500001], "outProcess": [500003, 500004], "isRaw": 1}