{"name": "Datacore - Quantum Physics", "buy": 90390.4, "sell": 101755.18, "base": -1.0, "itemId": 20414, "volume": 0.1, "cachingTime": 1559934619.8630002, "cachingTimeXML": 1559804994.4968529, "inProcess": [500000, 500001], "outProcess": [500003, 500004], "isRaw": 1}