{"name": "Datacore - Minmatar Starship Engineering", "buy": 81001.0, "sell": 79630.22, "base": -1.0, "itemId": 20172, "volume": 0.1, "cachingTime": 1559934619.862991, "cachingTimeXML": 1559804994.49684, "inProcess": [500000, 500001], "outProcess": [500003, 500004], "isRaw": 1}