{"name": "Datacore - Laser Physics", "buy": 86914.8, "sell": 99675.12, "base": -1.0, "itemId": 20413, "volume": 0.1, "cachingTime": 1559934619.862994, "cachingTimeXML": 1559804994.496845, "inProcess": [500000, 500001], "outProcess": [500003, 500004], "isRaw": 1}