{"name": "Datacore - Defensive Subsystems Engineering", "buy": 7208.12, "sell": 9482.36, "base": -1.0, "itemId": 11496, "volume": 0.1, "cachingTime": 1559934619.8630028, "cachingTimeXML": 1559804994.4968572, "inProcess": [500000, 500001], "outProcess": [500003, 500004], "isRaw": 1}