{"name": "Datacore - Plasma Physics", "buy": 114646.08, "sell": 125309.07, "base": -1.0, "itemId": 20412, "volume": 0.1, "cachingTime": 1561801604.7253873, "cachingTimeXML": 1561655289.414753, "inProcess": [500000, 500001], "outProcess": [500003, 500004], "isRaw": 1}