{"name": "Datacore - Molecular Engineering", "buy": 98190.29, "sell": 112970.78, "base": -1.0, "itemId": 20415, "volume": 0.1, "cachingTime": 1559934619.8629959, "cachingTimeXML": 1559804994.4968479, "inProcess": [500000, 500001], "outProcess": [500003, 500004], "isRaw": 1}