{"name": "Datacore - Rocket Science", "buy": 89779.91, "sell": 89917.78, "base": -1.0, "itemId": 20420, "volume": 0.1, "cachingTime": 1561801604.7253873, "cachingTimeXML": 1561655289.414757, "inProcess": [500000, 500001], "outProcess": [500003, 500004], "isRaw": 1}