{"name": "Datacore - Electromagnetic Physics", "buy": 115029.97, "sell": 130353.47, "base": -1.0, "itemId": 20417, "volume": 0.1, "cachingTime": 1561801604.7253873, "cachingTimeXML": 1561655289.414756, "inProcess": [500000, 500001], "outProcess": [500003, 500004], "isRaw": 1}