{"name": "Datacore - Amarrian Starship Engineering", "buy": 41479.27, "sell": 44989.8, "base": -1.0, "itemId": 20421, "volume": 0.1, "cachingTime": 1561801604.7253873, "cachingTimeXML": 1561655289.414748, "inProcess": [500000, 500001], "outProcess": [500003, 500004], "isRaw": 1}