{"name": "Datacore - Nanite Engineering", "buy": 90851.73, "sell": 99905.15, "base": -1.0, "itemId": 20416, "volume": 0.1, "cachingTime": 1559934619.862999, "cachingTimeXML": 1559804994.496851, "inProcess": [500000, 500001], "outProcess": [500003, 500004], "isRaw": 1}