{"name": "Compressed Massive Scordite", "buy": 2302.03, "sell": 2213.57, "base": 1228770.0, "itemId": 28428, "volume": 0.19, "cachingTime": 1561801604.7253873, "cachingTimeXML": 1561655289.41459, "inProcess": [500000, 500160], "outProcess": [500003, 500004, 500363]}