{"name": "Compressed Condensed Scordite", "buy": 2327.15, "sell": 1999.65, "base": 1528470.0, "itemId": 28427, "volume": 0.19, "cachingTime": 1561801604.7253873, "cachingTimeXML": 1561655289.414594, "inProcess": [500000, 500158], "outProcess": [500003, 500004, 500361]}