{"name": "Compressed Condensed Scordite", "buy": 1989.27, "sell": 2000.0, "base": 1528470.0, "itemId": 28427, "volume": 0.19, "cachingTime": 1559934619.862897, "cachingTimeXML": 1559804994.4967139, "inProcess": [500000, 500158], "outProcess": [500003, 500004, 500361]}