{"name": "Compressed Glossy Scordite", "buy": 2160.01, "sell": 2942.47, "base": -1.0, "itemId": 46703, "volume": 0.19, "cachingTime": 1559934619.8628962, "cachingTimeXML": 1559804994.4967139, "inProcess": [500000, 500159], "outProcess": [500003, 500004, 500362]}