{"name": "Compressed Massive Scordite", "buy": 2050.03, "sell": 1988.3, "base": 1228770.0, "itemId": 28428, "volume": 0.19, "cachingTime": 1559934619.862894, "cachingTimeXML": 1559804994.496712, "inProcess": [500000, 500160], "outProcess": [500003, 500004, 500363]}