{"name": "Compressed Scordite", "buy": 2101.67, "sell": 2252.89, "base": 1540458.0, "itemId": 28429, "volume": 0.19, "cachingTime": 1559934619.8628979, "cachingTimeXML": 1559804994.496716, "inProcess": [500000, 500161], "outProcess": [500003, 500004, 500364]}