{"name": "Condensed Scordite", "buy": 15.88, "sell": 11.28, "base": -1.0, "itemId": 17463, "volume": 0.15, "cachingTime": 1561801604.7253873, "cachingTimeXML": 1561655289.4145951, "inProcess": [500000, 500001], "outProcess": [500003, 500004, 500365, 500158], "isRaw": 1}