{"name": "Condensed Scordite", "buy": 15.63, "sell": 14.17, "base": -1.0, "itemId": 17463, "volume": 0.15, "cachingTime": 1559934619.862897, "cachingTimeXML": 1559804994.496715, "inProcess": [500000, 500001], "outProcess": [500003, 500004, 500365, 500158], "isRaw": 1}