{"name": "Glossy Scordite", "buy": 16.24, "sell": 39.91, "base": -1.0, "itemId": 46687, "volume": 0.15, "cachingTime": 1559934619.862894, "cachingTimeXML": 1559804994.496711, "inProcess": [500000, 500001], "outProcess": [500003, 500004, 500366, 500159], "isRaw": 1}