{"name": "Massive Scordite", "buy": 17.67, "sell": 15.16, "base": -1.0, "itemId": 17464, "volume": 0.15, "cachingTime": 1561801604.7253873, "cachingTimeXML": 1561655289.414591, "inProcess": [500000, 500001], "outProcess": [500003, 500004, 500367, 500160], "isRaw": 1}