{"name": "Massive Scordite", "buy": 17.2, "sell": 14.84, "base": -1.0, "itemId": 17464, "volume": 0.15, "cachingTime": 1559934619.862895, "cachingTimeXML": 1559804994.496712, "inProcess": [500000, 500001], "outProcess": [500003, 500004, 500367, 500160], "isRaw": 1}