{"name": "Scordite", "buy": 16.3, "sell": 15.72, "base": -1.0, "itemId": 1228, "volume": 0.15, "cachingTime": 1559934619.862895, "cachingTimeXML": 1559804994.496713, "inProcess": [500000, 500001], "outProcess": [500003, 500004, 500368, 500161], "isRaw": 1}