{"name": "Scordite", "buy": 18.19, "sell": 17.28, "base": -1.0, "itemId": 1228, "volume": 0.15, "cachingTime": 1561801604.7253873, "cachingTimeXML": 1561655289.414592, "inProcess": [500000, 500001], "outProcess": [500003, 500004, 500368, 500161], "isRaw": 1}