{"name": "R.A.M.- Starship Tech", "buy": 40002.43, "sell": 282566.54, "base": -1.0, "itemId": 11890, "volume": 0.0, "cachingTime": 1561801604.7253873, "cachingTimeXML": 1561655289.414787, "inProcess": [500000], "outProcess": [500003, 500004]}