{"name": "R.A.M.- Starship Tech", "buy": 40002.44, "sell": 282569.81, "base": -1.0, "itemId": 11890, "volume": 0.0, "cachingTime": 1559934619.863015, "cachingTimeXML": 1559804994.49688, "inProcess": [500000], "outProcess": [500003, 500004]}