{"name": "Fullerite-C50", "buy": 6707.71, "sell": 5062.51, "base": -1.0, "itemId": 30370, "volume": 1.0, "cachingTime": 1561903189.8748941, "cachingTimeXML": 1561655289.4143438, "inProcess": [500000, 500001], "outProcess": [500003, 500004, 500177, 500173], "isRaw": 1}