{"name": "Fullerite-C320", "buy": 61003.58, "sell": 63845.49, "base": -1.0, "itemId": 30377, "volume": 5.0, "cachingTime": 1561903189.874893, "cachingTimeXML": 1561655289.4143429, "inProcess": [500000, 500001], "outProcess": [500003, 500004, 500171], "isRaw": 1}