{"name": "Fullerite-C72", "buy": 12260.01, "sell": 12577.53, "base": -1.0, "itemId": 30373, "volume": 2.0, "cachingTime": 1561903189.8748858, "cachingTimeXML": 1561655289.414338, "inProcess": [500000, 500001], "outProcess": [500003, 500004, 500178, 500176], "isRaw": 1}