{"name": "Fullerite-C60", "buy": 2668.81, "sell": 2596.83, "base": -1.0, "itemId": 30371, "volume": 1.0, "cachingTime": 1561903189.874891, "cachingTimeXML": 1561655289.414342, "inProcess": [500000, 500001], "outProcess": [500003, 500004, 500172, 500177, 500173], "isRaw": 1}