{"name": "Fullerite-C32", "buy": 27103.34, "sell": 26659.84, "base": -1.0, "itemId": 30376, "volume": 5.0, "cachingTime": 1561903189.874888, "cachingTimeXML": 1561655289.414339, "inProcess": [500000, 500001], "outProcess": [500003, 500004, 500171, 500174], "isRaw": 1}