{"name": "Confessor", "buy": 37601001.78, "sell": 39464454.04, "base": 26879489.57, "itemId": 34317, "volume": 5000.0, "cachingTime": 1561903189.874725, "cachingTimeXML": 1561655289.41419, "inProcess": [500000, 500231], "outProcess": [500003, 500004], "isFinal": 1}