{"name": "Datacore - Laser Physics", "buy": 86113.08, "sell": 88409.49, "base": -1.0, "itemId": 20413, "volume": 0.1, "cachingTime": 1561742489.762495, "cachingTimeXML": 1561655289.414752, "inProcess": [500000, 500001], "outProcess": [500003, 500004], "isRaw": 1}