{"name": "Datacore - High Energy Physics", "buy": 87952.43, "sell": 89092.76, "base": -1.0, "itemId": 20411, "volume": 0.1, "cachingTime": 1561742489.762493, "cachingTimeXML": 1561655289.4147499, "inProcess": [500000, 500001], "outProcess": [500003, 500004], "isRaw": 1}