{"name": "Datacore - Mechanical Engineering", "buy": 44602.22, "sell": 45568.23, "base": -1.0, "itemId": 20424, "volume": 0.1, "cachingTime": 1561742489.7624981, "cachingTimeXML": 1561655289.414758, "inProcess": [500000, 500001], "outProcess": [500003, 500004], "isRaw": 1}