{"name": "Datacore - Hydromagnetic Physics", "buy": 110800.2, "sell": 126360.06, "base": -1.0, "itemId": 20171, "volume": 0.1, "cachingTime": 1561742489.7624938, "cachingTimeXML": 1561655289.414751, "inProcess": [500000, 500001], "outProcess": [500003, 500004], "isRaw": 1}