{"name": "Datacore - Electromagnetic Physics", "buy": 115471.08, "sell": 133460.86, "base": -1.0, "itemId": 20417, "volume": 0.1, "cachingTime": 1561742489.762497, "cachingTimeXML": 1561655289.414756, "inProcess": [500000, 500001], "outProcess": [500003, 500004], "isRaw": 1}