{"name": "Datacore - Core Subsystems Engineering", "buy": 4234.82, "sell": 6366.94, "base": -1.0, "itemId": 20115, "volume": 0.1, "cachingTime": 1561742489.762493, "cachingTimeXML": 1561655289.414749, "inProcess": [500000, 500001], "outProcess": [500003, 500004], "isRaw": 1}