{"name": "Datacore - Quantum Physics", "buy": 87734.87, "sell": 92655.5, "base": -1.0, "itemId": 20414, "volume": 0.1, "cachingTime": 1561742489.762501, "cachingTimeXML": 1561655289.414762, "inProcess": [500000, 500001], "outProcess": [500003, 500004], "isRaw": 1}