{"name": "Datacore - Rocket Science", "buy": 89452.61, "sell": 89712.15, "base": -1.0, "itemId": 20420, "volume": 0.1, "cachingTime": 1561742489.7624981, "cachingTimeXML": 1561655289.414757, "inProcess": [500000, 500001], "outProcess": [500003, 500004], "isRaw": 1}