{"name": "Datacore - Gallentean Starship Engineering", "buy": 82126.86, "sell": 88943.05, "base": -1.0, "itemId": 20410, "volume": 0.1, "cachingTime": 1561742489.762496, "cachingTimeXML": 1561655289.4147542, "inProcess": [500000, 500001], "outProcess": [500003, 500004], "isRaw": 1}