{"name": "Datacore - Nuclear Physics", "buy": 89740.51, "sell": 98965.44, "base": -1.0, "itemId": 20423, "volume": 0.1, "cachingTime": 1561742489.762503, "cachingTimeXML": 1561655289.4147651, "inProcess": [500000, 500001], "outProcess": [500003, 500004], "isRaw": 1}