{"name": "Datacore - Graviton Physics", "buy": 90703.82, "sell": 89938.51, "base": -1.0, "itemId": 20419, "volume": 0.1, "cachingTime": 1561742489.762492, "cachingTimeXML": 1561655289.4147468, "inProcess": [500000, 500001], "outProcess": [500003, 500004], "isRaw": 1}