{"name": "Datacore - Molecular Engineering", "buy": 108583.54, "sell": 117989.62, "base": -1.0, "itemId": 20415, "volume": 0.1, "cachingTime": 1561742489.762497, "cachingTimeXML": 1561655289.414755, "inProcess": [500000, 500001], "outProcess": [500003, 500004], "isRaw": 1}