{"name": "Datacore - Amarrian Starship Engineering", "buy": 42055.3, "sell": 44990.69, "base": -1.0, "itemId": 20421, "volume": 0.1, "cachingTime": 1561742489.762492, "cachingTimeXML": 1561655289.414748, "inProcess": [500000, 500001], "outProcess": [500003, 500004], "isRaw": 1}