{"name": "Datacore - Nanite Engineering", "buy": 89677.2, "sell": 93958.4, "base": -1.0, "itemId": 20416, "volume": 0.1, "cachingTime": 1561742489.762499, "cachingTimeXML": 1561655289.414759, "inProcess": [500000, 500001], "outProcess": [500003, 500004], "isRaw": 1}