{"name": "Legion Propulsion - Wake Limiter", "buy": 28110579.22, "sell": 32040760.69, "base": 20496567.04, "itemId": 45612, "volume": 40.0, "cachingTime": 1559934619.863073, "cachingTimeXML": 1559804994.496951, "inProcess": [500000, 500190], "outProcess": [500003, 500004], "isFinal": 1}