{"name": "Legion Propulsion - Interdiction Nullifier", "buy": 30801924.76, "sell": 31999991.98, "base": 20496567.04, "itemId": 45610, "volume": 40.0, "cachingTime": 1559934619.863072, "cachingTimeXML": 1559804994.49695, "inProcess": [500000, 500189], "outProcess": [500003, 500004], "isFinal": 1}