{"name": "Legion Propulsion - Wake Limiter", "buy": 28110708.64, "sell": 31013102.8, "base": 20496567.04, "itemId": 45612, "volume": 40.0, "cachingTime": 1561801604.7253873, "cachingTimeXML": 1561655289.414876, "inProcess": [500000, 500190], "outProcess": [500003, 500004], "isFinal": 1}