{"name": "Legion Propulsion - Intercalated Nanofibers", "buy": 25003094.09, "sell": 33961899.54, "base": 20496567.04, "itemId": 45611, "volume": 40.0, "cachingTime": 1559934619.863073, "cachingTimeXML": 1559804994.49695, "inProcess": [500000, 500188], "outProcess": [500003, 500004], "isFinal": 1}