{"name": "Legion Defensive - Nanobot Injector", "buy": 29900000.04, "sell": 36844115.63, "base": 26194153.62, "itemId": 45588, "volume": 40.0, "cachingTime": 1561655286.2071328, "cachingTimeXML": 1561655289.414879, "inProcess": [500000, 500184], "outProcess": [500003, 500004], "isFinal": 1}