{"name": "Legion Defensive - Covert Reconfiguration", "buy": 36108765.64, "sell": 43842247.55, "base": 26194153.62, "itemId": 45586, "volume": 40.0, "cachingTime": 1561655286.207134, "cachingTimeXML": 1561655289.41488, "inProcess": [500000, 500183], "outProcess": [500003, 500004], "isFinal": 1}