{"name": "Legion Defensive - Augmented Plating", "buy": 27000005.96, "sell": 33764446.61, "base": 26194153.62, "itemId": 45587, "volume": 40.0, "cachingTime": 1561655286.2071319, "cachingTimeXML": 1561655289.414879, "inProcess": [500000, 500182], "outProcess": [500003, 500004], "isFinal": 1}