{"name": "Compressed Omber", "buy": 9005.98, "sell": 10204.11, "base": 1668750.0, "itemId": 28416, "volume": 0.3, "cachingTime": 1559934619.862891, "cachingTimeXML": 1559804994.4967082, "inProcess": [500000, 500147], "outProcess": [500003, 500004, 500338]}