{"name": "Compressed Omber", "buy": 12222.01, "sell": 12450.09, "base": 1668750.0, "itemId": 28416, "volume": 0.3, "cachingTime": 1561801604.7253873, "cachingTimeXML": 1561655289.4145842, "inProcess": [500000, 500147], "outProcess": [500003, 500004, 500338]}