{"name": "Compressed Silvery Omber", "buy": 5010.19, "sell": 5259.03, "base": 889250.0, "itemId": 28417, "volume": 0.3, "cachingTime": 1559934619.862889, "cachingTimeXML": 1559804994.496706, "inProcess": [500000, 500149], "outProcess": [500003, 500004, 500340]}