{"name": "Compressed Platinoid Omber", "buy": 5003.24, "sell": 5174.4, "base": -1.0, "itemId": 46700, "volume": 0.3, "cachingTime": 1559934619.86289, "cachingTimeXML": 1559804994.496707, "inProcess": [500000, 500148], "outProcess": [500003, 500004, 500339]}