{"name": "Compressed Silvery Omber", "buy": 5203.01, "sell": 4343.06, "base": 889250.0, "itemId": 28417, "volume": 0.3, "cachingTime": 1561801604.7253873, "cachingTimeXML": 1561655289.414581, "inProcess": [500000, 500149], "outProcess": [500003, 500004, 500340]}