{"name": "Compressed Golden Omber", "buy": 6000.17, "sell": 5793.48, "base": 1305250.0, "itemId": 28415, "volume": 0.3, "cachingTime": 1559934619.862891, "cachingTimeXML": 1559804994.496709, "inProcess": [500000, 500146], "outProcess": [500003, 500004, 500337]}