{"name": "Golden Omber", "buy": 43.79, "sell": 43.82, "base": -1.0, "itemId": 17868, "volume": 0.6, "cachingTime": 1559934619.862889, "cachingTimeXML": 1559804994.496706, "inProcess": [500000, 500001], "outProcess": [500003, 500004, 500341, 500146], "isRaw": 1}