{"name": "Omber", "buy": 77.73, "sell": 79.27, "base": -1.0, "itemId": 1227, "volume": 0.6, "cachingTime": 1559934619.8628922, "cachingTimeXML": 1559804994.496709, "inProcess": [500000, 500001], "outProcess": [500003, 500004, 500342, 500147], "isRaw": 1}