{"name": "Omber", "buy": 89.68, "sell": 63.98, "base": -1.0, "itemId": 1227, "volume": 0.6, "cachingTime": 1561801604.7253873, "cachingTimeXML": 1561655289.414586, "inProcess": [500000, 500001], "outProcess": [500003, 500004, 500342, 500147], "isRaw": 1}