{"name": "Platinoid Omber", "buy": 75.94, "sell": 36.69, "base": -1.0, "itemId": 46684, "volume": 0.6, "cachingTime": 1559934619.8628879, "cachingTimeXML": 1559804994.496705, "inProcess": [500000, 500001], "outProcess": [500003, 500004, 500343, 500148], "isRaw": 1}