{"name": "Silvery Omber", "buy": 40.71, "sell": 35.73, "base": -1.0, "itemId": 17867, "volume": 0.6, "cachingTime": 1559934619.86289, "cachingTimeXML": 1559804994.496707, "inProcess": [500000, 500001], "outProcess": [500003, 500004, 500344, 500149], "isRaw": 1}