{"name": "Compressed Veldspar", "buy": 2012.99, "sell": 1973.94, "base": 1318680.0, "itemId": 28432, "volume": 0.15, "cachingTime": 1561742489.762371, "cachingTimeXML": 1561655289.41454, "inProcess": [500000, 500169], "outProcess": [500003, 500004, 500380]}