{"name": "Compressed Stable Veldspar", "buy": 1900.0, "sell": 2315.6, "base": -1.0, "itemId": 46705, "volume": 0.15, "cachingTime": 1561742489.76237, "cachingTimeXML": 1561655289.414538, "inProcess": [500000, 500168], "outProcess": [500003, 500004, 500379]}