{"name": "Compressed Dense Veldspar", "buy": 2011.77, "sell": 2054.58, "base": 2236095.0, "itemId": 28431, "volume": 0.15, "cachingTime": 1561742489.762367, "cachingTimeXML": 1561655289.4145331, "inProcess": [500000, 500167], "outProcess": [500003, 500004, 500378]}