{"name": "Compressed Concentrated Veldspar", "buy": 1970.85, "sell": 2129.51, "base": 2560770.0, "itemId": 28430, "volume": 0.15, "cachingTime": 1561742489.762368, "cachingTimeXML": 1561655289.414536, "inProcess": [500000, 500166], "outProcess": [500003, 500004, 500377]}