{"name": "Dense Veldspar", "buy": 17.53, "sell": 15.63, "base": -1.0, "itemId": 17471, "volume": 0.1, "cachingTime": 1561742489.76237, "cachingTimeXML": 1561655289.414539, "inProcess": [500000, 500001], "outProcess": [500003, 500004, 500382, 500167], "isRaw": 1}