{"name": "Stable Veldspar", "buy": 16.12, "sell": 25.0, "base": -1.0, "itemId": 46689, "volume": 0.1, "cachingTime": 1561742489.762368, "cachingTimeXML": 1561655289.4145339, "inProcess": [500000, 500001], "outProcess": [500003, 500004, 500383, 500168], "isRaw": 1}