{"name": "Veldspar", "buy": 16.31, "sell": 14.94, "base": -1.0, "itemId": 1230, "volume": 0.1, "cachingTime": 1561742489.762367, "cachingTimeXML": 1561655289.4145322, "inProcess": [500000, 500001], "outProcess": [500003, 500004, 500384, 500169], "isRaw": 1}