{"name": "Legion Propulsion - Intercalated Nanofibers", "buy": 27100000.0, "sell": 30999998.75, "base": 20496567.04, "itemId": 45611, "volume": 40.0, "cachingTime": 1561742489.7625768, "cachingTimeXML": 1561655289.414876, "inProcess": [500000, 500188], "outProcess": [500003, 500004], "isFinal": 1}