{"name": "Proteus Core - Electronic Efficiency Gate", "buy": 11503176.99, "sell": 14286679.72, "base": 20065362.91, "itemId": 45628, "volume": 40.0, "cachingTime": 1561655286.207098, "cachingTimeXML": 1561655289.414837, "inProcess": [500000, 500204], "outProcess": [500003, 500004], "isFinal": 1}