{"name": "Tengu Offensive - Support Processor", "buy": 34001006.76, "sell": 34307299.11, "base": 23376510.82, "itemId": 45603, "volume": 40.0, "cachingTime": 1561742489.7625651, "cachingTimeXML": 1561655289.41486, "inProcess": [500000, 500199], "outProcess": [500003, 500004], "isFinal": 1}