{"name": "Tengu Offensive - Magnetic Infusion Basin", "buy": 27676738.98, "sell": 34659576.1, "base": 23376510.82, "itemId": 45602, "volume": 40.0, "cachingTime": 1561742489.7625651, "cachingTimeXML": 1561655289.414859, "inProcess": [500000, 500198], "outProcess": [500003, 500004], "isFinal": 1}