{"name": "Compressed Omber", "buy": 12222.0, "sell": 12228.19, "base": 1668750.0, "itemId": 28416, "volume": 0.3, "cachingTime": 1561742489.762387, "cachingTimeXML": 1561655289.4145842, "inProcess": [500000, 500147], "outProcess": [500003, 500004, 500338]}