{"name": "Compressed Golden Omber", "buy": 6010.81, "sell": 6123.24, "base": 1305250.0, "itemId": 28415, "volume": 0.3, "cachingTime": 1561742489.762388, "cachingTimeXML": 1561655289.414585, "inProcess": [500000, 500146], "outProcess": [500003, 500004, 500337]}