{"name": "Compressed Platinoid Omber", "buy": 4919.2, "sell": 7499.55, "base": -1.0, "itemId": 46700, "volume": 0.3, "cachingTime": 1561742489.7623858, "cachingTimeXML": 1561655289.414582, "inProcess": [500000, 500148], "outProcess": [500003, 500004, 500339]}