{"name": "Omber", "buy": 89.58, "sell": 84.46, "base": -1.0, "itemId": 1227, "volume": 0.6, "cachingTime": 1561742489.762389, "cachingTimeXML": 1561655289.414586, "inProcess": [500000, 500001], "outProcess": [500003, 500004, 500342, 500147], "isRaw": 1}