{"name": "Platinoid Omber", "buy": 60.31, "sell": 100.0, "base": -1.0, "itemId": 46684, "volume": 0.6, "cachingTime": 1561742489.762384, "cachingTimeXML": 1561655289.414578, "inProcess": [500000, 500001], "outProcess": [500003, 500004, 500343, 500148], "isRaw": 1}