{"name": "Compressed Onyx Ochre", "buy": 89001.0, "sell": 93961.47, "base": 790000.0, "itemId": 28396, "volume": 4.2, "cachingTime": 1559934619.8629289, "cachingTimeXML": 1559804994.4967492, "inProcess": [500000, 500122], "outProcess": [500003, 500004, 500286]}