{"name": "Compressed Dark Ochre", "buy": 84100.52, "sell": 93812.79, "base": 666240.0, "itemId": 28394, "volume": 4.2, "cachingTime": 1559934619.8629289, "cachingTimeXML": 1559804994.49675, "inProcess": [500000, 500119], "outProcess": [500003, 500004, 500283]}