{"name": "Compressed Jet Ochre", "buy": 97838.86, "sell": 109999.0, "base": -1.0, "itemId": 46694, "volume": 4.2, "cachingTime": 1559934619.862928, "cachingTimeXML": 1559804994.4967492, "inProcess": [500000, 500120], "outProcess": [500003, 500004, 500284]}