{"name": "Compressed Obsidian Ochre", "buy": 93001.05, "sell": 95982.05, "base": 1155120.0, "itemId": 28395, "volume": 4.2, "cachingTime": 1559934619.8629272, "cachingTimeXML": 1559804994.496748, "inProcess": [500000, 500121], "outProcess": [500003, 500004, 500285]}