{"name": "Dark Ochre", "buy": 541.53, "sell": 982.08, "base": -1.0, "itemId": 1232, "volume": 8.0, "cachingTime": 1561801604.7253873, "cachingTimeXML": 1561655289.414646, "inProcess": [500000, 500001], "outProcess": [500003, 500004, 500287, 500119], "isRaw": 1}