{"name": "Dark Ochre", "buy": 541.35, "sell": 1000.0, "base": -1.0, "itemId": 1232, "volume": 8.0, "cachingTime": 1559934619.8629272, "cachingTimeXML": 1559804994.496747, "inProcess": [500000, 500001], "outProcess": [500003, 500004, 500287, 500119], "isRaw": 1}