{"name": "Jet Ochre", "buy": 692.34, "sell": 2394.93, "base": -1.0, "itemId": 46675, "volume": 8.0, "cachingTime": 1561801604.7253873, "cachingTimeXML": 1561655289.4146519, "inProcess": [500000, 500001], "outProcess": [500003, 500004, 500288, 500120], "isRaw": 1}