{"name": "Jet Ochre", "buy": 753.06, "sell": 792.52, "base": -1.0, "itemId": 46675, "volume": 8.0, "cachingTime": 1559934619.8629298, "cachingTimeXML": 1559804994.496751, "inProcess": [500000, 500001], "outProcess": [500003, 500004, 500288, 500120], "isRaw": 1}