{"name": "Obsidian Ochre", "buy": 682.28, "sell": 1055.95, "base": -1.0, "itemId": 17437, "volume": 8.0, "cachingTime": 1559934619.862931, "cachingTimeXML": 1559804994.496752, "inProcess": [500000, 500001], "outProcess": [500003, 500004, 500289, 500121], "isRaw": 1}