{"name": "Onyx Ochre", "buy": 511.91, "sell": 1837.36, "base": -1.0, "itemId": 17436, "volume": 8.0, "cachingTime": 1559934619.8629298, "cachingTimeXML": 1559804994.496751, "inProcess": [500000, 500001], "outProcess": [500003, 500004, 500290, 500122], "isRaw": 1}