{"name": "Tengu", "buy": 149812879.49, "sell": 149898982.72, "base": 97886921.1, "itemId": 29984, "volume": 5000.0, "cachingTime": 1561903189.874736, "cachingTimeXML": 1561655289.414206, "inProcess": [500000, 500228], "outProcess": [500003, 500004], "isFinal": 1}