{"name": "Tengu Propulsion - Fuel Catalyst", "buy": 30000012.48, "sell": 35191029.61, "base": 20496567.04, "itemId": 45615, "volume": 40.0, "cachingTime": 1561801604.7253873, "cachingTimeXML": 1561655289.414863, "inProcess": [500000, 500201], "outProcess": [500003, 500004], "isFinal": 1}