{"name": "Tengu Propulsion - Fuel Catalyst", "buy": 28878034.26, "sell": 30906260.27, "base": 20496567.04, "itemId": 45615, "volume": 40.0, "cachingTime": 1559934619.863064, "cachingTimeXML": 1559804994.4969401, "inProcess": [500000, 500201], "outProcess": [500003, 500004], "isFinal": 1}