{"name": "Tengu Propulsion - Chassis Optimization", "buy": 26766702.92, "sell": 31769997.0, "base": 20496567.04, "itemId": 45614, "volume": 40.0, "cachingTime": 1559934619.863064, "cachingTimeXML": 1559804994.496941, "inProcess": [500000, 500200], "outProcess": [500003, 500004], "isFinal": 1}