{"name": "Tengu Propulsion - Chassis Optimization", "buy": 28766851.78, "sell": 31499997.91, "base": 20496567.04, "itemId": 45614, "volume": 40.0, "cachingTime": 1561801604.7253873, "cachingTimeXML": 1561655289.4148638, "inProcess": [500000, 500200], "outProcess": [500003, 500004], "isFinal": 1}