{"name": "Tengu Propulsion - Interdiction Nullifier", "buy": 29000006.96, "sell": 36695638.61, "base": 20496567.04, "itemId": 45613, "volume": 40.0, "cachingTime": 1561801604.7253873, "cachingTimeXML": 1561655289.4148622, "inProcess": [500000, 500202], "outProcess": [500003, 500004], "isFinal": 1}