{"name": "Tengu Propulsion - Interdiction Nullifier", "buy": 30679102.54, "sell": 30495977.46, "base": 20496567.04, "itemId": 45613, "volume": 40.0, "cachingTime": 1559934619.863063, "cachingTimeXML": 1559804994.496939, "inProcess": [500000, 500202], "outProcess": [500003, 500004], "isFinal": 1}