{"name": "Fulleroferrocene Power Conduits BPO", "buy": 2200206.21, "sell": 10000000.0, "base": -1.0, "itemId": 30477, "volume": 0.0, "cachingTime": 1561655286.2070699, "cachingTimeXML": 1561655289.414801, "inProcess": [500000], "outProcess": [500003, 500004]}