{"name": "Metallofullerene Plating BPO", "buy": 0.0, "sell": 10000000.0, "base": -1.0, "itemId": 30465, "volume": 0.0, "cachingTime": 1561655286.207065, "cachingTimeXML": 1561655289.414793, "inProcess": [500000], "outProcess": [500003, 500004]}