{"name": "Neurovisual Output Analyzer BPO", "buy": 0.0, "sell": 10000000.0, "base": -1.0, "itemId": 30471, "volume": 0.0, "cachingTime": 1561655286.207063, "cachingTimeXML": 1561655289.4147892, "inProcess": [500000], "outProcess": [500003, 500004]}