{"name": "Reinforced Metallofullerene Alloys BPO", "buy": 10000.01, "sell": 10000000.0, "base": -1.0, "itemId": 30009, "volume": 0.0, "cachingTime": 1561655286.207069, "cachingTimeXML": 1561655289.4147992, "inProcess": [500000], "outProcess": [500003, 500004]}