{"name": "Aqueous Liquids", "buy": 1.77, "sell": 1.83, "base": 5.0, "itemId": 2268, "volume": 0.01, "cachingTime": 1559934619.8628259, "cachingTimeXML": 1559804994.496646, "inProcess": [500000, 500001, 500002, 500005], "outProcess": [500003, 500004, 500002, 500005, 500049], "isRaw": 1}