{"name": "Autotrophs", "buy": 4.5, "sell": 3.0, "base": 5.0, "itemId": 2305, "volume": 0.01, "cachingTime": 1559934619.8628218, "cachingTimeXML": 1559804994.496643, "inProcess": [500000, 500001, 500002, 500005], "outProcess": [500003, 500004, 500002, 500005, 500040], "isRaw": 1}