{"name": "Autotrophs", "buy": 5.5, "sell": 7.56, "base": 5.0, "itemId": 2305, "volume": 0.01, "cachingTime": 1561801604.7253873, "cachingTimeXML": 1561655289.414458, "inProcess": [500000, 500001, 500002, 500005], "outProcess": [500003, 500004, 500002, 500005, 500040], "isRaw": 1}