{"name": "Base Metals", "buy": 2.64, "sell": 1.76, "base": 5.0, "itemId": 2267, "volume": 0.01, "cachingTime": 1559934619.862824, "cachingTimeXML": 1559804994.4966452, "inProcess": [500000, 500001, 500002, 500005], "outProcess": [500003, 500004, 500002, 500005, 500046], "isRaw": 1}