{"name": "Carbon Compounds", "buy": 1.31, "sell": 0.8, "base": 5.0, "itemId": 2288, "volume": 0.01, "cachingTime": 1559934619.862824, "cachingTimeXML": 1559804994.496644, "inProcess": [500000, 500001, 500002, 500005], "outProcess": [500003, 500004, 500002, 500005, 500036], "isRaw": 1}