{"name": "Complex Organisms", "buy": 6.3, "sell": 6.31, "base": 5.0, "itemId": 2287, "volume": 0.01, "cachingTime": 1559934619.862818, "cachingTimeXML": 1559804994.496639, "inProcess": [500000, 500001, 500002, 500005], "outProcess": [500003, 500004, 500002, 500005, 500045], "isRaw": 1}