{"name": "Felsic Magma", "buy": 4.43, "sell": 6.96, "base": 5.0, "itemId": 2307, "volume": 0.01, "cachingTime": 1559934619.862827, "cachingTimeXML": 1559804994.496647, "inProcess": [500000, 500001, 500002, 500005], "outProcess": [500003, 500004, 500002, 500005, 500047], "isRaw": 1}