{"name": "Felsic Magma", "buy": 3.52, "sell": 5.36, "base": 5.0, "itemId": 2307, "volume": 0.01, "cachingTime": 1561801604.7253873, "cachingTimeXML": 1561655289.414465, "inProcess": [500000, 500001, 500002, 500005], "outProcess": [500003, 500004, 500002, 500005, 500047], "isRaw": 1}