{"name": "Heavy Metals", "buy": 2.64, "sell": 1.55, "base": 5.0, "itemId": 2272, "volume": 0.01, "cachingTime": 1559934619.862828, "cachingTimeXML": 1559804994.496647, "inProcess": [500000, 500001, 500002, 500005], "outProcess": [500003, 500004, 500002, 500005, 500048], "isRaw": 1}