{"name": "Ionic Solutions", "buy": 3.04, "sell": 3.96, "base": 5.0, "itemId": 2309, "volume": 0.01, "cachingTime": 1559934619.862819, "cachingTimeXML": 1559804994.49664, "inProcess": [500000, 500001, 500002, 500005], "outProcess": [500003, 500004, 500002, 500005, 500039], "isRaw": 1}