{"name": "Microorganisms", "buy": 0.96, "sell": 1.1, "base": 5.0, "itemId": 2073, "volume": 0.01, "cachingTime": 1559934619.862823, "cachingTimeXML": 1559804994.496644, "inProcess": [500000, 500001, 500002, 500005], "outProcess": [500003, 500004, 500002, 500005, 500035], "isRaw": 1}