{"name": "Noble Metals", "buy": 4.06, "sell": 3.5, "base": 5.0, "itemId": 2270, "volume": 0.01, "cachingTime": 1559934619.8628201, "cachingTimeXML": 1559804994.496641, "inProcess": [500000, 500001, 500002, 500005], "outProcess": [500003, 500004, 500002, 500005, 500044], "isRaw": 1}