{"name": "Noble Gas", "buy": 1.39, "sell": 0.97, "base": 5.0, "itemId": 2310, "volume": 0.01, "cachingTime": 1559934619.862825, "cachingTimeXML": 1559804994.4966452, "inProcess": [500000, 500001, 500002, 500005], "outProcess": [500003, 500004, 500002, 500005, 500042], "isRaw": 1}