{"name": "Non-CS Crystals", "buy": 6.69, "sell": 4.78, "base": 5.0, "itemId": 2306, "volume": 0.01, "cachingTime": 1559934619.862817, "cachingTimeXML": 1559804994.496638, "inProcess": [500000, 500001, 500002, 500005], "outProcess": [500003, 500004, 500002, 500005, 500038], "isRaw": 1}