{"name": "Planktic Colonies", "buy": 3.03, "sell": 5.95, "base": 5.0, "itemId": 2286, "volume": 0.01, "cachingTime": 1559934619.862821, "cachingTimeXML": 1559804994.496642, "inProcess": [500000, 500002, 500005], "outProcess": [500003, 500004, 500002, 500005, 500037]}