{"name": "Planktic Colonies", "buy": 3.54, "sell": 5.7, "base": 5.0, "itemId": 2286, "volume": 0.01, "cachingTime": 1561801604.7253873, "cachingTimeXML": 1561655289.4144561, "inProcess": [500000, 500002, 500005], "outProcess": [500003, 500004, 500002, 500005, 500037]}