{"name": "Reactive Gas", "buy": 3.3, "sell": 1.51, "base": 5.0, "itemId": 2311, "volume": 0.01, "cachingTime": 1559934619.8628218, "cachingTimeXML": 1559804994.496642, "inProcess": [500000, 500002, 500005], "outProcess": [500003, 500004, 500002, 500005, 500041]}