{"name": "Suspended Plasma", "buy": 2.1, "sell": 1.1, "base": 5.0, "itemId": 2308, "volume": 0.01, "cachingTime": 1561801604.7253873, "cachingTimeXML": 1561655289.414453, "inProcess": [500000, 500002, 500005], "outProcess": [500003, 500004, 500002, 500005, 500043]}