{"name": "Suspended Plasma", "buy": 2.37, "sell": 1.38, "base": 5.0, "itemId": 2308, "volume": 0.01, "cachingTime": 1559934619.862819, "cachingTimeXML": 1559804994.49664, "inProcess": [500000, 500002, 500005], "outProcess": [500003, 500004, 500002, 500005, 500043]}