{"name": "Bacteria", "buy": 278.84, "sell": 290.65, "base": 400.0, "itemId": 2393, "volume": 0.38, "cachingTime": 1559934619.862813, "cachingTimeXML": 1559804994.496635, "inProcess": [500000, 500002, 500005, 500035], "outProcess": [500003, 500004, 500002, 500005, 500030, 500055, 500070, 500061, 500072]}