{"name": "Biofuels", "buy": 195.93, "sell": 194.0, "base": 400.0, "itemId": 2396, "volume": 0.38, "cachingTime": 1559934619.8628109, "cachingTimeXML": 1559804994.496634, "inProcess": [500000, 500002, 500005, 500036], "outProcess": [500003, 500004, 500002, 500005, 500050, 500064, 500057]}