{"name": "Biomass", "buy": 652.92, "sell": 603.37, "base": 400.0, "itemId": 3779, "volume": 0.38, "cachingTime": 1561801604.7253873, "cachingTimeXML": 1561655289.414436, "inProcess": [500000, 500002, 500005, 500037], "outProcess": [500003, 500004, 500002, 500005, 500056, 500068, 500072]}