{"name": "Biomass", "buy": 672.3, "sell": 631.24, "base": 400.0, "itemId": 3779, "volume": 0.38, "cachingTime": 1559934619.862807, "cachingTimeXML": 1559804994.4966311, "inProcess": [500000, 500002, 500005, 500037], "outProcess": [500003, 500004, 500002, 500005, 500056, 500068, 500072]}