{"name": "Chiral Structures", "buy": 997.88, "sell": 949.29, "base": 400.0, "itemId": 2401, "volume": 0.38, "cachingTime": 1559934619.862806, "cachingTimeXML": 1559804994.49663, "inProcess": [500000, 500002, 500005, 500038], "outProcess": [500003, 500004, 500002, 500005, 500060, 500052, 500071]}