{"name": "Chiral Structures", "buy": 933.3, "sell": 929.71, "base": 400.0, "itemId": 2401, "volume": 0.38, "cachingTime": 1561801604.7253873, "cachingTimeXML": 1561655289.414434, "inProcess": [500000, 500002, 500005, 500038], "outProcess": [500003, 500004, 500002, 500005, 500060, 500052, 500071]}