{"name": "Electrolytes", "buy": 597.49, "sell": 448.68, "base": 400.0, "itemId": 2390, "volume": 0.38, "cachingTime": 1559934619.862814, "cachingTimeXML": 1559804994.496636, "inProcess": [500000, 500002, 500005, 500039], "outProcess": [500003, 500004, 500002, 500005, 500065, 500069, 500053]}