{"name": "Industrial Fibers", "buy": 761.32, "sell": 731.06, "base": 400.0, "itemId": 2397, "volume": 0.38, "cachingTime": 1561801604.7253873, "cachingTimeXML": 1561655289.414437, "inProcess": [500000, 500002, 500005, 500040], "outProcess": [500003, 500004, 500002, 500005, 500064, 500059, 500063]}