{"name": "Industrial Fibers", "buy": 774.4, "sell": 736.3, "base": 400.0, "itemId": 2397, "volume": 0.38, "cachingTime": 1559934619.862808, "cachingTimeXML": 1559804994.496632, "inProcess": [500000, 500002, 500005, 500040], "outProcess": [500003, 500004, 500002, 500005, 500064, 500059, 500063]}