{"name": "Oxidizing Compound", "buy": 669.89, "sell": 590.5, "base": 400.0, "itemId": 2392, "volume": 0.38, "cachingTime": 1559934619.862805, "cachingTimeXML": 1559804994.49663, "inProcess": [500000, 500002, 500005, 500041], "outProcess": [500003, 500004, 500002, 500005, 500066, 500062, 500063]}