{"name": "Oxygen", "buy": 373.05, "sell": 279.31, "base": 400.0, "itemId": 3683, "volume": 0.38, "cachingTime": 1559934619.862805, "cachingTimeXML": 1559804994.496629, "inProcess": [500000, 500002, 500005, 500042], "outProcess": [500003, 500004, 500002, 500005, 500069, 500068, 500062, 500007, 500006, 500009, 500008]}