{"name": "Oxygen", "buy": 348.8, "sell": 294.92, "base": 400.0, "itemId": 3683, "volume": 0.38, "cachingTime": 1561801604.7253873, "cachingTimeXML": 1561655289.414432, "inProcess": [500000, 500002, 500005, 500042], "outProcess": [500003, 500004, 500002, 500005, 500069, 500068, 500062, 500007, 500006, 500009, 500008]}