{"name": "Plasmoids", "buy": 582.79, "sell": 542.13, "base": 400.0, "itemId": 2389, "volume": 0.38, "cachingTime": 1561801604.7253873, "cachingTimeXML": 1561655289.414447, "inProcess": [500000, 500002, 500005, 500043], "outProcess": [500003, 500004, 500002, 500005, 500065, 500067, 500071]}