{"name": "Plasmoids", "buy": 551.0, "sell": 532.74, "base": 400.0, "itemId": 2389, "volume": 0.38, "cachingTime": 1559934619.862815, "cachingTimeXML": 1559804994.4966369, "inProcess": [500000, 500002, 500005, 500043], "outProcess": [500003, 500004, 500002, 500005, 500065, 500067, 500071]}