{"name": "Precious Metals", "buy": 803.98, "sell": 668.88, "base": 400.0, "itemId": 2399, "volume": 0.38, "cachingTime": 1559934619.862804, "cachingTimeXML": 1559804994.496628, "inProcess": [500000, 500002, 500005, 500044], "outProcess": [500003, 500004, 500002, 500005, 500050, 500054, 500058]}