{"name": "Precious Metals", "buy": 739.68, "sell": 707.34, "base": 400.0, "itemId": 2399, "volume": 0.38, "cachingTime": 1561801604.7253873, "cachingTimeXML": 1561655289.414431, "inProcess": [500000, 500002, 500005, 500044], "outProcess": [500003, 500004, 500002, 500005, 500050, 500054, 500058]}