{"name": "Proteins", "buy": 775.31, "sell": 790.83, "base": 400.0, "itemId": 2395, "volume": 0.38, "cachingTime": 1559934619.8628101, "cachingTimeXML": 1559804994.496633, "inProcess": [500000, 500002, 500005, 500045], "outProcess": [500003, 500004, 500002, 500005, 500056, 500055, 500057]}