{"name": "Reactive Metals", "buy": 490.0, "sell": 436.81, "base": 400.0, "itemId": 2398, "volume": 0.38, "cachingTime": 1559934619.8628118, "cachingTimeXML": 1559804994.496635, "inProcess": [500000, 500002, 500005, 500046], "outProcess": [500003, 500004, 500002, 500005, 500029, 500051, 500073, 500061, 500058]}