{"name": "Reactive Metals", "buy": 441.66, "sell": 380.53, "base": 400.0, "itemId": 2398, "volume": 0.38, "cachingTime": 1561801604.7253873, "cachingTimeXML": 1561655289.414444, "inProcess": [500000, 500002, 500005, 500046], "outProcess": [500003, 500004, 500002, 500005, 500029, 500051, 500073, 500061, 500058]}