{"name": "Silicon", "buy": 800.79, "sell": 728.66, "base": 400.0, "itemId": 9828, "volume": 0.38, "cachingTime": 1559934619.8628092, "cachingTimeXML": 1559804994.496633, "inProcess": [500000, 500002, 500005, 500047], "outProcess": [500003, 500004, 500002, 500005, 500066, 500060, 500059]}