{"name": "Silicon", "buy": 891.0, "sell": 746.62, "base": 400.0, "itemId": 9828, "volume": 0.38, "cachingTime": 1561801604.7253873, "cachingTimeXML": 1561655289.41444, "inProcess": [500000, 500002, 500005, 500047], "outProcess": [500003, 500004, 500002, 500005, 500066, 500060, 500059]}