{"name": "Toxic Metals", "buy": 465.82, "sell": 386.12, "base": 400.0, "itemId": 2400, "volume": 0.38, "cachingTime": 1559934619.862803, "cachingTimeXML": 1559804994.496628, "inProcess": [500000, 500002, 500005, 500048], "outProcess": [500003, 500004, 500002, 500005, 500054, 500052, 500051]}