{"name": "Toxic Metals", "buy": 450.68, "sell": 395.19, "base": 400.0, "itemId": 2400, "volume": 0.38, "cachingTime": 1561801604.7253873, "cachingTimeXML": 1561655289.414429, "inProcess": [500000, 500002, 500005, 500048], "outProcess": [500003, 500004, 500002, 500005, 500054, 500052, 500051]}