{"name": "Water", "buy": 463.21, "sell": 355.14, "base": 400.0, "itemId": 3645, "volume": 0.38, "cachingTime": 1559934619.8628092, "cachingTimeXML": 1559804994.496632, "inProcess": [500000, 500002, 500005, 500049], "outProcess": [500003, 500004, 500002, 500005, 500033, 500070, 500067, 500073, 500053]}