{"name": "Arkonor", "buy": 2809.03, "sell": 3655.43, "base": -1.0, "itemId": 22, "volume": 16.0, "cachingTime": 1559934619.862863, "cachingTimeXML": 1559804994.4966788, "inProcess": [500000, 500001], "outProcess": [500003, 500004, 500259, 500107], "isRaw": 1}