{"name": "Compressed Flawless Arkonor", "buy": 354009.22, "sell": 368007.84, "base": -1.0, "itemId": 46691, "volume": 8.8, "cachingTime": 1561801604.7253873, "cachingTimeXML": 1561655289.414523, "inProcess": [500000, 500109], "outProcess": [500003, 500004, 500262]}