{"name": "Compressed Crimson Arkonor", "buy": 330000.26, "sell": 378912.29, "base": 2191750.0, "itemId": 28385, "volume": 8.8, "cachingTime": 1559934619.862868, "cachingTimeXML": 1559804994.4966831, "inProcess": [500000, 500108], "outProcess": [500003, 500004, 500261]}