{"name": "Compressed Arkonor", "buy": 332001.36, "sell": 367691.85, "base": 2385730.0, "itemId": 28367, "volume": 8.8, "cachingTime": 1559934619.862865, "cachingTimeXML": 1559804994.496681, "inProcess": [500000, 500107], "outProcess": [500003, 500004, 500260]}