{"name": "Compressed Arkonor", "buy": 340050.48, "sell": 346500.27, "base": 2385730.0, "itemId": 28367, "volume": 8.8, "cachingTime": 1561801604.7253873, "cachingTimeXML": 1561655289.4145238, "inProcess": [500000, 500107], "outProcess": [500003, 500004, 500260]}