{"name": "Compressed Flawless Arkonor", "buy": 353677.64, "sell": 375192.74, "base": -1.0, "itemId": 46691, "volume": 8.8, "cachingTime": 1559934619.8628638, "cachingTimeXML": 1559804994.496681, "inProcess": [500000, 500109], "outProcess": [500003, 500004, 500262]}