{"name": "Compressed Prime Arkonor", "buy": 340000.2, "sell": 382000.0, "base": 2308080.0, "itemId": 28387, "volume": 8.8, "cachingTime": 1559934619.862868, "cachingTimeXML": 1559804994.496684, "inProcess": [500000, 500110], "outProcess": [500003, 500004, 500263]}