{"name": "Crimson Arkonor", "buy": 2556.24, "sell": 3716.74, "base": -1.0, "itemId": 17425, "volume": 16.0, "cachingTime": 1559934619.862866, "cachingTimeXML": 1559804994.4966831, "inProcess": [500000, 500001], "outProcess": [500003, 500004, 500264, 500108], "isRaw": 1}