{"name": "Flawless Arkonor", "buy": 2888.92, "sell": 3072.79, "base": -1.0, "itemId": 46678, "volume": 16.0, "cachingTime": 1561801604.7253873, "cachingTimeXML": 1561655289.414525, "inProcess": [500000, 500001], "outProcess": [500003, 500004, 500265, 500109], "isRaw": 1}