{"name": "Flawless Arkonor", "buy": 2879.07, "sell": 3461.15, "base": -1.0, "itemId": 46678, "volume": 16.0, "cachingTime": 1559934619.862865, "cachingTimeXML": 1559804994.496682, "inProcess": [500000, 500001], "outProcess": [500003, 500004, 500265, 500109], "isRaw": 1}