{"name": "Prime Arkonor", "buy": 2611.57, "sell": 4800.0, "base": -1.0, "itemId": 17426, "volume": 16.0, "cachingTime": 1559934619.862863, "cachingTimeXML": 1559804994.49668, "inProcess": [500000, 500001], "outProcess": [500003, 500004, 500266, 500110], "isRaw": 1}