{"name": "Compressed Immaculate Jaspet", "buy": 40589.33, "sell": 44648.49, "base": -1.0, "itemId": 46698, "volume": 0.15, "cachingTime": 1561903189.875238, "cachingTimeXML": 1561655289.41468, "inProcess": [500000, 500135], "outProcess": [500003, 500004, 500315]}