{"name": "Compressed Jaspet", "buy": 43233.7, "sell": 43844.78, "base": 1875225.0, "itemId": 28406, "volume": 0.15, "cachingTime": 1561903189.875238, "cachingTimeXML": 1561655289.4146812, "inProcess": [500000, 500136], "outProcess": [500003, 500004, 500316]}