{"name": "Jaspet", "buy": 306.56, "sell": 296.38, "base": -1.0, "itemId": 1226, "volume": 2.0, "cachingTime": 1561903189.875236, "cachingTimeXML": 1561655289.414678, "inProcess": [500000, 500001], "outProcess": [500003, 500004, 500320, 500136], "isRaw": 1}