{"name": "Pure Jaspet", "buy": 336.63, "sell": 285.83, "base": -1.0, "itemId": 17448, "volume": 2.0, "cachingTime": 1561903189.875235, "cachingTimeXML": 1561655289.414676, "inProcess": [500000, 500001], "outProcess": [500003, 500004, 500322, 500138], "isRaw": 1}