{"name": "Legion Propulsion - Intercalated Nanofibers", "buy": 25004000.46, "sell": 30799899.88, "base": 20496567.04, "itemId": 45611, "volume": 40.0, "cachingTime": 1561903189.875426, "cachingTimeXML": 1561655289.414876, "inProcess": [500000, 500188], "outProcess": [500003, 500004], "isFinal": 1}