{"name": "Legion Propulsion - Interdiction Nullifier", "buy": 30801898.11, "sell": 31794999.89, "base": 20496567.04, "itemId": 45610, "volume": 40.0, "cachingTime": 1561903189.875425, "cachingTimeXML": 1561655289.4148748, "inProcess": [500000, 500189], "outProcess": [500003, 500004], "isFinal": 1}