{"name": "Proteus Propulsion - Localized Injectors", "buy": 16100000.0, "sell": 17753637.85, "base": 20496567.04, "itemId": 45618, "volume": 40.0, "cachingTime": 1561903189.8753972, "cachingTimeXML": 1561655289.4148428, "inProcess": [500000, 500214], "outProcess": [500003, 500004], "isFinal": 1}