{"name": "Proteus Propulsion - Interdiction Nullifier", "buy": 29589911.03, "sell": 33039518.57, "base": 20496567.04, "itemId": 45616, "volume": 40.0, "cachingTime": 1561903189.875396, "cachingTimeXML": 1561655289.4148412, "inProcess": [500000, 500213], "outProcess": [500003, 500004], "isFinal": 1}