{"name": "Compressed Gleaming Spodumain", "buy": 420821.11, "sell": 489989.58, "base": 1230375.0, "itemId": 28419, "volume": 28.0, "cachingTime": 1561903189.875117, "cachingTimeXML": 1561655289.4145122, "inProcess": [500000, 500164], "outProcess": [500003, 500004, 500372]}