{"name": "Compressed Spodumain", "buy": 410942.07, "sell": 477394.07, "base": 1067625.0, "itemId": 28420, "volume": 28.0, "cachingTime": 1561903189.875124, "cachingTimeXML": 1561655289.414518, "inProcess": [500000, 500165], "outProcess": [500003, 500004, 500373]}