{"name": "Compressed Bright Spodumain", "buy": 402072.09, "sell": 448840.79, "base": 1004875.0, "itemId": 28418, "volume": 28.0, "cachingTime": 1561903189.8751192, "cachingTimeXML": 1561655289.414515, "inProcess": [500000, 500162], "outProcess": [500003, 500004, 500370]}