{"name": "Spodumain", "buy": 2545.24, "sell": 2399.52, "base": -1.0, "itemId": 19, "volume": 16.0, "cachingTime": 1561903189.8751192, "cachingTimeXML": 1561655289.4145138, "inProcess": [500000, 500001], "outProcess": [500003, 500004, 500376, 500165], "isRaw": 1}