{"name": "Aqueous Liquids", "buy": 1.9, "sell": 1.67, "base": 5.0, "itemId": 2268, "volume": 0.01, "cachingTime": 1561903189.875042, "cachingTimeXML": 1561655289.414464, "inProcess": [500000, 500001, 500002, 500005], "outProcess": [500003, 500004, 500002, 500005, 500049], "isRaw": 1}