{"name": "Base Metals", "buy": 2.67, "sell": 1.77, "base": 5.0, "itemId": 2267, "volume": 0.01, "cachingTime": 1561903189.87504, "cachingTimeXML": 1561655289.4144619, "inProcess": [500000, 500001, 500002, 500005], "outProcess": [500003, 500004, 500002, 500005, 500046], "isRaw": 1}