{"name": "Carbon Compounds", "buy": 1.57, "sell": 1.13, "base": 5.0, "itemId": 2288, "volume": 0.01, "cachingTime": 1561903189.8750389, "cachingTimeXML": 1561655289.41446, "inProcess": [500000, 500001, 500002, 500005], "outProcess": [500003, 500004, 500002, 500005, 500036], "isRaw": 1}