{"name": "Heavy Metals", "buy": 2.72, "sell": 1.8, "base": 5.0, "itemId": 2272, "volume": 0.01, "cachingTime": 1561903189.875048, "cachingTimeXML": 1561655289.4144661, "inProcess": [500000, 500001, 500002, 500005], "outProcess": [500003, 500004, 500002, 500005, 500048], "isRaw": 1}