{"name": "Microorganisms", "buy": 1.21, "sell": 0.99, "base": 5.0, "itemId": 2073, "volume": 0.01, "cachingTime": 1561903189.875037, "cachingTimeXML": 1561655289.414459, "inProcess": [500000, 500001, 500002, 500005], "outProcess": [500003, 500004, 500002, 500005, 500035], "isRaw": 1}