{"name": "Noble Metals", "buy": 4.41, "sell": 3.5, "base": 5.0, "itemId": 2270, "volume": 0.01, "cachingTime": 1561903189.87503, "cachingTimeXML": 1561655289.414455, "inProcess": [500000, 500001, 500002, 500005], "outProcess": [500003, 500004, 500002, 500005, 500044], "isRaw": 1}