{"name": "Planktic Colonies", "buy": 3.56, "sell": 5.68, "base": 5.0, "itemId": 2286, "volume": 0.01, "cachingTime": 1561903189.875032, "cachingTimeXML": 1561655289.4144561, "inProcess": [500000, 500002, 500005], "outProcess": [500003, 500004, 500002, 500005, 500037]}