{"name": "Superconducting Radar Amplifier", "buy": 242132.05, "sell": 975000.0, "base": 1313162.74, "itemId": 45654, "volume": 5.0, "cachingTime": 1561903189.875257, "cachingTimeXML": 1561655289.414699, "inProcess": [500000, 500025], "outProcess": [500003, 500004, 500227], "bpo": 45658}