{"name": "Superconducting Ladar Amplifier", "buy": 1000421.15, "sell": 4170975.63, "base": 1909610.74, "itemId": 45655, "volume": 5.0, "cachingTime": 1561903189.875259, "cachingTimeXML": 1561655289.4147022, "inProcess": [500000, 500023], "outProcess": [500003, 500004, 500230], "bpo": 45659}