{"name": "Superconducting Gravimetric Amplifier", "buy": 400000.0, "sell": 1857636.4, "base": 1756802.66, "itemId": 45653, "volume": 5.0, "cachingTime": 1561903189.875262, "cachingTimeXML": 1561655289.414704, "inProcess": [500000, 500022], "outProcess": [500003, 500004, 500228], "bpo": 45657}