{"name": "Warfare Computation Core", "buy": 763261.0, "sell": 1686893.2, "base": 925748.35, "itemId": 29994, "volume": 10.0, "cachingTime": 1561903189.8752692, "cachingTimeXML": 1561655289.41471, "inProcess": [500000, 500026], "outProcess": [500003, 500004, 500234, 500233, 500232, 500231, 500223, 500222, 500221, 500209, 500210, 500211, 500197, 500198, 500199, 500187, 500185, 500186], "bpo": 29995}