{"name": "Compressed Pellucid Crokite", "buy": 365002.18, "sell": 369349.06, "base": -1.0, "itemId": 46693, "volume": 7.81, "cachingTime": 1561742489.762434, "cachingTimeXML": 1561655289.414662, "inProcess": [500000, 500117], "outProcess": [500003, 500004, 500277]}