{"name": "Compressed Crokite", "buy": 320500.2, "sell": 340533.51, "base": 2608850.0, "itemId": 28391, "volume": 7.81, "cachingTime": 1561742489.762431, "cachingTimeXML": 1561655289.414657, "inProcess": [500000, 500115], "outProcess": [500003, 500004, 500275]}