{"name": "Compressed Crystalline Crokite", "buy": 350568.18, "sell": 386993.21, "base": 2391875.0, "itemId": 28392, "volume": 7.81, "cachingTime": 1561742489.762434, "cachingTimeXML": 1561655289.4146628, "inProcess": [500000, 500116], "outProcess": [500003, 500004, 500276]}