{"name": "Crokite", "buy": 2209.25, "sell": 2875.64, "base": -1.0, "itemId": 1225, "volume": 16.0, "cachingTime": 1561742489.762432, "cachingTimeXML": 1561655289.414659, "inProcess": [500000, 500001], "outProcess": [500003, 500004, 500279, 500115], "isRaw": 1}