{"name": "Sharp Crokite", "buy": 2008.41, "sell": 15961.08, "base": -1.0, "itemId": 17432, "volume": 16.0, "cachingTime": 1561742489.762432, "cachingTimeXML": 1561655289.41466, "inProcess": [500000, 500001], "outProcess": [500003, 500004, 500282, 500118], "isRaw": 1}