{"name": "Compressed Immaculate Jaspet", "buy": 40226.94, "sell": 42634.31, "base": -1.0, "itemId": 46698, "volume": 0.15, "cachingTime": 1561801604.7253873, "cachingTimeXML": 1561655289.41468, "inProcess": [500000, 500135], "outProcess": [500003, 500004, 500315]}