{"name": "Compressed Pristine Jaspet", "buy": 40004.38, "sell": 44949.99, "base": 1987950.0, "itemId": 28407, "volume": 0.15, "cachingTime": 1561801604.7253873, "cachingTimeXML": 1561655289.414679, "inProcess": [500000, 500137], "outProcess": [500003, 500004, 500317]}