{"name": "Compressed Jaspet", "buy": 43233.6, "sell": 41607.84, "base": 1875225.0, "itemId": 28406, "volume": 0.15, "cachingTime": 1561801604.7253873, "cachingTimeXML": 1561655289.4146812, "inProcess": [500000, 500136], "outProcess": [500003, 500004, 500316]}