{"name": "Compressed Pure Jaspet", "buy": 43206.01, "sell": 41105.66, "base": 2652450.0, "itemId": 28408, "volume": 0.15, "cachingTime": 1559934619.862945, "cachingTimeXML": 1559804994.496768, "inProcess": [500000, 500138], "outProcess": [500003, 500004, 500318]}