{"name": "Compressed Immaculate Jaspet", "buy": 43226.92, "sell": 43245.13, "base": -1.0, "itemId": 46698, "volume": 0.15, "cachingTime": 1559934619.862947, "cachingTimeXML": 1559804994.496769, "inProcess": [500000, 500135], "outProcess": [500003, 500004, 500315]}