{"name": "Compressed Pure Jaspet", "buy": 43510.43, "sell": 44179.92, "base": 2652450.0, "itemId": 28408, "volume": 0.15, "cachingTime": 1561801604.7253873, "cachingTimeXML": 1561655289.414677, "inProcess": [500000, 500138], "outProcess": [500003, 500004, 500318]}