{"name": "Compressed Pristine Jaspet", "buy": 40000.0, "sell": 40044.47, "base": 1987950.0, "itemId": 28407, "volume": 0.15, "cachingTime": 1559934619.862946, "cachingTimeXML": 1559804994.496769, "inProcess": [500000, 500137], "outProcess": [500003, 500004, 500317]}