{"name": "Compressed Jaspet", "buy": 43221.78, "sell": 43702.15, "base": 1875225.0, "itemId": 28406, "volume": 0.15, "cachingTime": 1559934619.862947, "cachingTimeXML": 1559804994.4967701, "inProcess": [500000, 500136], "outProcess": [500003, 500004, 500316]}