{"name": "Immaculate Jaspet", "buy": 300.31, "sell": 433.88, "base": -1.0, "itemId": 46682, "volume": 2.0, "cachingTime": 1559934619.862944, "cachingTimeXML": 1559804994.4967659, "inProcess": [500000, 500001], "outProcess": [500003, 500004, 500319, 500135], "isRaw": 1}