{"name": "Jaspet", "buy": 315.18, "sell": 341.11, "base": -1.0, "itemId": 1226, "volume": 2.0, "cachingTime": 1559934619.862946, "cachingTimeXML": 1559804994.496768, "inProcess": [500000, 500001], "outProcess": [500003, 500004, 500320, 500136], "isRaw": 1}