{"name": "Pristine Jaspet", "buy": 333.49, "sell": 296.18, "base": -1.0, "itemId": 17449, "volume": 2.0, "cachingTime": 1559934619.8629482, "cachingTimeXML": 1559804994.496771, "inProcess": [500000, 500001], "outProcess": [500003, 500004, 500321, 500137], "isRaw": 1}