{"name": "Pure Jaspet", "buy": 343.31, "sell": 284.15, "base": -1.0, "itemId": 17448, "volume": 2.0, "cachingTime": 1559934619.862944, "cachingTimeXML": 1559804994.496767, "inProcess": [500000, 500001], "outProcess": [500003, 500004, 500322, 500138], "isRaw": 1}