{"name": "Morphite", "buy": 8533.0, "sell": 8695.25, "base": -1.0, "itemId": 11399, "volume": 0.01, "cachingTime": 1561742489.762452, "cachingTimeXML": 1561655289.4146922, "inProcess": [500000, 500331, 500335, 500333, 500332, 500334, 500336], "outProcess": [500003, 500004]}