{"name": "Compressed Lustrous Hedbergite", "buy": 40050.04, "sell": 41188.24, "base": -1.0, "itemId": 46696, "volume": 0.47, "cachingTime": 1561903189.875146, "cachingTimeXML": 1561655289.4145448, "inProcess": [500000, 500129], "outProcess": [500003, 500004, 500301]}