{"name": "Compressed Vitric Hedbergite", "buy": 34501.32, "sell": 40000.0, "base": 879450.0, "itemId": 28402, "volume": 0.47, "cachingTime": 1561903189.87515, "cachingTimeXML": 1561655289.4145532, "inProcess": [500000, 500130], "outProcess": [500003, 500004, 500302]}