{"name": "Lustrous Hedbergite", "buy": 349.44, "sell": 465.37, "base": -1.0, "itemId": 46680, "volume": 3.0, "cachingTime": 1561903189.8751512, "cachingTimeXML": 1561655289.414565, "inProcess": [500000, 500001], "outProcess": [500003, 500004, 500305, 500129], "isRaw": 1}