{"name": "Carbon-86 Epoxy Resin", "buy": 74000.5, "sell": 72811.57, "base": -1.0, "itemId": 30310, "volume": 0.4, "cachingTime": 1561655286.206738, "cachingTimeXML": 1561655289.414355, "inProcess": [500000, 500171], "outProcess": [500003, 500004, 500021, 500017], "bpo": 46164}