{"name": "Graphene Nanoribbons", "buy": 40779.45, "sell": 47263.16, "base": -1.0, "itemId": 30309, "volume": 1.5, "cachingTime": 1561655286.206739, "cachingTimeXML": 1561655289.414356, "inProcess": [500000, 500174], "outProcess": [500003, 500004, 500019, 500018, 500021, 500020, 500011, 500026], "bpo": 46163}