{"name": "Methanofullerene", "buy": 15521.1, "sell": 15996.98, "base": -1.0, "itemId": 30306, "volume": 0.75, "cachingTime": 1561655286.206741, "cachingTimeXML": 1561655289.414358, "inProcess": [500000, 500176], "outProcess": [500003, 500004, 500014], "bpo": 46157}