{"name": "PPD Fullerene Fibers", "buy": 13100.04, "sell": 13304.08, "base": -1.0, "itemId": 30304, "volume": 0.5, "cachingTime": 1561655286.20674, "cachingTimeXML": 1561655289.414357, "inProcess": [500000, 500177], "outProcess": [500003, 500004, 500025, 500018, 500012, 500023, 500014, 500022, 500024, 500015, 500016, 500011, 500013], "bpo": 46159}