{"name": "Scandium Metallofullerene", "buy": 23002.42, "sell": 26179.89, "base": -1.0, "itemId": 30308, "volume": 0.65, "cachingTime": 1561655286.2067358, "cachingTimeXML": 1561655289.414353, "inProcess": [500000, 500178], "outProcess": [500003, 500004, 500025, 500023, 500014, 500022, 500024, 500017, 500020, 500026], "bpo": 46162}