{"name": "Loki Offensive - Launcher Efficiency Configuration", "buy": 26326357.34, "sell": 34999998.77, "base": 23376510.82, "itemId": 45608, "volume": 40.0, "cachingTime": 1561742489.76254, "cachingTimeXML": 1561655289.414825, "inProcess": [500000, 500221], "outProcess": [500003, 500004], "isFinal": 1}