{"name": "Loki Offensive - Support Processor", "buy": 29506031.98, "sell": 36347822.6, "base": 23376510.82, "itemId": 45609, "volume": 40.0, "cachingTime": 1561742489.762539, "cachingTimeXML": 1561655289.4148228, "inProcess": [500000, 500223], "outProcess": [500003, 500004], "isFinal": 1}