{"name": "Loki Offensive - Projectile Scoping Array", "buy": 32062546.98, "sell": 35999997.66, "base": 23376510.82, "itemId": 45607, "volume": 40.0, "cachingTime": 1561742489.762539, "cachingTimeXML": 1561655289.414824, "inProcess": [500000, 500222], "outProcess": [500003, 500004], "isFinal": 1}