{"name": "Compressed Viscous Pyroxeres", "buy": 5500.54, "sell": 5181.34, "base": 2035962.0, "itemId": 28426, "volume": 0.16, "cachingTime": 1561903189.875229, "cachingTimeXML": 1561655289.414669, "inProcess": [500000, 500157], "outProcess": [500003, 500004, 500356]}