{"name": "Compressed Pyroxeres", "buy": 5005.08, "sell": 5076.76, "base": 2081416.5, "itemId": 28424, "volume": 0.16, "cachingTime": 1561903189.875227, "cachingTimeXML": 1561655289.414666, "inProcess": [500000, 500155], "outProcess": [500003, 500004, 500354]}