{"name": "Compressed Opulent Pyroxeres", "buy": 5615.38, "sell": 5537.07, "base": -1.0, "itemId": 46702, "volume": 0.16, "cachingTime": 1561903189.8752298, "cachingTimeXML": 1561655289.414669, "inProcess": [500000, 500154], "outProcess": [500003, 500004, 500353]}