{"name": "Pyroxeres", "buy": 46.02, "sell": 43.7, "base": -1.0, "itemId": 1224, "volume": 0.3, "cachingTime": 1561903189.875231, "cachingTimeXML": 1561655289.4146712, "inProcess": [500000, 500001], "outProcess": [500003, 500004, 500358, 500155], "isRaw": 1}