{"name": "Solid Pyroxeres", "buy": 47.73, "sell": 43.96, "base": -1.0, "itemId": 17459, "volume": 0.3, "cachingTime": 1561903189.875228, "cachingTimeXML": 1561655289.414667, "inProcess": [500000, 500001], "outProcess": [500003, 500004, 500359, 500156], "isRaw": 1}