{"name": "Viscous Pyroxeres", "buy": 50.98, "sell": 41.89, "base": -1.0, "itemId": 17460, "volume": 0.3, "cachingTime": 1561903189.875231, "cachingTimeXML": 1561655289.414672, "inProcess": [500000, 500001], "outProcess": [500003, 500004, 500360, 500157], "isRaw": 1}