{"name": "Proteus Offensive - Support Processor", "buy": 34298435.34, "sell": 32999797.85, "base": 23376510.82, "itemId": 45606, "volume": 40.0, "cachingTime": 1561655286.207106, "cachingTimeXML": 1561655289.414847, "inProcess": [500000, 500211], "outProcess": [500003, 500004], "isFinal": 1}