{"name": "Proteus Offensive - Hybrid Encoding Platform", "buy": 25499950.57, "sell": 30764646.53, "base": 23376510.82, "itemId": 45604, "volume": 40.0, "cachingTime": 1561655286.207105, "cachingTimeXML": 1561655289.414846, "inProcess": [500000, 500210], "outProcess": [500003, 500004], "isFinal": 1}