{"name": "Proteus Offensive - Drone Synthesis Projector", "buy": 26154186.17, "sell": 33499987.76, "base": 23376510.82, "itemId": 45605, "volume": 40.0, "cachingTime": 1561655286.207104, "cachingTimeXML": 1561655289.414845, "inProcess": [500000, 500209], "outProcess": [500003, 500004], "isFinal": 1}