{"name": "Legion Core - Augmented Antimatter Reactor", "buy": 29162008.91, "sell": 29699999.88, "base": 20065362.91, "itemId": 45623, "volume": 40.0, "cachingTime": 1561903189.875423, "cachingTimeXML": 1561655289.4148722, "inProcess": [500000, 500179], "outProcess": [500003, 500004], "isFinal": 1}