{"name": "Legion Core - Energy Parasitic Complex", "buy": 27000941.48, "sell": 31575131.22, "base": 20065362.91, "itemId": 45624, "volume": 40.0, "cachingTime": 1561903189.8754208, "cachingTimeXML": 1561655289.414871, "inProcess": [500000, 500181], "outProcess": [500003, 500004], "isFinal": 1}