{"name": "Legion Core - Dissolution Sequencer", "buy": 11111111.28, "sell": 13112826.98, "base": 20065362.91, "itemId": 45622, "volume": 40.0, "cachingTime": 1561903189.875422, "cachingTimeXML": 1561655289.4148722, "inProcess": [500000, 500180], "outProcess": [500003, 500004], "isFinal": 1}