{"name": "Compressed Omber", "buy": 11000.75, "sell": 11670.9, "base": 1668750.0, "itemId": 28416, "volume": 0.3, "cachingTime": 1561655286.20691, "cachingTimeXML": 1561655289.4145842, "inProcess": [500000, 500147], "outProcess": [500003, 500004, 500338]}