{"name": "Platinoid Omber", "buy": 60.31, "sell": 95.53, "base": -1.0, "itemId": 46684, "volume": 0.6, "cachingTime": 1561655286.2069068, "cachingTimeXML": 1561655289.414578, "inProcess": [500000, 500001], "outProcess": [500003, 500004, 500343, 500148], "isRaw": 1}