{"name": "Silvery Omber", "buy": 41.2, "sell": 43.41, "base": -1.0, "itemId": 17867, "volume": 0.6, "cachingTime": 1561655286.20691, "cachingTimeXML": 1561655289.414583, "inProcess": [500000, 500001], "outProcess": [500003, 500004, 500344, 500149], "isRaw": 1}