{"name": "Loki Propulsion - Interdiction Nullifier", "buy": 30191040.71, "sell": 33681481.46, "base": 20496567.04, "itemId": 45619, "volume": 40.0, "cachingTime": 1561801604.7253873, "cachingTimeXML": 1561655289.4148202, "inProcess": [500000, 500225], "outProcess": [500003, 500004], "isFinal": 1}