{"name": "Loki Propulsion - Intercalated Nanofibers", "buy": 30000453.49, "sell": 34799713.94, "base": 20496567.04, "itemId": 45620, "volume": 40.0, "cachingTime": 1561801604.7253873, "cachingTimeXML": 1561655289.414818, "inProcess": [500000, 500224], "outProcess": [500003, 500004], "isFinal": 1}