{"name": "Loki Propulsion - Intercalated Nanofibers", "buy": 24823624.67, "sell": 33099997.85, "base": 20496567.04, "itemId": 45620, "volume": 40.0, "cachingTime": 1559934619.863033, "cachingTimeXML": 1559804994.4969049, "inProcess": [500000, 500224], "outProcess": [500003, 500004], "isFinal": 1}