{"name": "Loki Propulsion - Wake Limiter", "buy": 32009643.22, "sell": 33183835.82, "base": 20496567.04, "itemId": 45621, "volume": 40.0, "cachingTime": 1559934619.863034, "cachingTimeXML": 1559804994.496906, "inProcess": [500000, 500226], "outProcess": [500003, 500004], "isFinal": 1}