{"name": "Loki Propulsion - Interdiction Nullifier", "buy": 31677073.96, "sell": 33999999.98, "base": 20496567.04, "itemId": 45619, "volume": 40.0, "cachingTime": 1559934619.863035, "cachingTimeXML": 1559804994.496907, "inProcess": [500000, 500225], "outProcess": [500003, 500004], "isFinal": 1}