{"name": "Loki Propulsion - Wake Limiter", "buy": 26802011.04, "sell": 33499999.94, "base": 20496567.04, "itemId": 45621, "volume": 40.0, "cachingTime": 1561801604.7253873, "cachingTimeXML": 1561655289.414819, "inProcess": [500000, 500226], "outProcess": [500003, 500004], "isFinal": 1}