{"name": "Compressed Massive Scordite", "buy": 2304.73, "sell": 2094.13, "base": 1228770.0, "itemId": 28428, "volume": 0.19, "cachingTime": 1561655286.2069151, "cachingTimeXML": 1561655289.41459, "inProcess": [500000, 500160], "outProcess": [500003, 500004, 500363]}