{"name": "Compressed Glossy Scordite", "buy": 2401.09, "sell": 2500.0, "base": -1.0, "itemId": 46703, "volume": 0.19, "cachingTime": 1561655286.206917, "cachingTimeXML": 1561655289.414593, "inProcess": [500000, 500159], "outProcess": [500003, 500004, 500362]}