{"name": "Condensed Scordite", "buy": 16.02, "sell": 13.96, "base": -1.0, "itemId": 17463, "volume": 0.15, "cachingTime": 1561655286.206918, "cachingTimeXML": 1561655289.4145951, "inProcess": [500000, 500001], "outProcess": [500003, 500004, 500365, 500158], "isRaw": 1}