{"name": "Massive Scordite", "buy": 17.82, "sell": 15.11, "base": -1.0, "itemId": 17464, "volume": 0.15, "cachingTime": 1561655286.2069151, "cachingTimeXML": 1561655289.414591, "inProcess": [500000, 500001], "outProcess": [500003, 500004, 500367, 500160], "isRaw": 1}