{"name": "Scordite", "buy": 18.08, "sell": 18.46, "base": -1.0, "itemId": 1228, "volume": 0.15, "cachingTime": 1561655286.206916, "cachingTimeXML": 1561655289.414592, "inProcess": [500000, 500001], "outProcess": [500003, 500004, 500368, 500161], "isRaw": 1}