{"name": "Compressed Magma Mercoxit", "buy": 2000037.24, "sell": 2189000.0, "base": 5759485.0, "itemId": 28412, "volume": 0.1, "cachingTime": 1561655286.2069209, "cachingTimeXML": 1561655289.414599, "inProcess": [500000, 500143], "outProcess": [500003, 500004, 500331]}