{"name": "Compressed Vitreous Mercoxit", "buy": 2100002.89, "sell": 2440000.0, "base": 2708050.0, "itemId": 28414, "volume": 0.1, "cachingTime": 1561655286.206923, "cachingTimeXML": 1561655289.4146008, "inProcess": [500000, 500145], "outProcess": [500003, 500004, 500333]}