{"name": "Vitreous Mercoxit", "buy": 14000.57, "sell": 15000.0, "base": -1.0, "itemId": 17870, "volume": 40.0, "cachingTime": 1561655286.2069252, "cachingTimeXML": 1561655289.4146051, "inProcess": [500000, 500001], "outProcess": [500003, 500004, 500336, 500145], "isRaw": 1}