{"name": "Legion Propulsion - Intercalated Nanofibers", "buy": 29020580.3, "sell": 31020579.99, "base": 20496567.04, "itemId": 45611, "volume": 40.0, "cachingTime": 1561655286.2071302, "cachingTimeXML": 1561655289.414876, "inProcess": [500000, 500188], "outProcess": [500003, 500004], "isFinal": 1}