{"name": "Legion Propulsion - Wake Limiter", "buy": 28110698.46, "sell": 31700700.0, "base": 20496567.04, "itemId": 45612, "volume": 40.0, "cachingTime": 1561655286.2071302, "cachingTimeXML": 1561655289.414876, "inProcess": [500000, 500190], "outProcess": [500003, 500004], "isFinal": 1}