{"name": "Legion Propulsion - Interdiction Nullifier", "buy": 30801892.09, "sell": 30499938.66, "base": 20496567.04, "itemId": 45610, "volume": 40.0, "cachingTime": 1561655286.207129, "cachingTimeXML": 1561655289.4148748, "inProcess": [500000, 500189], "outProcess": [500003, 500004], "isFinal": 1}