{"name": "Proteus Defensive - Covert Reconfiguration", "buy": 37710101.03, "sell": 42194658.13, "base": 26194153.62, "itemId": 45592, "volume": 40.0, "cachingTime": 1561742489.762557, "cachingTimeXML": 1561655289.414849, "inProcess": [500000, 500207], "outProcess": [500003, 500004], "isFinal": 1}