{"name": "Compressed Pyroxeres", "buy": 5001.1, "sell": 5095.95, "base": 2081416.5, "itemId": 28424, "volume": 0.16, "cachingTime": 1561655286.2069702, "cachingTimeXML": 1561655289.414666, "inProcess": [500000, 500155], "outProcess": [500003, 500004, 500354]}