{"name": "Compressed Opulent Pyroxeres", "buy": 5613.09, "sell": 5761.75, "base": -1.0, "itemId": 46702, "volume": 0.16, "cachingTime": 1561655286.2069728, "cachingTimeXML": 1561655289.414669, "inProcess": [500000, 500154], "outProcess": [500003, 500004, 500353]}