{"name": "Isogen", "buy": 15.78, "sell": 12.47, "base": -1.0, "itemId": 37, "volume": 0.01, "cachingTime": 1559934619.862952, "cachingTimeXML": 1559804994.496775, "inProcess": [500000, 500372, 500375, 500376, 500370, 500369, 500374, 500371, 500373, 500301, 500304, 500299, 500306, 500302, 500303, 500305, 500300, 500326, 500329, 500325, 500323, 500330, 500328, 500327, 500324, 500343, 500341, 500340, 500339, 500344, 500338, 500337, 500342, 500307, 500310, 500312, 500309, 500311, 500313, 500314, 500308, 500291, 500293, 500292, 500296, 500294, 500297, 500298, 500295, 500287, 500285, 500284, 500286, 500283, 500290, 500288, 500289], "outProcess": [500003, 500004, 500176, 500010]}