{"name": "Megacyte", "buy": 454.44, "sell": 430.45, "base": -1.0, "itemId": 40, "volume": 0.01, "cachingTime": 1559934619.8629508, "cachingTimeXML": 1559804994.496774, "inProcess": [500000, 500259, 500266, 500262, 500260, 500265, 500264, 500261, 500263, 500274, 500268, 500271, 500272, 500270, 500267, 500269, 500273], "outProcess": [500003, 500004, 500170]}