{"name": "Morphite", "buy": 8647.75, "sell": 8716.88, "base": -1.0, "itemId": 11399, "volume": 0.01, "cachingTime": 1559934619.862954, "cachingTimeXML": 1559804994.496778, "inProcess": [500000, 500331, 500335, 500333, 500332, 500334, 500336], "outProcess": [500003, 500004]}