{"name": "Nocxium", "buy": 298.03, "sell": 295.48, "base": -1.0, "itemId": 38, "volume": 0.01, "cachingTime": 1561801604.7253873, "cachingTimeXML": 1561655289.414689, "inProcess": [500000, 500301, 500304, 500299, 500306, 500302, 500303, 500305, 500300, 500307, 500310, 500312, 500309, 500311, 500313, 500314, 500308, 500287, 500285, 500284, 500286, 500283, 500290, 500288, 500289, 500280, 500275, 500278, 500279, 500282, 500281, 500277, 500276, 500354, 500359, 500355, 500356, 500353, 500358, 500360, 500357, 500319, 500322, 500318, 500320, 500317, 500315, 500316, 500321], "outProcess": [500003, 500004, 500175, 500174, 500010]}