{"name": "Tritanium", "buy": 5.17, "sell": 3.75, "base": -1.0, "itemId": 34, "volume": 0.01, "cachingTime": 1559934619.8629498, "cachingTimeXML": 1559804994.496773, "inProcess": [500000, 500372, 500375, 500376, 500370, 500369, 500374, 500371, 500373, 500259, 500266, 500262, 500260, 500265, 500264, 500261, 500263, 500384, 500378, 500383, 500377, 500379, 500382, 500380, 500381, 500326, 500329, 500325, 500323, 500330, 500328, 500327, 500324, 500343, 500341, 500340, 500339, 500344, 500338, 500337, 500342, 500366, 500363, 500367, 500368, 500362, 500361, 500365, 500364, 500345, 500348, 500347, 500351, 500349, 500350, 500352, 500346, 500307, 500310, 500312, 500309, 500311, 500313, 500314, 500308, 500287, 500285, 500284, 500286, 500283, 500290, 500288, 500289, 500280, 500275, 500278, 500279, 500282, 500281, 500277, 500276, 500354, 500359, 500355, 500356, 500353, 500358, 500360, 500357], "outProcess": [500003, 500004, 500173, 500010]}