{"name": "Compressed Resplendant Kernite", "buy": 16700.83, "sell": 18209.64, "base": -1.0, "itemId": 46699, "volume": 0.19, "cachingTime": 1561742489.762379, "cachingTimeXML": 1561655289.414569, "inProcess": [500000, 500142], "outProcess": [500003, 500004, 500326]}