{"name": "Compressed Fiery Kernite", "buy": 15209.16, "sell": 16472.47, "base": 2021400.0, "itemId": 28409, "volume": 0.19, "cachingTime": 1561742489.762381, "cachingTimeXML": 1561655289.414572, "inProcess": [500000, 500139], "outProcess": [500003, 500004, 500323]}