{"name": "Compressed Kernite", "buy": 14503.76, "sell": 15980.67, "base": 2557680.0, "itemId": 28410, "volume": 0.19, "cachingTime": 1561742489.7623832, "cachingTimeXML": 1561655289.414576, "inProcess": [500000, 500140], "outProcess": [500003, 500004, 500324]}