{"name": "Fiery Kernite", "buy": 131.65, "sell": 131.68, "base": -1.0, "itemId": 17453, "volume": 1.2, "cachingTime": 1561742489.762382, "cachingTimeXML": 1561655289.414575, "inProcess": [500000, 500001], "outProcess": [500003, 500004, 500327, 500139], "isRaw": 1}