{"name": "Kernite", "buy": 189.27, "sell": 169.7, "base": -1.0, "itemId": 20, "volume": 1.2, "cachingTime": 1561742489.762382, "cachingTimeXML": 1561655289.4145741, "inProcess": [500000, 500001], "outProcess": [500003, 500004, 500328, 500140], "isRaw": 1}