{"name": "Legion Core - Dissolution Sequencer", "buy": 11111111.26, "sell": 13189430.1, "base": 20065362.91, "itemId": 45622, "volume": 40.0, "cachingTime": 1561801604.7253873, "cachingTimeXML": 1561655289.4148722, "inProcess": [500000, 500180], "outProcess": [500003, 500004], "isFinal": 1}