{"name": "Legion Core - Energy Parasitic Complex", "buy": 27000941.48, "sell": 32637538.72, "base": 20065362.91, "itemId": 45624, "volume": 40.0, "cachingTime": 1561801604.7253873, "cachingTimeXML": 1561655289.414871, "inProcess": [500000, 500181], "outProcess": [500003, 500004], "isFinal": 1}