{"name": "Legion Core - Augmented Antimatter Reactor", "buy": 29162008.83, "sell": 31599999.97, "base": 20065362.91, "itemId": 45623, "volume": 40.0, "cachingTime": 1561801604.7253873, "cachingTimeXML": 1561655289.4148722, "inProcess": [500000, 500179], "outProcess": [500003, 500004], "isFinal": 1}