{"name": "Legion Core - Dissolution Sequencer", "buy": 12000000.12, "sell": 12084049.64, "base": 20065362.91, "itemId": 45622, "volume": 40.0, "cachingTime": 1559934619.86307, "cachingTimeXML": 1559804994.496947, "inProcess": [500000, 500180], "outProcess": [500003, 500004], "isFinal": 1}