{"name": "Legion Core - Augmented Antimatter Reactor", "buy": 27500195.42, "sell": 33178566.45, "base": 20065362.91, "itemId": 45623, "volume": 40.0, "cachingTime": 1559934619.863071, "cachingTimeXML": 1559804994.496948, "inProcess": [500000, 500179], "outProcess": [500003, 500004], "isFinal": 1}