{"name": "Legion Core - Energy Parasitic Complex", "buy": 27000790.05, "sell": 30007601.01, "base": 20065362.91, "itemId": 45624, "volume": 40.0, "cachingTime": 1559934619.8630688, "cachingTimeXML": 1559804994.496947, "inProcess": [500000, 500181], "outProcess": [500003, 500004], "isFinal": 1}