{"name": "Compressed Crokite", "buy": 320500.04, "sell": 340452.13, "base": 2608850.0, "itemId": 28391, "volume": 7.81, "cachingTime": 1561655286.206964, "cachingTimeXML": 1561655289.414657, "inProcess": [500000, 500115], "outProcess": [500003, 500004, 500275]}