{"name": "Crystalline Crokite", "buy": 2113.7, "sell": 2003.0, "base": -1.0, "itemId": 17433, "volume": 16.0, "cachingTime": 1561655286.206963, "cachingTimeXML": 1561655289.414656, "inProcess": [500000, 500001], "outProcess": [500003, 500004, 500280, 500116], "isRaw": 1}