{"name": "Intact Power Cores", "buy": 2255000.63, "sell": 3948332.4, "base": -1.0, "itemId": 30582, "volume": 10.0, "cachingTime": 1561903189.8753111, "cachingTimeXML": 1561655289.414735, "inProcess": [500000, 500001], "outProcess": [500003, 500004], "isRaw": 1}