{"name": "Intact Armor Nanobot", "buy": 21025882.37, "sell": 2499999999.99, "base": -1.0, "itemId": 30614, "volume": 10.0, "cachingTime": 1561903189.8752909, "cachingTimeXML": 1561655289.4147258, "inProcess": [500000, 500001], "outProcess": [500003, 500004], "isRaw": 1}