{"name": "Intact Weapon Subroutines", "buy": 6311001.08, "sell": 11092855.64, "base": -1.0, "itemId": 30628, "volume": 10.0, "cachingTime": 1561903189.8752818, "cachingTimeXML": 1561655289.41472, "inProcess": [500000, 500001], "outProcess": [500003, 500004], "isRaw": 1}