{"name": "Malfunctioning Thruster Sections", "buy": 4000000.21, "sell": 3800099.9, "base": -1.0, "itemId": 30558, "volume": 10.0, "cachingTime": 1561903189.875294, "cachingTimeXML": 1561655289.4147289, "inProcess": [500000, 500001], "outProcess": [500003, 500004], "isRaw": 1}