{"name": "Malfunctioning Hull Section", "buy": 16000000.31, "sell": 18643748.53, "base": -1.0, "itemId": 30753, "volume": 50.0, "cachingTime": 1561903189.875294, "cachingTimeXML": 1561655289.4147289, "inProcess": [500000, 500001], "outProcess": [500003, 500004], "isRaw": 1}