{"name": "Malfunctioning Weapon Subroutines", "buy": 1402000.42, "sell": 1923799.33, "base": -1.0, "itemId": 30632, "volume": 10.0, "cachingTime": 1561903189.875296, "cachingTimeXML": 1561655289.414731, "inProcess": [500000, 500001], "outProcess": [500003, 500004], "isRaw": 1}