{"name": "Malfunctioning Power Cores", "buy": 810004.95, "sell": 1175269.78, "base": -1.0, "itemId": 30586, "volume": 10.0, "cachingTime": 1561903189.875284, "cachingTimeXML": 1561655289.414721, "inProcess": [500000, 500001], "outProcess": [500003, 500004], "isRaw": 1}