{"name": "Malfunctioning Armor Nanobot", "buy": 3000000.56, "sell": 3083332.92, "base": -1.0, "itemId": 30615, "volume": 10.0, "cachingTime": 1561903189.8752902, "cachingTimeXML": 1561655289.4147258, "inProcess": [500000, 500001], "outProcess": [500003, 500004], "isRaw": 1}