{"name": "Small Intact Hull Section", "buy": 69220000.0, "sell": 70714285.71, "base": -1.0, "itemId": 34412, "volume": 20.0, "cachingTime": 1561903189.875297, "cachingTimeXML": 1561655289.4147332, "inProcess": [500000, 500001], "outProcess": [500003, 500004], "isRaw": 1}