{"name": "Small Wrecked Hull Section", "buy": 4166022.86, "sell": 4245000.01, "base": -1.0, "itemId": 34416, "volume": 20.0, "cachingTime": 1561903189.875296, "cachingTimeXML": 1561655289.414732, "inProcess": [500000, 500001], "outProcess": [500003, 500004], "isRaw": 1}