{"name": "Small Malfunctioning Hull Section", "buy": 15700077.1, "sell": 22567011.66, "base": -1.0, "itemId": 34414, "volume": 20.0, "cachingTime": 1561903189.875286, "cachingTimeXML": 1561655289.4147232, "inProcess": [500000, 500001], "outProcess": [500003, 500004], "isRaw": 1}