{"name": "Proteus", "buy": 139000021.13, "sell": 148757550.82, "base": 97886921.1, "itemId": 29988, "volume": 5000.0, "cachingTime": 1561903189.8747342, "cachingTimeXML": 1561655289.414203, "inProcess": [500000, 500229], "outProcess": [500003, 500004], "isFinal": 1}