{"name": "Ancient Radar Decorrelator", "buy": 5386.81, "sell": 9699.47, "base": -1.0, "itemId": 45662, "volume": 0.01, "cachingTime": 1561655286.2066948, "cachingTimeXML": 1561655289.414313, "inProcess": [500000, 500001], "outProcess": [500003, 500004, 500025, 500023, 500022, 500024], "isRaw": 1}