{"name": "Cartesian Temporal Coordinator", "buy": 9504.0, "sell": 10998.47, "base": -1.0, "itemId": 30024, "volume": 0.01, "cachingTime": 1561655286.2067058, "cachingTimeXML": 1561655289.414321, "inProcess": [500000, 500001], "outProcess": [500003, 500004, 500011], "isRaw": 1}