{"name": "Central System Controller", "buy": 34115.0, "sell": 55579.82, "base": -1.0, "itemId": 30270, "volume": 0.01, "cachingTime": 1561655286.206699, "cachingTimeXML": 1561655289.414315, "inProcess": [500000, 500001], "outProcess": [500003, 500004, 500012, 500021], "isRaw": 1}