{"name": "Defensive Control Node", "buy": 22093.12, "sell": 34439.91, "base": -1.0, "itemId": 30269, "volume": 0.01, "cachingTime": 1561655286.206701, "cachingTimeXML": 1561655289.414316, "inProcess": [500000, 500001], "outProcess": [500003, 500004, 500012, 500021], "isRaw": 1}