{"name": "Emergent Combat Intelligence", "buy": 18798.43, "sell": 37628.31, "base": -1.0, "itemId": 30271, "volume": 0.01, "cachingTime": 1561655286.206709, "cachingTimeXML": 1561655289.414324, "inProcess": [500000, 500001], "outProcess": [500003, 500004, 500012, 500021], "isRaw": 1}