{"name": "Emergent Combat Analyzer", "buy": 42596.9, "sell": 71544.64, "base": -1.0, "itemId": 30248, "volume": 0.01, "cachingTime": 1561655286.2067032, "cachingTimeXML": 1561655289.414319, "inProcess": [500000, 500001], "outProcess": [500003, 500004, 500026], "isRaw": 1}