{"name": "Fused Nanomechanical Engines", "buy": 25000.0, "sell": 47598.34, "base": -1.0, "itemId": 30018, "volume": 0.01, "cachingTime": 1561655286.206708, "cachingTimeXML": 1561655289.4143229, "inProcess": [500000, 500001], "outProcess": [500003, 500004, 500018], "isRaw": 1}