{"name": "Heuristic Selfassemblers", "buy": 140000.02, "sell": 179186.04, "base": -1.0, "itemId": 30022, "volume": 0.01, "cachingTime": 1561655286.206711, "cachingTimeXML": 1561655289.414326, "inProcess": [500000, 500001], "outProcess": [500003, 500004, 500021, 500020], "isRaw": 1}