{"name": "Jump Drive Control Nexus", "buy": 40600.43, "sell": 95433.81, "base": -1.0, "itemId": 30268, "volume": 0.01, "cachingTime": 1561655286.2067158, "cachingTimeXML": 1561655289.41433, "inProcess": [500000, 500001], "outProcess": [500003, 500004, 500012, 500021], "isRaw": 1}