{"name": "Melted Nanoribbons", "buy": 131002.07, "sell": 187615.48, "base": -1.0, "itemId": 30259, "volume": 0.01, "cachingTime": 1561655286.206701, "cachingTimeXML": 1561655289.4143171, "inProcess": [500000, 500001], "outProcess": [500003, 500004, 500017, 500013], "isRaw": 1}