{"name": "Neurovisual Input Matrix", "buy": 9000.18, "sell": 11748.92, "base": -1.0, "itemId": 30251, "volume": 0.01, "cachingTime": 1561655286.2067041, "cachingTimeXML": 1561655289.4143202, "inProcess": [500000, 500001], "outProcess": [500003, 500004, 500014, 500021, 500013], "isRaw": 1}