{"name": "Resonance Calibration Matrix", "buy": 43010.06, "sell": 83435.31, "base": -1.0, "itemId": 30258, "volume": 0.01, "cachingTime": 1561655286.2067132, "cachingTimeXML": 1561655289.414328, "inProcess": [500000, 500001], "outProcess": [500003, 500004, 500019], "isRaw": 1}