{"name": "Scorched Microgravimeter", "buy": 67513.29, "sell": 88976.13, "base": -1.0, "itemId": 45660, "volume": 0.01, "cachingTime": 1561655286.2067142, "cachingTimeXML": 1561655289.414329, "inProcess": [500000, 500001], "outProcess": [500003, 500004, 500025, 500023, 500022, 500024], "isRaw": 1}