{"name": "Synthetic Aperture Ladar Receiver", "buy": 82208.21, "sell": 133674.93, "base": -1.0, "itemId": 45663, "volume": 0.01, "cachingTime": 1561655286.206717, "cachingTimeXML": 1561655289.414331, "inProcess": [500000, 500001], "outProcess": [500003, 500004, 500025, 500023, 500022, 500024], "isRaw": 1}