{"name": "Thermoelectric Catalysts", "buy": 16380.3, "sell": 48580.58, "base": -1.0, "itemId": 30252, "volume": 0.01, "cachingTime": 1561655286.206712, "cachingTimeXML": 1561655289.4143271, "inProcess": [500000, 500001], "outProcess": [500003, 500004, 500012, 500021], "isRaw": 1}