{"name": "Proteus Offensive - Support Processor", "buy": 26545549.56, "sell": 30819718.99, "base": 23376510.82, "itemId": 45606, "volume": 40.0, "cachingTime": 1559934619.8630521, "cachingTimeXML": 1559804994.496927, "inProcess": [500000, 500211], "outProcess": [500003, 500004], "isFinal": 1}