{"name": "Proteus Offensive - Hybrid Encoding Platform", "buy": 28683377.92, "sell": 31142712.63, "base": 23376510.82, "itemId": 45604, "volume": 40.0, "cachingTime": 1559934619.8630521, "cachingTimeXML": 1559804994.496926, "inProcess": [500000, 500210], "outProcess": [500003, 500004], "isFinal": 1}