{"name": "Proteus Offensive - Drone Synthesis Projector", "buy": 31501006.05, "sell": 36699781.06, "base": 23376510.82, "itemId": 45605, "volume": 40.0, "cachingTime": 1559934619.863051, "cachingTimeXML": 1559804994.496926, "inProcess": [500000, 500209], "outProcess": [500003, 500004], "isFinal": 1}