{"name": "Proteus Offensive - Hybrid Encoding Platform", "buy": 25333302.72, "sell": 30330238.15, "base": 23376510.82, "itemId": 45604, "volume": 40.0, "cachingTime": 1561801604.7253873, "cachingTimeXML": 1561655289.414846, "inProcess": [500000, 500210], "outProcess": [500003, 500004], "isFinal": 1}