{"name": "Proteus Propulsion - Hyperspatial Optimization", "buy": 31999900.01, "sell": 31999999.99, "base": 20496567.04, "itemId": 45617, "volume": 40.0, "cachingTime": 1561742489.762552, "cachingTimeXML": 1561655289.4148421, "inProcess": [500000, 500212], "outProcess": [500003, 500004], "isFinal": 1}