{"name": "Proteus Propulsion - Interdiction Nullifier", "buy": 27347813.36, "sell": 32549998.31, "base": 20496567.04, "itemId": 45616, "volume": 40.0, "cachingTime": 1561742489.762551, "cachingTimeXML": 1561655289.4148412, "inProcess": [500000, 500213], "outProcess": [500003, 500004], "isFinal": 1}