{"name": "Pyerite", "buy": 4.33, "sell": 3.25, "base": -1.0, "itemId": 35, "volume": 0.01, "cachingTime": 1561903189.875246, "cachingTimeXML": 1561655289.414691, "inProcess": [500000, 500372, 500375, 500376, 500370, 500369, 500374, 500371, 500373, 500301, 500304, 500299, 500306, 500302, 500303, 500305, 500300, 500343, 500341, 500340, 500339, 500344, 500338, 500337, 500342, 500366, 500363, 500367, 500368, 500362, 500361, 500365, 500364, 500274, 500268, 500271, 500272, 500270, 500267, 500269, 500273, 500345, 500348, 500347, 500351, 500349, 500350, 500352, 500346, 500291, 500293, 500292, 500296, 500294, 500297, 500298, 500295, 500354, 500359, 500355, 500356, 500353, 500358, 500360, 500357], "outProcess": [500003, 500004, 500177, 500010]}