{"name": "Zydrine", "buy": 516.68, "sell": 513.2, "base": -1.0, "itemId": 39, "volume": 0.01, "cachingTime": 1561903189.875246, "cachingTimeXML": 1561655289.41469, "inProcess": [500000, 500301, 500304, 500299, 500306, 500302, 500303, 500305, 500300, 500274, 500268, 500271, 500272, 500270, 500267, 500269, 500273, 500307, 500310, 500312, 500309, 500311, 500313, 500314, 500308, 500280, 500275, 500278, 500279, 500282, 500281, 500277, 500276, 500319, 500322, 500318, 500320, 500317, 500315, 500316, 500321], "outProcess": [500003, 500004, 500178, 500171]}