{"name": "Broadcast Node", "buy": 1867051.36, "sell": 1939750.92, "base": 1200000.0, "itemId": 2867, "volume": 100.0, "cachingTime": 1559934619.8627589, "cachingTimeXML": 1559804994.4965918, "inProcess": [500000, 500002, 500005, 500027], "outProcess": [500003, 500004, 500002, 500005], "isFinal": 1}