{"name": "Integrity Response Drones", "buy": 2410005.31, "sell": 2378208.76, "base": 1200000.0, "itemId": 2868, "volume": 100.0, "cachingTime": 1561801604.7253873, "cachingTimeXML": 1561655289.4143722, "inProcess": [500000, 500002, 500005, 500028], "outProcess": [500003, 500004, 500002, 500005], "isFinal": 1}