{"name": "Integrity Response Drones", "buy": 2417078.51, "sell": 2242062.42, "base": 1200000.0, "itemId": 2868, "volume": 100.0, "cachingTime": 1559934619.862762, "cachingTimeXML": 1559804994.496594, "inProcess": [500000, 500002, 500005, 500028], "outProcess": [500003, 500004, 500002, 500005], "isFinal": 1}