{"name": "Nano-Factory", "buy": 972991.2, "sell": 1001784.72, "base": 1200000.0, "itemId": 2869, "volume": 100.0, "cachingTime": 1561801604.7253873, "cachingTimeXML": 1561655289.41437, "inProcess": [500000, 500002, 500005, 500029], "outProcess": [500003, 500004, 500002, 500005], "isFinal": 1}