{"name": "Nano-Factory", "buy": 1047010.0, "sell": 1031944.4, "base": 1200000.0, "itemId": 2869, "volume": 100.0, "cachingTime": 1559934619.862761, "cachingTimeXML": 1559804994.496594, "inProcess": [500000, 500002, 500005, 500029], "outProcess": [500003, 500004, 500002, 500005], "isFinal": 1}