{"name": "Organic Mortar Applicators", "buy": 1030007.39, "sell": 1029614.85, "base": 1200000.0, "itemId": 2870, "volume": 100.0, "cachingTime": 1559934619.862753, "cachingTimeXML": 1559804994.496589, "inProcess": [500000, 500002, 500005, 500030], "outProcess": [500003, 500004, 500002, 500005], "isFinal": 1}