{"name": "Organic Mortar Applicators", "buy": 1070000.76, "sell": 1094250.64, "base": 1200000.0, "itemId": 2870, "volume": 100.0, "cachingTime": 1561801604.7253873, "cachingTimeXML": 1561655289.4143639, "inProcess": [500000, 500002, 500005, 500030], "outProcess": [500003, 500004, 500002, 500005], "isFinal": 1}