{"name": "Recursive Computing Module", "buy": 1561131.06, "sell": 1535080.15, "base": 1200000.0, "itemId": 2871, "volume": 100.0, "cachingTime": 1559934619.8627572, "cachingTimeXML": 1559804994.4965901, "inProcess": [500000, 500002, 500005, 500031], "outProcess": [500003, 500004, 500002, 500005], "isFinal": 1}