{"name": "Self-Harmonizing Power Core", "buy": 1929534.4, "sell": 1997575.15, "base": 1200000.0, "itemId": 2872, "volume": 100.0, "cachingTime": 1559934619.862758, "cachingTimeXML": 1559804994.496591, "inProcess": [500000, 500002, 500005, 500032], "outProcess": [500003, 500004, 500002, 500005], "isFinal": 1}