{"name": "Sterile Conduits", "buy": 1240000.0, "sell": 1205836.33, "base": 1200000.0, "itemId": 2875, "volume": 100.0, "cachingTime": 1559934619.8627598, "cachingTimeXML": 1559804994.496593, "inProcess": [500000, 500002, 500005, 500033], "outProcess": [500003, 500004, 500002, 500005], "isFinal": 1}