{"name": "Sterile Conduits", "buy": 1219003.12, "sell": 1312832.79, "base": 1200000.0, "itemId": 2875, "volume": 100.0, "cachingTime": 1561801604.7253873, "cachingTimeXML": 1561655289.414369, "inProcess": [500000, 500002, 500005, 500033], "outProcess": [500003, 500004, 500002, 500005], "isFinal": 1}