{"name": "Wetware Mainframe", "buy": 2005116.99, "sell": 2070857.48, "base": 1200000.0, "itemId": 2876, "volume": 100.0, "cachingTime": 1561801604.7253873, "cachingTimeXML": 1561655289.414368, "inProcess": [500000, 500002, 500005, 500034], "outProcess": [500003, 500004, 500002, 500005], "isFinal": 1}