{"name": "Wetware Mainframe", "buy": 2070000.45, "sell": 2076811.73, "base": 1200000.0, "itemId": 2876, "volume": 100.0, "cachingTime": 1559934619.8627598, "cachingTimeXML": 1559804994.4965918, "inProcess": [500000, 500002, 500005, 500034], "outProcess": [500003, 500004, 500002, 500005], "isFinal": 1}