{"name": "Tengu Propulsion - Fuel Catalyst", "buy": 30000014.03, "sell": 32930775.62, "base": 20496567.04, "itemId": 45615, "volume": 40.0, "cachingTime": 1561903189.8754141, "cachingTimeXML": 1561655289.414863, "inProcess": [500000, 500201], "outProcess": [500003, 500004], "isFinal": 1}