{"name": "Tengu Propulsion - Chassis Optimization", "buy": 28766852.81, "sell": 31499997.72, "base": 20496567.04, "itemId": 45614, "volume": 40.0, "cachingTime": 1561903189.875415, "cachingTimeXML": 1561655289.4148638, "inProcess": [500000, 500200], "outProcess": [500003, 500004], "isFinal": 1}