{"name": "Tengu Propulsion - Interdiction Nullifier", "buy": 29200100.69, "sell": 32896550.7, "base": 20496567.04, "itemId": 45613, "volume": 40.0, "cachingTime": 1561903189.875413, "cachingTimeXML": 1561655289.4148622, "inProcess": [500000, 500202], "outProcess": [500003, 500004], "isFinal": 1}