{"name": "Construction Blocks", "buy": 10256.5, "sell": 9763.57, "base": 7200.0, "itemId": 3828, "volume": 1.5, "cachingTime": 1561655286.206785, "cachingTimeXML": 1561655289.414411, "inProcess": [500000, 500002, 500005, 500051], "outProcess": [500003, 500004, 500002, 500005, 500074, 500089]}