{"name": "Enriched Uranium", "buy": 13509.74, "sell": 13561.34, "base": 7200.0, "itemId": 44, "volume": 1.5, "cachingTime": 1561655286.206783, "cachingTimeXML": 1561655289.414409, "inProcess": [500000, 500002, 500005, 500054], "outProcess": [500003, 500004, 500002, 500005, 500086, 500007, 500006, 500009, 500008]}