{"name": "Genetically Enhanced Livestock", "buy": 8324.27, "sell": 10187.46, "base": 7200.0, "itemId": 15317, "volume": 1.5, "cachingTime": 1561655286.206778, "cachingTimeXML": 1561655289.414403, "inProcess": [500000, 500002, 500005, 500056], "outProcess": [500003, 500004, 500002, 500005, 500082]}