{"name": "Livestock", "buy": 9501.4, "sell": 9047.46, "base": 7200.0, "itemId": 3725, "volume": 1.5, "cachingTime": 1561655286.206793, "cachingTimeXML": 1561655289.41442, "inProcess": [500000, 500002, 500005, 500057], "outProcess": [500003, 500004, 500002, 500005, 500074, 500094]}