{"name": "Microfiber Shielding", "buy": 12572.84, "sell": 12689.76, "base": 7200.0, "itemId": 2327, "volume": 1.5, "cachingTime": 1561655286.20679, "cachingTimeXML": 1561655289.4144168, "inProcess": [500000, 500002, 500005, 500059], "outProcess": [500003, 500004, 500002, 500005, 500086, 500078]}