{"name": "Miniature Electronics", "buy": 15739.25, "sell": 15544.69, "base": 7200.0, "itemId": 9842, "volume": 1.5, "cachingTime": 1561655286.20678, "cachingTimeXML": 1561655289.414405, "inProcess": [500000, 500002, 500005, 500060], "outProcess": [500003, 500004, 500002, 500005, 500087, 500089]}