{"name": "Nanites", "buy": 6337.18, "sell": 5735.8, "base": 7200.0, "itemId": 2463, "volume": 1.5, "cachingTime": 1561655286.206794, "cachingTimeXML": 1561655289.414423, "inProcess": [500000, 500002, 500005, 500061], "outProcess": [500003, 500004, 500002, 500005, 500074, 500092]}