{"name": "Oxides", "buy": 5346.36, "sell": 4836.43, "base": 7200.0, "itemId": 2317, "volume": 1.5, "cachingTime": 1561655286.206794, "cachingTimeXML": 1561655289.414422, "inProcess": [500000, 500002, 500005, 500062], "outProcess": [500003, 500004, 500002, 500005, 500079, 500076]}