{"name": "Polyaramids", "buy": 16002.16, "sell": 14797.77, "base": 7200.0, "itemId": 2321, "volume": 1.5, "cachingTime": 1561655286.206795, "cachingTimeXML": 1561655289.4144242, "inProcess": [500000, 500002, 500005, 500063], "outProcess": [500003, 500004, 500002, 500005, 500083]}