{"name": "Silicate Glass", "buy": 14808.28, "sell": 15479.68, "base": 7200.0, "itemId": 3697, "volume": 1.5, "cachingTime": 1561655286.2067761, "cachingTimeXML": 1561655289.414401, "inProcess": [500000, 500002, 500005, 500066], "outProcess": [500003, 500004, 500002, 500005, 500075, 500085]}