{"name": "Supertensile Plastics", "buy": 10897.79, "sell": 11888.62, "base": 7200.0, "itemId": 2312, "volume": 1.5, "cachingTime": 1561655286.206791, "cachingTimeXML": 1561655289.414418, "inProcess": [500000, 500002, 500005, 500068], "outProcess": [500003, 500004, 500002, 500005, 500091, 500078, 500087]}