{"name": "Superconductors", "buy": 11816.26, "sell": 10930.67, "base": 7200.0, "itemId": 9838, "volume": 1.5, "cachingTime": 1561655286.2067862, "cachingTimeXML": 1561655289.414412, "inProcess": [500000, 500002, 500005, 500067], "outProcess": [500003, 500004, 500002, 500005, 500079, 500093]}