{"name": "Synthetic Oil", "buy": 6693.48, "sell": 6113.13, "base": 7200.0, "itemId": 3691, "volume": 1.5, "cachingTime": 1561655286.20678, "cachingTimeXML": 1561655289.4144058, "inProcess": [500000, 500002, 500005, 500069], "outProcess": [500003, 500004, 500002, 500005, 500077, 500093]}