{"name": "Water-Cooled CPU", "buy": 7849.99, "sell": 7619.94, "base": 7200.0, "itemId": 2328, "volume": 1.5, "cachingTime": 1561655286.206787, "cachingTimeXML": 1561655289.414413, "inProcess": [500000, 500002, 500005, 500073], "outProcess": [500003, 500004, 500002, 500005, 500080, 500090]}