{"name": "Consumer Electronics", "buy": 12839.02, "sell": 11706.85, "base": 7200.0, "itemId": 9836, "volume": 1.5, "cachingTime": 1561903189.874976, "cachingTimeXML": 1561655289.4144099, "inProcess": [500000, 500002, 500005, 500052], "outProcess": [500003, 500004, 500002, 500005, 500088, 500090]}