{"name": "Construction Blocks", "buy": 10630.67, "sell": 9597.52, "base": 7200.0, "itemId": 3828, "volume": 1.5, "cachingTime": 1561903189.874977, "cachingTimeXML": 1561655289.414411, "inProcess": [500000, 500002, 500005, 500051], "outProcess": [500003, 500004, 500002, 500005, 500074, 500089]}