{"name": "Coolant", "buy": 10776.81, "sell": 10632.13, "base": 7200.0, "itemId": 9832, "volume": 1.5, "cachingTime": 1561903189.8749812, "cachingTimeXML": 1561655289.4144142, "inProcess": [500000, 500002, 500005, 500053], "outProcess": [500003, 500004, 500002, 500005, 500076, 500090, 500007, 500006, 500009, 500008]}