{"name": "Enriched Uranium", "buy": 12534.07, "sell": 13201.95, "base": 7200.0, "itemId": 44, "volume": 1.5, "cachingTime": 1561903189.874974, "cachingTimeXML": 1561655289.414409, "inProcess": [500000, 500002, 500005, 500054], "outProcess": [500003, 500004, 500002, 500005, 500086, 500007, 500006, 500009, 500008]}