{"name": "Fertilizer", "buy": 9255.64, "sell": 9963.4, "base": 7200.0, "itemId": 3693, "volume": 1.5, "cachingTime": 1561903189.874968, "cachingTimeXML": 1561655289.4144042, "inProcess": [500000, 500002, 500005, 500055], "outProcess": [500003, 500004, 500002, 500005, 500077, 500084]}