{"name": "Livestock", "buy": 9501.51, "sell": 9052.84, "base": 7200.0, "itemId": 3725, "volume": 1.5, "cachingTime": 1561903189.874989, "cachingTimeXML": 1561655289.41442, "inProcess": [500000, 500002, 500005, 500057], "outProcess": [500003, 500004, 500002, 500005, 500074, 500094]}