{"name": "Mechanical Parts", "buy": 11743.26, "sell": 11349.39, "base": 7200.0, "itemId": 3689, "volume": 1.5, "cachingTime": 1561903189.874995, "cachingTimeXML": 1561655289.4144251, "inProcess": [500000, 500002, 500005, 500058], "outProcess": [500003, 500004, 500002, 500005, 500088, 500087, 500007, 500006, 500009, 500008]}