{"name": "Miniature Electronics", "buy": 14763.8, "sell": 15450.77, "base": 7200.0, "itemId": 9842, "volume": 1.5, "cachingTime": 1561903189.874968, "cachingTimeXML": 1561655289.414405, "inProcess": [500000, 500002, 500005, 500060], "outProcess": [500003, 500004, 500002, 500005, 500087, 500089]}