{"name": "Nanites", "buy": 6342.07, "sell": 5912.47, "base": 7200.0, "itemId": 2463, "volume": 1.5, "cachingTime": 1561903189.8749921, "cachingTimeXML": 1561655289.414423, "inProcess": [500000, 500002, 500005, 500061], "outProcess": [500003, 500004, 500002, 500005, 500074, 500092]}