{"name": "Polytextiles", "buy": 7026.2, "sell": 7534.53, "base": 7200.0, "itemId": 3695, "volume": 1.5, "cachingTime": 1561903189.8749828, "cachingTimeXML": 1561655289.4144158, "inProcess": [500000, 500002, 500005, 500064], "outProcess": [500003, 500004, 500002, 500005, 500081, 500084, 500082]}