{"name": "Polyaramids", "buy": 16003.18, "sell": 14794.1, "base": 7200.0, "itemId": 2321, "volume": 1.5, "cachingTime": 1561903189.8749938, "cachingTimeXML": 1561655289.4144242, "inProcess": [500000, 500002, 500005, 500063], "outProcess": [500003, 500004, 500002, 500005, 500083]}