{"name": "Silicate Glass", "buy": 14808.38, "sell": 15466.82, "base": 7200.0, "itemId": 3697, "volume": 1.5, "cachingTime": 1561903189.874964, "cachingTimeXML": 1561655289.414401, "inProcess": [500000, 500002, 500005, 500066], "outProcess": [500003, 500004, 500002, 500005, 500075, 500085]}