{"name": "Superconductors", "buy": 11912.0, "sell": 11380.14, "base": 7200.0, "itemId": 9838, "volume": 1.5, "cachingTime": 1561903189.874979, "cachingTimeXML": 1561655289.414412, "inProcess": [500000, 500002, 500005, 500067], "outProcess": [500003, 500004, 500002, 500005, 500079, 500093]}