{"name": "Synthetic Oil", "buy": 6524.52, "sell": 6339.92, "base": 7200.0, "itemId": 3691, "volume": 1.5, "cachingTime": 1561903189.8749702, "cachingTimeXML": 1561655289.4144058, "inProcess": [500000, 500002, 500005, 500069], "outProcess": [500003, 500004, 500002, 500005, 500077, 500093]}