{"name": "Compressed Crokite", "buy": 312290.52, "sell": 338306.05, "base": 2608850.0, "itemId": 28391, "volume": 7.81, "cachingTime": 1561801604.7253873, "cachingTimeXML": 1561655289.414657, "inProcess": [500000, 500115], "outProcess": [500003, 500004, 500275]}