{"name": "Compressed Crokite", "buy": 334003.49, "sell": 368337.87, "base": 2608850.0, "itemId": 28391, "volume": 7.81, "cachingTime": 1559934619.862933, "cachingTimeXML": 1559804994.496754, "inProcess": [500000, 500115], "outProcess": [500003, 500004, 500275]}