{"name": "Compressed Sharp Crokite", "buy": 335004.48, "sell": 367995.81, "base": 3083087.5, "itemId": 28393, "volume": 7.81, "cachingTime": 1561801604.7253873, "cachingTimeXML": 1561655289.414658, "inProcess": [500000, 500118], "outProcess": [500003, 500004, 500278]}