{"name": "Compressed Crystalline Crokite", "buy": 340501.38, "sell": 389999.99, "base": 2391875.0, "itemId": 28392, "volume": 7.81, "cachingTime": 1559934619.862937, "cachingTimeXML": 1559804994.496758, "inProcess": [500000, 500116], "outProcess": [500003, 500004, 500276]}