{"name": "Compressed Crystalline Crokite", "buy": 350591.54, "sell": 386954.3, "base": 2391875.0, "itemId": 28392, "volume": 7.81, "cachingTime": 1561801604.7253873, "cachingTimeXML": 1561655289.4146628, "inProcess": [500000, 500116], "outProcess": [500003, 500004, 500276]}