{"name": "Compressed Sharp Crokite", "buy": 340003.06, "sell": 373625.97, "base": 3083087.5, "itemId": 28393, "volume": 7.81, "cachingTime": 1559934619.862934, "cachingTimeXML": 1559804994.496755, "inProcess": [500000, 500118], "outProcess": [500003, 500004, 500278]}