{"name": "Compressed Pellucid Crokite", "buy": 355798.06, "sell": 342920.55, "base": -1.0, "itemId": 46693, "volume": 7.81, "cachingTime": 1559934619.862936, "cachingTimeXML": 1559804994.496758, "inProcess": [500000, 500117], "outProcess": [500003, 500004, 500277]}