{"name": "Compressed Pellucid Crokite", "buy": 365002.08, "sell": 342000.0, "base": -1.0, "itemId": 46693, "volume": 7.81, "cachingTime": 1561801604.7253873, "cachingTimeXML": 1561655289.414662, "inProcess": [500000, 500117], "outProcess": [500003, 500004, 500277]}