{"name": "Crokite", "buy": 2208.73, "sell": 3447.01, "base": -1.0, "itemId": 1225, "volume": 16.0, "cachingTime": 1559934619.862934, "cachingTimeXML": 1559804994.496756, "inProcess": [500000, 500001], "outProcess": [500003, 500004, 500279, 500115], "isRaw": 1}