{"name": "Crokite", "buy": 2486.97, "sell": 2989.0, "base": -1.0, "itemId": 1225, "volume": 16.0, "cachingTime": 1561801604.7253873, "cachingTimeXML": 1561655289.414659, "inProcess": [500000, 500001], "outProcess": [500003, 500004, 500279, 500115], "isRaw": 1}