{"name": "Crystalline Crokite", "buy": 2110.69, "sell": 5000.0, "base": -1.0, "itemId": 17433, "volume": 16.0, "cachingTime": 1559934619.862932, "cachingTimeXML": 1559804994.496754, "inProcess": [500000, 500001], "outProcess": [500003, 500004, 500280, 500116], "isRaw": 1}