{"name": "Pellucid Crokite", "buy": 2905.2, "sell": 2465.54, "base": -1.0, "itemId": 46677, "volume": 16.0, "cachingTime": 1559934619.862935, "cachingTimeXML": 1559804994.496757, "inProcess": [500000, 500001], "outProcess": [500003, 500004, 500281, 500117], "isRaw": 1}