{"name": "Pellucid Crokite", "buy": 2901.54, "sell": 2248.19, "base": -1.0, "itemId": 46677, "volume": 16.0, "cachingTime": 1561801604.7253873, "cachingTimeXML": 1561655289.4146612, "inProcess": [500000, 500001], "outProcess": [500003, 500004, 500281, 500117], "isRaw": 1}