{"name": "Sharp Crokite", "buy": 2008.13, "sell": 12470.74, "base": -1.0, "itemId": 17432, "volume": 16.0, "cachingTime": 1559934619.862935, "cachingTimeXML": 1559804994.496756, "inProcess": [500000, 500001], "outProcess": [500003, 500004, 500282, 500118], "isRaw": 1}