{"name": "Compressed Hedbergite", "buy": 35500.0, "sell": 42990.0, "base": 1628750.0, "itemId": 28401, "volume": 0.47, "cachingTime": 1559934619.862881, "cachingTimeXML": 1559804994.4966972, "inProcess": [500000, 500128], "outProcess": [500003, 500004, 500300]}