{"name": "Compressed Lustrous Hedbergite", "buy": 40950.75, "sell": 44848.7, "base": -1.0, "itemId": 46696, "volume": 0.47, "cachingTime": 1559934619.862877, "cachingTimeXML": 1559804994.496692, "inProcess": [500000, 500129], "outProcess": [500003, 500004, 500301]}