{"name": "Compressed Glazed Hedbergite", "buy": 37500.0, "sell": 53503.32, "base": 1779200.0, "itemId": 28400, "volume": 0.47, "cachingTime": 1559934619.8628778, "cachingTimeXML": 1559804994.496694, "inProcess": [500000, 500127], "outProcess": [500003, 500004, 500299]}