{"name": "Compressed Vitric Hedbergite", "buy": 34500.0, "sell": 44877.56, "base": 879450.0, "itemId": 28402, "volume": 0.47, "cachingTime": 1559934619.862879, "cachingTimeXML": 1559804994.496695, "inProcess": [500000, 500130], "outProcess": [500003, 500004, 500302]}