{"name": "Glazed Hedbergite", "buy": 338.24, "sell": 499.01, "base": -1.0, "itemId": 17441, "volume": 3.0, "cachingTime": 1559934619.86288, "cachingTimeXML": 1559804994.496696, "inProcess": [500000, 500001], "outProcess": [500003, 500004, 500303, 500127], "isRaw": 1}