{"name": "Hedbergite", "buy": 323.62, "sell": 329.12, "base": -1.0, "itemId": 21, "volume": 3.0, "cachingTime": 1559934619.862877, "cachingTimeXML": 1559804994.496693, "inProcess": [500000, 500001], "outProcess": [500003, 500004, 500304, 500128], "isRaw": 1}