{"name": "Hedbergite", "buy": 301.32, "sell": 294.01, "base": -1.0, "itemId": 21, "volume": 3.0, "cachingTime": 1561801604.7253873, "cachingTimeXML": 1561655289.41455, "inProcess": [500000, 500001], "outProcess": [500003, 500004, 500304, 500128], "isRaw": 1}