{"name": "Lustrous Hedbergite", "buy": 298.02, "sell": 1088.6, "base": -1.0, "itemId": 46680, "volume": 3.0, "cachingTime": 1559934619.86288, "cachingTimeXML": 1559804994.496696, "inProcess": [500000, 500001], "outProcess": [500003, 500004, 500305, 500129], "isRaw": 1}