{"name": "Vitric Hedbergite", "buy": 350.0, "sell": 419.48, "base": -1.0, "itemId": 17440, "volume": 3.0, "cachingTime": 1559934619.8628778, "cachingTimeXML": 1559804994.496694, "inProcess": [500000, 500001], "outProcess": [500003, 500004, 500306, 500130], "isRaw": 1}