{"name": "Electromechanical Interface Nexus", "buy": 502002.32, "sell": 847389.0, "base": 279828.85, "itemId": 30466, "volume": 10.0, "cachingTime": 1561655286.2070029, "cachingTimeXML": 1561655289.414709, "inProcess": [500000, 500011], "outProcess": [500003, 500004, 500234, 500233, 500232, 500231, 500230, 500229, 500228, 500227], "bpo": 30467}