{"name": "Reinforced Metallofullerene Alloys", "buy": 626671.57, "sell": 3147706.86, "base": 925272.75, "itemId": 30008, "volume": 10.0, "cachingTime": 1561655286.2070022, "cachingTimeXML": 1561655289.414708, "inProcess": [500000, 500020], "outProcess": [500003, 500004, 500218, 500220, 500219, 500207, 500208, 500206, 500195, 500194, 500196, 500182, 500184, 500183], "bpo": 30009}