{"name": "Superconducting Magnetometric Amplifier", "buy": 599998.06, "sell": 1676999.99, "base": 1355998.82, "itemId": 45652, "volume": 5.0, "cachingTime": 1561655286.206999, "cachingTimeXML": 1561655289.4147048, "inProcess": [500000, 500024], "outProcess": [500003, 500004, 500229], "bpo": 45656}