{"name": "Complex Organisms", "buy": 4.11, "sell": 4.19, "base": 5.0, "itemId": 2287, "volume": 0.01, "cachingTime": 1561655286.206816, "cachingTimeXML": 1561655289.414451, "inProcess": [500000, 500001, 500002, 500005], "outProcess": [500003, 500004, 500002, 500005, 500045], "isRaw": 1}