{"name": "Noble Gas", "buy": 1.31, "sell": 1.08, "base": 5.0, "itemId": 2310, "volume": 0.01, "cachingTime": 1561655286.2068238, "cachingTimeXML": 1561655289.414463, "inProcess": [500000, 500001, 500002, 500005], "outProcess": [500003, 500004, 500002, 500005, 500042], "isRaw": 1}