{"name": "Non-CS Crystals", "buy": 5.34, "sell": 4.68, "base": 5.0, "itemId": 2306, "volume": 0.01, "cachingTime": 1561655286.206815, "cachingTimeXML": 1561655289.41445, "inProcess": [500000, 500001, 500002, 500005], "outProcess": [500003, 500004, 500002, 500005, 500038], "isRaw": 1}