{"name": "Planktic Colonies", "buy": 3.53, "sell": 3.47, "base": 5.0, "itemId": 2286, "volume": 0.01, "cachingTime": 1561655286.206819, "cachingTimeXML": 1561655289.4144561, "inProcess": [500000, 500002, 500005], "outProcess": [500003, 500004, 500002, 500005, 500037]}