{"name": "Reactive Gas", "buy": 3.04, "sell": 3.15, "base": 5.0, "itemId": 2311, "volume": 0.01, "cachingTime": 1561655286.20682, "cachingTimeXML": 1561655289.414457, "inProcess": [500000, 500002, 500005], "outProcess": [500003, 500004, 500002, 500005, 500041]}