{"name": "Compressed Gleaming Spodumain", "buy": 410000.21, "sell": 459999.92, "base": 1230375.0, "itemId": 28419, "volume": 28.0, "cachingTime": 1561742489.762354, "cachingTimeXML": 1561655289.4145122, "inProcess": [500000, 500164], "outProcess": [500003, 500004, 500372]}