{"name": "Compressed Bright Spodumain", "buy": 400020.06, "sell": 448344.64, "base": 1004875.0, "itemId": 28418, "volume": 28.0, "cachingTime": 1561742489.762356, "cachingTimeXML": 1561655289.414515, "inProcess": [500000, 500162], "outProcess": [500003, 500004, 500370]}