{"name": "Compressed Spodumain", "buy": 377572.31, "sell": 417229.43, "base": 1067625.0, "itemId": 28420, "volume": 28.0, "cachingTime": 1561742489.762358, "cachingTimeXML": 1561655289.414518, "inProcess": [500000, 500165], "outProcess": [500003, 500004, 500373]}