{"name": "Compressed Dazzling Spodumain", "buy": 415112.5, "sell": 450000.0, "base": -1.0, "itemId": 46704, "volume": 28.0, "cachingTime": 1561742489.762358, "cachingTimeXML": 1561655289.414517, "inProcess": [500000, 500163], "outProcess": [500003, 500004, 500371]}