{"name": "Gleaming Spodumain", "buy": 3000.12, "sell": 8655.13, "base": -1.0, "itemId": 17467, "volume": 16.0, "cachingTime": 1561742489.7623549, "cachingTimeXML": 1561655289.4145129, "inProcess": [500000, 500001], "outProcess": [500003, 500004, 500375, 500164], "isRaw": 1}