{"name": "Jackdaw", "buy": 39909327.86, "sell": 40494993.81, "base": 26879489.57, "itemId": 34828, "volume": 5000.0, "cachingTime": 1561903189.874723, "cachingTimeXML": 1561655289.414187, "inProcess": [500000, 500232], "outProcess": [500003, 500004], "isFinal": 1}