{"name": "Loki Offensive - Launcher Efficiency Configuration", "buy": 26832428.13, "sell": 34898699.94, "base": 23376510.82, "itemId": 45608, "volume": 40.0, "cachingTime": 1561903189.875382, "cachingTimeXML": 1561655289.414825, "inProcess": [500000, 500221], "outProcess": [500003, 500004], "isFinal": 1}