{"name": "Loki Offensive - Projectile Scoping Array", "buy": 32117720.61, "sell": 35899999.88, "base": 23376510.82, "itemId": 45607, "volume": 40.0, "cachingTime": 1561903189.875381, "cachingTimeXML": 1561655289.414824, "inProcess": [500000, 500222], "outProcess": [500003, 500004], "isFinal": 1}