{"name": "Loki Offensive - Support Processor", "buy": 29500026.02, "sell": 33166774.07, "base": 23376510.82, "itemId": 45609, "volume": 40.0, "cachingTime": 1561903189.87538, "cachingTimeXML": 1561655289.4148228, "inProcess": [500000, 500223], "outProcess": [500003, 500004], "isFinal": 1}