{"name": "Confessor", "buy": 37030027.76, "sell": 38092999.67, "base": 26879489.57, "itemId": 34317, "volume": 5000.0, "cachingTime": 1559934619.8626401, "cachingTimeXML": 1559804994.496486, "inProcess": [500000, 500231], "outProcess": [500003, 500004], "isFinal": 1}