{"name": "C3-FTM Acid", "buy": 67000.0, "sell": 69947.44, "base": -1.0, "itemId": 30311, "volume": 0.2, "cachingTime": 1561742489.762271, "cachingTimeXML": 1561655289.414359, "inProcess": [500000, 500170], "outProcess": [500003, 500004, 500012, 500021], "bpo": 46165}