{"name": "Carbon-86 Epoxy Resin", "buy": 67211.57, "sell": 72515.66, "base": -1.0, "itemId": 30310, "volume": 0.4, "cachingTime": 1561742489.7622678, "cachingTimeXML": 1561655289.414355, "inProcess": [500000, 500171], "outProcess": [500003, 500004, 500021, 500017], "bpo": 46164}