{"name": "Fulleroferrocene", "buy": 2302.26, "sell": 2511.44, "base": -1.0, "itemId": 30303, "volume": 0.1, "cachingTime": 1561742489.762271, "cachingTimeXML": 1561655289.41436, "inProcess": [500000, 500173], "outProcess": [500003, 500004, 500019, 500025, 500023, 500014, 500021, 500022, 500024, 500015, 500017, 500016, 500013], "bpo": 46158}