{"name": "Fullerene Intercalated Graphite", "buy": 8027.07, "sell": 7909.11, "base": -1.0, "itemId": 30305, "volume": 0.8, "cachingTime": 1561742489.7622662, "cachingTimeXML": 1561655289.414352, "inProcess": [500000, 500172], "outProcess": [500003, 500004, 500025, 500023, 500022, 500024, 500020, 500026, 500013], "bpo": 46160}