{"name": "Lanthanum Metallofullerene", "buy": 11751.0, "sell": 11964.8, "base": -1.0, "itemId": 30307, "volume": 1.0, "cachingTime": 1561742489.7622678, "cachingTimeXML": 1561655289.4143538, "inProcess": [500000, 500175], "outProcess": [500003, 500004, 500019, 500018, 500012, 500021, 500011], "bpo": 46161}