{"name": "Methanofullerene", "buy": 12516.58, "sell": 15636.52, "base": -1.0, "itemId": 30306, "volume": 0.75, "cachingTime": 1561742489.76227, "cachingTimeXML": 1561655289.414358, "inProcess": [500000, 500176], "outProcess": [500003, 500004, 500014], "bpo": 46157}