{"name": "Integrity Response Drones", "buy": 2313004.13, "sell": 2332590.16, "base": 1200000.0, "itemId": 2868, "volume": 100.0, "cachingTime": 1561903189.874927, "cachingTimeXML": 1561655289.4143722, "inProcess": [500000, 500002, 500005, 500028], "outProcess": [500003, 500004, 500002, 500005], "isFinal": 1}