{"name": "Self-Harmonizing Power Core", "buy": 1924805.15, "sell": 1993644.2, "base": 1200000.0, "itemId": 2872, "volume": 100.0, "cachingTime": 1561903189.87492, "cachingTimeXML": 1561655289.414366, "inProcess": [500000, 500002, 500005, 500032], "outProcess": [500003, 500004, 500002, 500005], "isFinal": 1}