{"name": "Sterile Conduits", "buy": 1219003.41, "sell": 1296303.08, "base": 1200000.0, "itemId": 2875, "volume": 100.0, "cachingTime": 1561903189.874924, "cachingTimeXML": 1561655289.414369, "inProcess": [500000, 500002, 500005, 500033], "outProcess": [500003, 500004, 500002, 500005], "isFinal": 1}