{"name": "Wetware Mainframe", "buy": 2005110.26, "sell": 2072613.14, "base": 1200000.0, "itemId": 2876, "volume": 100.0, "cachingTime": 1561903189.874923, "cachingTimeXML": 1561655289.414368, "inProcess": [500000, 500002, 500005, 500034], "outProcess": [500003, 500004, 500002, 500005], "isFinal": 1}