{"name": "Tengu Propulsion - Interdiction Nullifier", "buy": 29000001.13, "sell": 36749986.48, "base": 20496567.04, "itemId": 45613, "volume": 40.0, "cachingTime": 1561742489.7625668, "cachingTimeXML": 1561655289.4148622, "inProcess": [500000, 500202], "outProcess": [500003, 500004], "isFinal": 1}