{"name": "Tengu Propulsion - Fuel Catalyst", "buy": 30000011.01, "sell": 35784213.19, "base": 20496567.04, "itemId": 45615, "volume": 40.0, "cachingTime": 1561742489.7625668, "cachingTimeXML": 1561655289.414863, "inProcess": [500000, 500201], "outProcess": [500003, 500004], "isFinal": 1}