{"name": "C3-FTM Acid Reaction Formula", "buy": 12000000.22, "sell": 14980988.59, "base": -1.0, "itemId": 46165, "volume": 0.0, "cachingTime": 1561655286.207052, "cachingTimeXML": 1561655289.4147751, "inProcess": [500000], "outProcess": [500003, 500004]}