{"name": "Carbon-86 Epoxy Resin Reaction Formula", "buy": 11600000.05, "sell": 15000000.0, "base": -1.0, "itemId": 46164, "volume": 0.0, "cachingTime": 1561655286.207057, "cachingTimeXML": 1561655289.4147809, "inProcess": [500000], "outProcess": [500003, 500004]}