{"name": "Fullerene Intercalated Graphite Reaction Formula", "buy": 11610000.47, "sell": 15000000.0, "base": -1.0, "itemId": 46160, "volume": 0.0, "cachingTime": 1561655286.2070541, "cachingTimeXML": 1561655289.414777, "inProcess": [500000], "outProcess": [500003, 500004]}