{"name": "Fulleroferrocene Reaction Formula", "buy": 11100000.02, "sell": 14999999.95, "base": -1.0, "itemId": 46158, "volume": 0.0, "cachingTime": 1561655286.207053, "cachingTimeXML": 1561655289.414776, "inProcess": [500000], "outProcess": [500003, 500004]}