{"name": "Methanofullerene Reaction Formula", "buy": 11921300.2, "sell": 15000000.0, "base": -1.0, "itemId": 46157, "volume": 0.0, "cachingTime": 1561655286.2070558, "cachingTimeXML": 1561655289.41478, "inProcess": [500000], "outProcess": [500003, 500004]}