{"name": "Brilliant Gneiss", "buy": 1100.63, "sell": 1105.5, "base": -1.0, "itemId": 46679, "volume": 5.0, "cachingTime": 1559934619.862921, "cachingTimeXML": 1559804994.496741, "inProcess": [500000, 500001], "outProcess": [500003, 500004, 500291, 500123], "isRaw": 1}