{"name": "Compressed Iridescent Gneiss", "buy": 127507.78, "sell": 140603.0, "base": 1174360.0, "itemId": 28398, "volume": 1.8, "cachingTime": 1561801604.7253873, "cachingTimeXML": 1561655289.414641, "inProcess": [500000, 500125], "outProcess": [500003, 500004, 500294]}