{"name": "Compressed Gneiss", "buy": 140031.53, "sell": 154783.95, "base": 1759120.0, "itemId": 28397, "volume": 1.8, "cachingTime": 1559934619.862922, "cachingTimeXML": 1559804994.4967418, "inProcess": [500000, 500124], "outProcess": [500003, 500004, 500293]}