{"name": "Compressed Prismatic Gneiss", "buy": 153732.2, "sell": 166393.54, "base": 1665920.0, "itemId": 28399, "volume": 1.8, "cachingTime": 1559934619.862925, "cachingTimeXML": 1559804994.496746, "inProcess": [500000, 500126], "outProcess": [500003, 500004, 500295]}