{"name": "Compressed Brilliant Gneiss", "buy": 135435.14, "sell": 144993.74, "base": -1.0, "itemId": 46695, "volume": 1.8, "cachingTime": 1561801604.7253873, "cachingTimeXML": 1561655289.414639, "inProcess": [500000, 500123], "outProcess": [500003, 500004, 500292]}