{"name": "Compressed Prismatic Gneiss", "buy": 137807.3, "sell": 151306.47, "base": 1665920.0, "itemId": 28399, "volume": 1.8, "cachingTime": 1561801604.7253873, "cachingTimeXML": 1561655289.414644, "inProcess": [500000, 500126], "outProcess": [500003, 500004, 500295]}