{"name": "Compressed Iridescent Gneiss", "buy": 142037.29, "sell": 167510.64, "base": 1174360.0, "itemId": 28398, "volume": 1.8, "cachingTime": 1559934619.862924, "cachingTimeXML": 1559804994.496744, "inProcess": [500000, 500125], "outProcess": [500003, 500004, 500294]}