{"name": "Compressed Gneiss", "buy": 135695.39, "sell": 134983.69, "base": 1759120.0, "itemId": 28397, "volume": 1.8, "cachingTime": 1561801604.7253873, "cachingTimeXML": 1561655289.414638, "inProcess": [500000, 500124], "outProcess": [500003, 500004, 500293]}