{"name": "Compressed Brilliant Gneiss", "buy": 145166.32, "sell": 154570.04, "base": -1.0, "itemId": 46695, "volume": 1.8, "cachingTime": 1559934619.862923, "cachingTimeXML": 1559804994.4967418, "inProcess": [500000, 500123], "outProcess": [500003, 500004, 500292]}