{"name": "Gneiss", "buy": 1048.28, "sell": 1181.63, "base": -1.0, "itemId": 1229, "volume": 5.0, "cachingTime": 1561801604.7253873, "cachingTimeXML": 1561655289.4146402, "inProcess": [500000, 500001], "outProcess": [500003, 500004, 500296, 500124], "isRaw": 1}