{"name": "Gneiss", "buy": 1070.98, "sell": 1183.29, "base": -1.0, "itemId": 1229, "volume": 5.0, "cachingTime": 1559934619.862923, "cachingTimeXML": 1559804994.496743, "inProcess": [500000, 500001], "outProcess": [500003, 500004, 500296, 500124], "isRaw": 1}