{"name": "Iridescent Gneiss", "buy": 1112.17, "sell": 995.18, "base": -1.0, "itemId": 17865, "volume": 5.0, "cachingTime": 1559934619.862924, "cachingTimeXML": 1559804994.496744, "inProcess": [500000, 500001], "outProcess": [500003, 500004, 500297, 500125], "isRaw": 1}