{"name": "Prismatic Gneiss", "buy": 1261.89, "sell": 1081.05, "base": -1.0, "itemId": 17866, "volume": 5.0, "cachingTime": 1559934619.862925, "cachingTimeXML": 1559804994.4967449, "inProcess": [500000, 500001], "outProcess": [500003, 500004, 500298, 500126], "isRaw": 1}