{"name": "Tengu Core - Obfuscation Manifold", "buy": 27779060.81, "sell": 27900899.04, "base": 20065362.91, "itemId": 45627, "volume": 40.0, "cachingTime": 1561742489.762571, "cachingTimeXML": 1561655289.414867, "inProcess": [500000, 500193], "outProcess": [500003, 500004], "isFinal": 1}