{"name": "Tengu Core - Augmented Graviton Reactor", "buy": 28100310.53, "sell": 29999994.38, "base": 20065362.91, "itemId": 45626, "volume": 40.0, "cachingTime": 1561742489.76257, "cachingTimeXML": 1561655289.414866, "inProcess": [500000, 500191], "outProcess": [500003, 500004], "isFinal": 1}