{"name": "Fullerite-C540", "buy": 61720.8, "sell": 65195.89, "base": -1.0, "itemId": 30378, "volume": 10.0, "cachingTime": 1559934619.8627388, "cachingTimeXML": 1559804994.496577, "inProcess": [500000, 500001], "outProcess": [500003, 500004, 500170], "isRaw": 1}