{"name": "Fullerite-C60", "buy": 1857.51, "sell": 1946.52, "base": -1.0, "itemId": 30371, "volume": 1.0, "cachingTime": 1559934619.862736, "cachingTimeXML": 1559804994.4965749, "inProcess": [500000, 500001], "outProcess": [500003, 500004, 500172, 500177, 500173], "isRaw": 1}