{"name": "Fullerite-C72", "buy": 15209.34, "sell": 15084.19, "base": -1.0, "itemId": 30373, "volume": 2.0, "cachingTime": 1559934619.862734, "cachingTimeXML": 1559804994.496573, "inProcess": [500000, 500001], "outProcess": [500003, 500004, 500178, 500176], "isRaw": 1}