{"name": "Fullerite-C28", "buy": 9916.52, "sell": 10515.31, "base": -1.0, "itemId": 30375, "volume": 2.0, "cachingTime": 1559934619.862736, "cachingTimeXML": 1559804994.496574, "inProcess": [500000, 500001], "outProcess": [500003, 500004, 500178, 500174], "isRaw": 1}