{"name": "Fullerite-C320", "buy": 64005.06, "sell": 66588.79, "base": -1.0, "itemId": 30377, "volume": 5.0, "cachingTime": 1559934619.862737, "cachingTimeXML": 1559804994.4965749, "inProcess": [500000, 500001], "outProcess": [500003, 500004, 500171], "isRaw": 1}