{"name": "Fullerite-C320", "buy": 61003.19, "sell": 64643.51, "base": -1.0, "itemId": 30377, "volume": 5.0, "cachingTime": 1561801604.7253873, "cachingTimeXML": 1561655289.4143429, "inProcess": [500000, 500001], "outProcess": [500003, 500004, 500171], "isRaw": 1}