{"name": "Fullerite-C60", "buy": 2667.63, "sell": 2604.66, "base": -1.0, "itemId": 30371, "volume": 1.0, "cachingTime": 1561801604.7253873, "cachingTimeXML": 1561655289.414342, "inProcess": [500000, 500001], "outProcess": [500003, 500004, 500172, 500177, 500173], "isRaw": 1}