{"name": "Fullerite-C70", "buy": 2421.7, "sell": 2291.64, "base": -1.0, "itemId": 30372, "volume": 1.0, "cachingTime": 1561801604.7253873, "cachingTimeXML": 1561655289.414345, "inProcess": [500000, 500001], "outProcess": [500003, 500004, 500172, 500175, 500176], "isRaw": 1}