{"name": "Fullerite-C70", "buy": 1927.27, "sell": 1936.26, "base": -1.0, "itemId": 30372, "volume": 1.0, "cachingTime": 1559934619.8627388, "cachingTimeXML": 1559804994.496577, "inProcess": [500000, 500001], "outProcess": [500003, 500004, 500172, 500175, 500176], "isRaw": 1}