{"name": "Fullerite-C540", "buy": 52523.62, "sell": 52759.45, "base": -1.0, "itemId": 30378, "volume": 10.0, "cachingTime": 1561801604.7253873, "cachingTimeXML": 1561655289.414346, "inProcess": [500000, 500001], "outProcess": [500003, 500004, 500170], "isRaw": 1}