{"name": "Fullerite-C32", "buy": 27001.22, "sell": 20852.05, "base": -1.0, "itemId": 30376, "volume": 5.0, "cachingTime": 1559934619.862735, "cachingTimeXML": 1559804994.496574, "inProcess": [500000, 500001], "outProcess": [500003, 500004, 500171, 500174], "isRaw": 1}