{"name": "Fullerite-C84", "buy": 4421.97, "sell": 4358.37, "base": -1.0, "itemId": 30374, "volume": 2.0, "cachingTime": 1559934619.86274, "cachingTimeXML": 1559804994.496578, "inProcess": [500000, 500001], "outProcess": [500003, 500004, 500175, 500170], "isRaw": 1}