{"name": "Fullerite-C50", "buy": 4708.34, "sell": 5160.28, "base": -1.0, "itemId": 30370, "volume": 1.0, "cachingTime": 1559934619.862738, "cachingTimeXML": 1559804994.496576, "inProcess": [500000, 500001], "outProcess": [500003, 500004, 500177, 500173], "isRaw": 1}