{"name": "Fullerite-C72", "buy": 12037.97, "sell": 12930.52, "base": -1.0, "itemId": 30373, "volume": 2.0, "cachingTime": 1561801604.7253873, "cachingTimeXML": 1561655289.414338, "inProcess": [500000, 500001], "outProcess": [500003, 500004, 500178, 500176], "isRaw": 1}