{"name": "Compressed Monoclinic Bistot", "buy": 267001.95, "sell": 283994.0, "base": 1508410.0, "itemId": 28389, "volume": 4.4, "cachingTime": 1561742489.762403, "cachingTimeXML": 1561655289.414612, "inProcess": [500000, 500113], "outProcess": [500003, 500004, 500270]}