{"name": "Cubic Bistot", "buy": 2258.79, "sell": 2182.16, "base": -1.0, "itemId": 46676, "volume": 16.0, "cachingTime": 1561742489.762402, "cachingTimeXML": 1561655289.4146109, "inProcess": [500000, 500001], "outProcess": [500003, 500004, 500272, 500112], "isRaw": 1}