{"name": "Triclinic Bistot", "buy": 2215.0, "sell": 2482.27, "base": -1.0, "itemId": 17428, "volume": 16.0, "cachingTime": 1561742489.762401, "cachingTimeXML": 1561655289.414607, "inProcess": [500000, 500001], "outProcess": [500003, 500004, 500274, 500114], "isRaw": 1}