{"name": "Hydrogen fuel block BPO", "buy": 9000006.06, "sell": 10000000.0, "base": -1.0, "itemId": 4316, "volume": 0.0, "cachingTime": 1561655286.207076, "cachingTimeXML": 1561655289.414809, "inProcess": [500000], "outProcess": [500003, 500004]}