{"name": "Loki", "buy": 155570338.15, "sell": 161732459.65, "base": 97886921.1, "itemId": 29990, "volume": 5000.0, "cachingTime": 1561742489.762183, "cachingTimeXML": 1561655289.414199, "inProcess": [500000, 500230], "outProcess": [500003, 500004], "isFinal": 1}