{"name": "C3-FTM Acid", "buy": 66000.39, "sell": 69143.0, "base": -1.0, "itemId": 30311, "volume": 0.2, "cachingTime": 1561903189.874911, "cachingTimeXML": 1561655289.414359, "inProcess": [500000, 500170], "outProcess": [500003, 500004, 500012, 500021], "bpo": 46165}