{"name": "Carbon-86 Epoxy Resin", "buy": 65108.23, "sell": 70388.54, "base": -1.0, "itemId": 30310, "volume": 0.4, "cachingTime": 1561903189.8749068, "cachingTimeXML": 1561655289.414355, "inProcess": [500000, 500171], "outProcess": [500003, 500004, 500021, 500017], "bpo": 46164}