{"name": "Fullerene Intercalated Graphite", "buy": 8037.17, "sell": 7904.92, "base": -1.0, "itemId": 30305, "volume": 0.8, "cachingTime": 1561903189.874903, "cachingTimeXML": 1561655289.414352, "inProcess": [500000, 500172], "outProcess": [500003, 500004, 500025, 500023, 500022, 500024, 500020, 500026, 500013], "bpo": 46160}