{"name": "Graphene Nanoribbons", "buy": 36400.71, "sell": 40795.95, "base": -1.0, "itemId": 30309, "volume": 1.5, "cachingTime": 1561903189.874908, "cachingTimeXML": 1561655289.414356, "inProcess": [500000, 500174], "outProcess": [500003, 500004, 500019, 500018, 500021, 500020, 500011, 500026], "bpo": 46163}