{"name": "Lanthanum Metallofullerene", "buy": 11871.79, "sell": 11989.46, "base": -1.0, "itemId": 30307, "volume": 1.0, "cachingTime": 1561903189.874906, "cachingTimeXML": 1561655289.4143538, "inProcess": [500000, 500175], "outProcess": [500003, 500004, 500019, 500018, 500012, 500021, 500011], "bpo": 46161}