{"name": "Methanofullerene", "buy": 13751.01, "sell": 14000.0, "base": -1.0, "itemId": 30306, "volume": 0.75, "cachingTime": 1561903189.8749099, "cachingTimeXML": 1561655289.414358, "inProcess": [500000, 500176], "outProcess": [500003, 500004, 500014], "bpo": 46157}