{"name": "Scandium Metallofullerene", "buy": 25100.81, "sell": 25997.9, "base": -1.0, "itemId": 30308, "volume": 0.65, "cachingTime": 1561903189.874905, "cachingTimeXML": 1561655289.414353, "inProcess": [500000, 500178], "outProcess": [500003, 500004, 500025, 500023, 500014, 500022, 500024, 500017, 500020, 500026], "bpo": 46162}