{"name": "Biofuels", "buy": 195.79, "sell": 179.14, "base": 400.0, "itemId": 2396, "volume": 0.38, "cachingTime": 1561742489.762317, "cachingTimeXML": 1561655289.414442, "inProcess": [500000, 500002, 500005, 500036], "outProcess": [500003, 500004, 500002, 500005, 500050, 500064, 500057]}