{"name": "Chiral Structures", "buy": 932.89, "sell": 894.4, "base": 400.0, "itemId": 2401, "volume": 0.38, "cachingTime": 1561742489.762313, "cachingTimeXML": 1561655289.414434, "inProcess": [500000, 500002, 500005, 500038], "outProcess": [500003, 500004, 500002, 500005, 500060, 500052, 500071]}