{"name": "Oxidizing Compound", "buy": 574.9, "sell": 590.45, "base": 400.0, "itemId": 2392, "volume": 0.38, "cachingTime": 1561742489.762312, "cachingTimeXML": 1561655289.414433, "inProcess": [500000, 500002, 500005, 500041], "outProcess": [500003, 500004, 500002, 500005, 500066, 500062, 500063]}