{"name": "Plasmoids", "buy": 582.66, "sell": 540.88, "base": 400.0, "itemId": 2389, "volume": 0.38, "cachingTime": 1561742489.762319, "cachingTimeXML": 1561655289.414447, "inProcess": [500000, 500002, 500005, 500043], "outProcess": [500003, 500004, 500002, 500005, 500065, 500067, 500071]}