{"name": "Precious Metals", "buy": 738.99, "sell": 666.24, "base": 400.0, "itemId": 2399, "volume": 0.38, "cachingTime": 1561742489.762311, "cachingTimeXML": 1561655289.414431, "inProcess": [500000, 500002, 500005, 500044], "outProcess": [500003, 500004, 500002, 500005, 500050, 500054, 500058]}