{"name": "Silicon", "buy": 861.55, "sell": 745.96, "base": 400.0, "itemId": 9828, "volume": 0.38, "cachingTime": 1561742489.762315, "cachingTimeXML": 1561655289.41444, "inProcess": [500000, 500002, 500005, 500047], "outProcess": [500003, 500004, 500002, 500005, 500066, 500060, 500059]}