{"name": "Accelerant Decryptor", "buy": 557002.05, "sell": 655126.4, "base": -1.0, "itemId": 34201, "volume": 0.1, "cachingTime": 1561903189.875317, "cachingTimeXML": 1561655289.414742, "inProcess": [500000, 500001], "outProcess": [500003, 500004], "isRaw": 1}