{"name": "Attainment Decryptor", "buy": 3491570.96, "sell": 3518133.01, "base": -1.0, "itemId": 34202, "volume": 0.1, "cachingTime": 1561903189.875318, "cachingTimeXML": 1561655289.414743, "inProcess": [500000, 500001], "outProcess": [500003, 500004], "isRaw": 1}