{"name": "Augmentation Decryptor", "buy": 1779857.37, "sell": 1720945.48, "base": -1.0, "itemId": 34203, "volume": 0.1, "cachingTime": 1561903189.875318, "cachingTimeXML": 1561655289.4147441, "inProcess": [500000, 500001], "outProcess": [500003, 500004], "isRaw": 1}