{"name": "Optimized Augmentation Decryptor", "buy": 8047599.85, "sell": 8338216.19, "base": -1.0, "itemId": 34208, "volume": 0.1, "cachingTime": 1561903189.875314, "cachingTimeXML": 1561655289.414738, "inProcess": [500000, 500001], "outProcess": [500003, 500004], "isRaw": 1}