{"name": "Optimized Attainment Decryptor", "buy": 5957547.14, "sell": 6104901.93, "base": -1.0, "itemId": 34207, "volume": 0.1, "cachingTime": 1561903189.8753128, "cachingTimeXML": 1561655289.414738, "inProcess": [500000, 500001], "outProcess": [500003, 500004], "isRaw": 1}