{"name": "Parity Decryptor", "buy": 1652613.67, "sell": 1715090.52, "base": -1.0, "itemId": 34204, "volume": 0.1, "cachingTime": 1561903189.875315, "cachingTimeXML": 1561655289.414739, "inProcess": [500000, 500001], "outProcess": [500003, 500004], "isRaw": 1}