{"name": "Process Decryptor", "buy": 653543.64, "sell": 705481.17, "base": -1.0, "itemId": 34205, "volume": 0.1, "cachingTime": 1561903189.875315, "cachingTimeXML": 1561655289.41474, "inProcess": [500000, 500001], "outProcess": [500003, 500004], "isRaw": 1}