{"name": "Symmetry Decryptor", "buy": 625010.05, "sell": 597639.28, "base": -1.0, "itemId": 34206, "volume": 0.1, "cachingTime": 1561903189.875316, "cachingTimeXML": 1561655289.414741, "inProcess": [500000, 500001], "outProcess": [500003, 500004], "isRaw": 1}