{"name": "Legion Core - Energy Parasitic Complex", "buy": 27000938.12, "sell": 32282776.02, "base": 20065362.91, "itemId": 45624, "volume": 40.0, "cachingTime": 1561742489.7625742, "cachingTimeXML": 1561655289.414871, "inProcess": [500000, 500181], "outProcess": [500003, 500004], "isFinal": 1}