{"name": "Legion Core - Dissolution Sequencer", "buy": 11301587.37, "sell": 13189430.1, "base": 20065362.91, "itemId": 45622, "volume": 40.0, "cachingTime": 1561742489.7625742, "cachingTimeXML": 1561655289.4148722, "inProcess": [500000, 500180], "outProcess": [500003, 500004], "isFinal": 1}