{"name": "Legion Core - Augmented Antimatter Reactor", "buy": 29161998.62, "sell": 31873899.33, "base": 20065362.91, "itemId": 45623, "volume": 40.0, "cachingTime": 1561742489.7625751, "cachingTimeXML": 1561655289.4148722, "inProcess": [500000, 500179], "outProcess": [500003, 500004], "isFinal": 1}