{"name": "Tengu Propulsion - Interdiction Nullifier", "buy": 28974999.31, "sell": 36749989.44, "base": 20496567.04, "itemId": 45613, "volume": 40.0, "cachingTime": 1561655286.207118, "cachingTimeXML": 1561655289.4148622, "inProcess": [500000, 500202], "outProcess": [500003, 500004], "isFinal": 1}