{"name": "Tengu Propulsion - Fuel Catalyst", "buy": 30272727.29, "sell": 32864705.85, "base": 20496567.04, "itemId": 45615, "volume": 40.0, "cachingTime": 1561655286.207119, "cachingTimeXML": 1561655289.414863, "inProcess": [500000, 500201], "outProcess": [500003, 500004], "isFinal": 1}