{"name": "Tengu Propulsion - Chassis Optimization", "buy": 30000104.41, "sell": 37999999.21, "base": 20496567.04, "itemId": 45614, "volume": 40.0, "cachingTime": 1561655286.20712, "cachingTimeXML": 1561655289.4148638, "inProcess": [500000, 500200], "outProcess": [500003, 500004], "isFinal": 1}