{"name": "Loki Defensive - Adaptive Defense Node", "buy": 31004730.26, "sell": 39249997.64, "base": 26194153.62, "itemId": 45597, "volume": 40.0, "cachingTime": 1561655286.20709, "cachingTimeXML": 1561655289.414827, "inProcess": [500000, 500218], "outProcess": [500003, 500004], "isFinal": 1}