{"name": "Loki Defensive - Covert Reconfiguration", "buy": 37000000.75, "sell": 44686153.37, "base": 26194153.62, "itemId": 45595, "volume": 40.0, "cachingTime": 1561655286.20709, "cachingTimeXML": 1561655289.414828, "inProcess": [500000, 500220], "outProcess": [500003, 500004], "isFinal": 1}