{"name": "Loki Defensive - Augmented Durability", "buy": 34638946.15, "sell": 38670922.32, "base": 26194153.62, "itemId": 45596, "volume": 40.0, "cachingTime": 1561655286.2070909, "cachingTimeXML": 1561655289.414829, "inProcess": [500000, 500219], "outProcess": [500003, 500004], "isFinal": 1}