{"name": "Nitrogen fuel block BPO", "buy": 9000022.93, "sell": 10000000.0, "base": -1.0, "itemId": 4314, "volume": 0.0, "cachingTime": 1559934619.8630269, "cachingTimeXML": 1559804994.496898, "inProcess": [500000], "outProcess": [500003, 500004]}