{"name": "Oxygen fuel block BPO", "buy": 9029149.55, "sell": 10000000.0, "base": -1.0, "itemId": 4313, "volume": 0.0, "cachingTime": 1559934619.863028, "cachingTimeXML": 1559804994.4968991, "inProcess": [500000], "outProcess": [500003, 500004]}