{"name": "Oxygen fuel block BPO", "buy": 9000062.0, "sell": 10000000.0, "base": -1.0, "itemId": 4313, "volume": 0.0, "cachingTime": 1561903189.875369, "cachingTimeXML": 1561655289.4148102, "inProcess": [500000], "outProcess": [500003, 500004]}