{"name": "Compressed Luminous Kernite", "buy": 15506.39, "sell": 15951.37, "base": 581280.0, "itemId": 28411, "volume": 0.19, "cachingTime": 1561655286.206901, "cachingTimeXML": 1561655289.414571, "inProcess": [500000, 500141], "outProcess": [500003, 500004, 500325]}