{"name": "Compressed Resplendant Kernite", "buy": 16701.7, "sell": 18337.4, "base": -1.0, "itemId": 46699, "volume": 0.19, "cachingTime": 1561655286.206899, "cachingTimeXML": 1561655289.414569, "inProcess": [500000, 500142], "outProcess": [500003, 500004, 500326]}