{"name": "Compressed Fiery Kernite", "buy": 15208.76, "sell": 16481.85, "base": 2021400.0, "itemId": 28409, "volume": 0.19, "cachingTime": 1561655286.206902, "cachingTimeXML": 1561655289.414572, "inProcess": [500000, 500139], "outProcess": [500003, 500004, 500323]}