{"name": "Loki Core - Immobility Drivers", "buy": 30800425.7, "sell": 32499899.77, "base": 20065362.91, "itemId": 45633, "volume": 40.0, "cachingTime": 1561903189.875388, "cachingTimeXML": 1561655289.414832, "inProcess": [500000, 500217], "outProcess": [500003, 500004], "isFinal": 1}