{"name": "Loki Core - Augmented Nuclear Reactor", "buy": 24018191.38, "sell": 30238094.67, "base": 20065362.91, "itemId": 45632, "volume": 40.0, "cachingTime": 1561903189.8753889, "cachingTimeXML": 1561655289.4148328, "inProcess": [500000, 500215], "outProcess": [500003, 500004], "isFinal": 1}