{"name": "Loki Offensive - Projectile Scoping Array", "buy": 34000000.42, "sell": 36998999.85, "base": 23376510.82, "itemId": 45607, "volume": 40.0, "cachingTime": 1561655286.207087, "cachingTimeXML": 1561655289.414824, "inProcess": [500000, 500222], "outProcess": [500003, 500004], "isFinal": 1}