{"name": "Loki Offensive - Launcher Efficiency Configuration", "buy": 25470189.42, "sell": 38000000.0, "base": 23376510.82, "itemId": 45608, "volume": 40.0, "cachingTime": 1561655286.2070882, "cachingTimeXML": 1561655289.414825, "inProcess": [500000, 500221], "outProcess": [500003, 500004], "isFinal": 1}