{"name": "Loki Offensive - Support Processor", "buy": 29500020.41, "sell": 36774992.73, "base": 23376510.82, "itemId": 45609, "volume": 40.0, "cachingTime": 1561655286.207086, "cachingTimeXML": 1561655289.4148228, "inProcess": [500000, 500223], "outProcess": [500003, 500004], "isFinal": 1}