{"name": "Loki", "buy": 155439932.88, "sell": 162484441.27, "base": 97886921.1, "itemId": 29990, "volume": 5000.0, "cachingTime": 1561655286.206592, "cachingTimeXML": 1561655289.414199, "inProcess": [500000, 500230], "outProcess": [500003, 500004], "isFinal": 1}