{"name": "Compressed Hemorphite", "buy": 44001.02, "sell": 48253.89, "base": 3458000.0, "itemId": 28403, "volume": 0.86, "cachingTime": 1561742489.762413, "cachingTimeXML": 1561655289.414627, "inProcess": [500000, 500131], "outProcess": [500003, 500004, 500307]}