{"name": "Compressed Scintillating Hemorphite", "buy": 47044.5, "sell": 44000.0, "base": -1.0, "itemId": 46697, "volume": 0.86, "cachingTime": 1561742489.762414, "cachingTimeXML": 1561655289.414631, "inProcess": [500000, 500133], "outProcess": [500003, 500004, 500309]}