{"name": "Hemorphite", "buy": 886.06, "sell": 835.74, "base": -1.0, "itemId": 1231, "volume": 3.0, "cachingTime": 1561742489.7624152, "cachingTimeXML": 1561655289.414631, "inProcess": [500000, 500001], "outProcess": [500003, 500004, 500311, 500131], "isRaw": 1}