{"name": "Radiant Hemorphite", "buy": 413.15, "sell": 302.77, "base": -1.0, "itemId": 17445, "volume": 3.0, "cachingTime": 1561742489.762414, "cachingTimeXML": 1561655289.41463, "inProcess": [500000, 500001], "outProcess": [500003, 500004, 500312, 500132], "isRaw": 1}