{"name": "Scintillating Hemorphite", "buy": 392.85, "sell": 499.57, "base": -1.0, "itemId": 46681, "volume": 3.0, "cachingTime": 1561742489.7624161, "cachingTimeXML": 1561655289.4146318, "inProcess": [500000, 500001], "outProcess": [500003, 500004, 500313, 500133], "isRaw": 1}