{"name": "Electromechanical Interface Nexus BPO", "buy": 10000.0, "sell": 10000000.0, "base": -1.0, "itemId": 30467, "volume": 0.0, "cachingTime": 1559934619.863022, "cachingTimeXML": 1559804994.49689, "inProcess": [500000], "outProcess": [500003, 500004]}