{"name": "Emergent Neurovisual Interface BPO", "buy": 10000.01, "sell": 10000000.0, "base": -1.0, "itemId": 29997, "volume": 0.0, "cachingTime": 1559934619.8630242, "cachingTimeXML": 1559804994.496894, "inProcess": [500000], "outProcess": [500003, 500004]}