{"name": "Fullerene Intercalated Sheets BPO", "buy": 10000.01, "sell": 10000000.0, "base": -1.0, "itemId": 30003, "volume": 0.0, "cachingTime": 1559934619.8630211, "cachingTimeXML": 1559804994.49689, "inProcess": [500000], "outProcess": [500003, 500004]}