{"name": "Metallofullerene Plating BPO", "buy": 10000.0, "sell": 10000000.0, "base": -1.0, "itemId": 30465, "volume": 0.0, "cachingTime": 1559934619.863019, "cachingTimeXML": 1559804994.496886, "inProcess": [500000], "outProcess": [500003, 500004]}