{"name": "Optimized Nano-Engines BPO", "buy": 2310260.81, "sell": 10000000.0, "base": -1.0, "itemId": 29993, "volume": 0.0, "cachingTime": 1559934619.86302, "cachingTimeXML": 1559804994.4968882, "inProcess": [500000], "outProcess": [500003, 500004]}