{"name": "Reconfigured Subspace Calibrator BPO", "buy": 10000.0, "sell": 10000000.0, "base": -1.0, "itemId": 30479, "volume": 0.0, "cachingTime": 1559934619.8630242, "cachingTimeXML": 1559804994.496893, "inProcess": [500000], "outProcess": [500003, 500004]}