{"name": "Reinforced Metallofullerene Alloys BPO", "buy": 10000.01, "sell": 10000000.0, "base": -1.0, "itemId": 30009, "volume": 0.0, "cachingTime": 1559934619.863022, "cachingTimeXML": 1559804994.4968908, "inProcess": [500000], "outProcess": [500003, 500004]}