{"name": "Self-Assembling Nanolattice BPO", "buy": 7431999.04, "sell": 10000000.0, "base": -1.0, "itemId": 34397, "volume": 0.0, "cachingTime": 1561801604.7253873, "cachingTimeXML": 1561655289.4147909, "inProcess": [500000], "outProcess": [500003, 500004]}