{"name": "Self-Assembling Nanolattice BPO", "buy": 7430000.18, "sell": 10000000.0, "base": -1.0, "itemId": 34397, "volume": 0.0, "cachingTime": 1559934619.863018, "cachingTimeXML": 1559804994.4968839, "inProcess": [500000], "outProcess": [500003, 500004]}