{"name": "Superconducting Ladar Amplifier BPO", "buy": 122729.55, "sell": 10000000.0, "base": -1.0, "itemId": 45659, "volume": 0.0, "cachingTime": 1559934619.863019, "cachingTimeXML": 1559804994.496887, "inProcess": [500000], "outProcess": [500003, 500004]}