{"name": "Superconducting Gravimetric Amplifier BPO", "buy": 1100007.35, "sell": 10000000.0, "base": -1.0, "itemId": 45657, "volume": 0.0, "cachingTime": 1559934619.86302, "cachingTimeXML": 1559804994.496889, "inProcess": [500000], "outProcess": [500003, 500004]}