{"name": "Superconducting Magnetometric Amplifier BPO", "buy": 131829.57, "sell": 10000000.0, "base": -1.0, "itemId": 45656, "volume": 0.0, "cachingTime": 1561801604.7253873, "cachingTimeXML": 1561655289.414805, "inProcess": [500000], "outProcess": [500003, 500004]}