{"name": "Superconducting Radar Amplifier BPO", "buy": 122729.87, "sell": 10000000.0, "base": -1.0, "itemId": 45658, "volume": 0.0, "cachingTime": 1559934619.863025, "cachingTimeXML": 1559804994.496895, "inProcess": [500000], "outProcess": [500003, 500004]}