{"name": "Warfare Computation Core BPO", "buy": 119999.16, "sell": 10000000.0, "base": -1.0, "itemId": 29995, "volume": 0.0, "cachingTime": 1559934619.863023, "cachingTimeXML": 1559804994.496892, "inProcess": [500000], "outProcess": [500003, 500004]}