{"name": "Camera Drones", "buy": 85102.87, "sell": 88301.81, "base": 60000.0, "itemId": 2345, "volume": 6.0, "cachingTime": 1561903189.874946, "cachingTimeXML": 1561655289.414387, "inProcess": [500000, 500002, 500005, 500075], "outProcess": [500003, 500004, 500002, 500005, 500032]}