{"name": "Condensates", "buy": 45000.01, "sell": 44790.0, "base": 60000.0, "itemId": 2344, "volume": 6.0, "cachingTime": 1561903189.8749409, "cachingTimeXML": 1561655289.414381, "inProcess": [500000, 500002, 500005, 500076], "outProcess": [500003, 500004, 500002, 500005, 500030]}