{"name": "Cryoprotectant Solution", "buy": 102923.06, "sell": 104977.76, "base": 60000.0, "itemId": 2367, "volume": 6.0, "cachingTime": 1561903189.874937, "cachingTimeXML": 1561655289.414378, "inProcess": [500000, 500002, 500005, 500077], "outProcess": [500003, 500004, 500002, 500005, 500034]}