{"name": "Data Chips", "buy": 95594.77, "sell": 100889.31, "base": 60000.0, "itemId": 17392, "volume": 6.0, "cachingTime": 1561903189.874944, "cachingTimeXML": 1561655289.4143848, "inProcess": [500000, 500002, 500005, 500078], "outProcess": [500003, 500004, 500002, 500005, 500027]}