{"name": "Hazmat Detection Systems", "buy": 109008.76, "sell": 119701.77, "base": 60000.0, "itemId": 2366, "volume": 6.0, "cachingTime": 1561903189.874942, "cachingTimeXML": 1561655289.414382, "inProcess": [500000, 500002, 500005, 500081], "outProcess": [500003, 500004, 500002, 500005, 500028]}