{"name": "Industrial Explosives", "buy": 69240.2, "sell": 76245.21, "base": 60000.0, "itemId": 2360, "volume": 6.0, "cachingTime": 1561903189.874948, "cachingTimeXML": 1561655289.414388, "inProcess": [500000, 500002, 500005, 500084], "outProcess": [500003, 500004, 500002, 500005, 500029]}