{"name": "Neocoms", "buy": 79980.8, "sell": 82086.59, "base": 60000.0, "itemId": 2354, "volume": 6.0, "cachingTime": 1561903189.87495, "cachingTimeXML": 1561655289.41439, "inProcess": [500000, 500002, 500005, 500085], "outProcess": [500003, 500004, 500002, 500005, 500027]}