{"name": "Planetary Vehicles", "buy": 115012.07, "sell": 129071.98, "base": 60000.0, "itemId": 9846, "volume": 6.0, "cachingTime": 1561903189.874959, "cachingTimeXML": 1561655289.414397, "inProcess": [500000, 500002, 500005, 500087], "outProcess": [500003, 500004, 500002, 500005, 500028]}