{"name": "Supercomputers", "buy": 104984.57, "sell": 111501.36, "base": 60000.0, "itemId": 2349, "volume": 6.0, "cachingTime": 1561903189.8749492, "cachingTimeXML": 1561655289.414389, "inProcess": [500000, 500002, 500005, 500090], "outProcess": [500003, 500004, 500002, 500005, 500034]}