{"name": "Synthetic Synapses", "buy": 67835.09, "sell": 73889.23, "base": 60000.0, "itemId": 2346, "volume": 6.0, "cachingTime": 1561903189.87493, "cachingTimeXML": 1561655289.4143739, "inProcess": [500000, 500002, 500005, 500091], "outProcess": [500003, 500004, 500002, 500005, 500031]}