{"name": "Ukomi Superconductors", "buy": 51570.66, "sell": 52513.96, "base": 60000.0, "itemId": 17136, "volume": 6.0, "cachingTime": 1561903189.874939, "cachingTimeXML": 1561655289.41438, "inProcess": [500000, 500002, 500005, 500093], "outProcess": [500003, 500004, 500002, 500005, 500029]}