{"name": "Jackdaw", "buy": 39716183.0, "sell": 40938249.77, "base": 26879489.57, "itemId": 34828, "volume": 5000.0, "cachingTime": 1561655286.206582, "cachingTimeXML": 1561655289.414187, "inProcess": [500000, 500232], "outProcess": [500003, 500004], "isFinal": 1}