{"name": "Compressed Vivid Hemorphite", "buy": 46000.01, "sell": 52012.52, "base": 1725050.0, "itemId": 28405, "volume": 0.86, "cachingTime": 1561655286.2069418, "cachingTimeXML": 1561655289.414628, "inProcess": [500000, 500134], "outProcess": [500003, 500004, 500310]}