{"name": "Compressed Radiant Hemorphite", "buy": 47203.77, "sell": 48000.0, "base": 1314400.0, "itemId": 28404, "volume": 0.86, "cachingTime": 1561655286.206947, "cachingTimeXML": 1561655289.414634, "inProcess": [500000, 500132], "outProcess": [500003, 500004, 500308]}