{"name": "Hemorphite", "buy": 878.98, "sell": 869.85, "base": -1.0, "itemId": 1231, "volume": 3.0, "cachingTime": 1561655286.206944, "cachingTimeXML": 1561655289.414631, "inProcess": [500000, 500001], "outProcess": [500003, 500004, 500311, 500131], "isRaw": 1}