{"name": "Scintillating Hemorphite", "buy": 394.68, "sell": 499.48, "base": -1.0, "itemId": 46681, "volume": 3.0, "cachingTime": 1561655286.206945, "cachingTimeXML": 1561655289.4146318, "inProcess": [500000, 500001], "outProcess": [500003, 500004, 500313, 500133], "isRaw": 1}