{"name": "Vivid Hemorphite", "buy": 396.0, "sell": 322.71, "base": -1.0, "itemId": 17444, "volume": 3.0, "cachingTime": 1561655286.2069461, "cachingTimeXML": 1561655289.414633, "inProcess": [500000, 500001], "outProcess": [500003, 500004, 500314, 500134], "isRaw": 1}