{"name": "Proteus Defensive - Augmented Plating", "buy": 13000007.01, "sell": 14847301.55, "base": 26194153.62, "itemId": 45593, "volume": 40.0, "cachingTime": 1561903189.8754041, "cachingTimeXML": 1561655289.4148512, "inProcess": [500000, 500206], "outProcess": [500003, 500004], "isFinal": 1}