{"name": "Proteus Defensive - Covert Reconfiguration", "buy": 38000000.0, "sell": 40818479.96, "base": 26194153.62, "itemId": 45592, "volume": 40.0, "cachingTime": 1561903189.875403, "cachingTimeXML": 1561655289.414849, "inProcess": [500000, 500207], "outProcess": [500003, 500004], "isFinal": 1}