{"name": "Central System Controller", "buy": 34119.45, "sell": 55547.55, "base": -1.0, "itemId": 30270, "volume": 0.01, "cachingTime": 1561742489.762244, "cachingTimeXML": 1561655289.414315, "inProcess": [500000, 500001], "outProcess": [500003, 500004, 500012, 500021], "isRaw": 1}