{"name": "Defensive Control Node", "buy": 22097.24, "sell": 34431.17, "base": -1.0, "itemId": 30269, "volume": 0.01, "cachingTime": 1561742489.7622452, "cachingTimeXML": 1561655289.414316, "inProcess": [500000, 500001], "outProcess": [500003, 500004, 500012, 500021], "isRaw": 1}