{"name": "Emergent Combat Analyzer", "buy": 43322.9, "sell": 84103.99, "base": -1.0, "itemId": 30248, "volume": 0.01, "cachingTime": 1561742489.7622468, "cachingTimeXML": 1561655289.414319, "inProcess": [500000, 500001], "outProcess": [500003, 500004, 500026], "isRaw": 1}