{"name": "Faraday Force Magnetometer", "buy": 9517.72, "sell": 18335.98, "base": -1.0, "itemId": 45661, "volume": 0.01, "cachingTime": 1561742489.762249, "cachingTimeXML": 1561655289.414322, "inProcess": [500000, 500001], "outProcess": [500003, 500004, 500025, 500023, 500022, 500024], "isRaw": 1}