{"name": "Fused Nanomechanical Engines", "buy": 25651.0, "sell": 47933.36, "base": -1.0, "itemId": 30018, "volume": 0.01, "cachingTime": 1561742489.762249, "cachingTimeXML": 1561655289.4143229, "inProcess": [500000, 500001], "outProcess": [500003, 500004, 500018], "isRaw": 1}