{"name": "Heuristic Selfassemblers", "buy": 144001.55, "sell": 179193.14, "base": -1.0, "itemId": 30022, "volume": 0.01, "cachingTime": 1561742489.762251, "cachingTimeXML": 1561655289.414326, "inProcess": [500000, 500001], "outProcess": [500003, 500004, 500021, 500020], "isRaw": 1}