{"name": "Jump Drive Control Nexus", "buy": 40602.48, "sell": 96075.88, "base": -1.0, "itemId": 30268, "volume": 0.01, "cachingTime": 1561742489.762253, "cachingTimeXML": 1561655289.41433, "inProcess": [500000, 500001], "outProcess": [500003, 500004, 500012, 500021], "isRaw": 1}