{"name": "Melted Nanoribbons", "buy": 146300.0, "sell": 191992.0, "base": -1.0, "itemId": 30259, "volume": 0.01, "cachingTime": 1561742489.762246, "cachingTimeXML": 1561655289.4143171, "inProcess": [500000, 500001], "outProcess": [500003, 500004, 500017, 500013], "isRaw": 1}