{"name": "Neurovisual Input Matrix", "buy": 12081.11, "sell": 14143.08, "base": -1.0, "itemId": 30251, "volume": 0.01, "cachingTime": 1561742489.7622468, "cachingTimeXML": 1561655289.4143202, "inProcess": [500000, 500001], "outProcess": [500003, 500004, 500014, 500021, 500013], "isRaw": 1}