{"name": "Resonance Calibration Matrix", "buy": 43069.8, "sell": 84904.33, "base": -1.0, "itemId": 30258, "volume": 0.01, "cachingTime": 1561742489.762252, "cachingTimeXML": 1561655289.414328, "inProcess": [500000, 500001], "outProcess": [500003, 500004, 500019], "isRaw": 1}