{"name": "Scorched Microgravimeter", "buy": 67516.1, "sell": 73679.32, "base": -1.0, "itemId": 45660, "volume": 0.01, "cachingTime": 1561742489.762253, "cachingTimeXML": 1561655289.414329, "inProcess": [500000, 500001], "outProcess": [500003, 500004, 500025, 500023, 500022, 500024], "isRaw": 1}