{"name": "Thermoelectric Catalysts", "buy": 19402.5, "sell": 48778.07, "base": -1.0, "itemId": 30252, "volume": 0.01, "cachingTime": 1561742489.762252, "cachingTimeXML": 1561655289.4143271, "inProcess": [500000, 500001], "outProcess": [500003, 500004, 500012, 500021], "isRaw": 1}