{"name": "Proteus Defensive - Augmented Plating", "buy": 12871000.0, "sell": 15093886.72, "base": 26194153.62, "itemId": 45593, "volume": 40.0, "cachingTime": 1561655286.2071092, "cachingTimeXML": 1561655289.4148512, "inProcess": [500000, 500206], "outProcess": [500003, 500004], "isFinal": 1}