{"name": "Proteus Defensive - Covert Reconfiguration", "buy": 37710051.11, "sell": 41999943.5, "base": 26194153.62, "itemId": 45592, "volume": 40.0, "cachingTime": 1561655286.207107, "cachingTimeXML": 1561655289.414849, "inProcess": [500000, 500207], "outProcess": [500003, 500004], "isFinal": 1}