{"name": "Proteus Defensive - Nanobot Injector", "buy": 25668073.78, "sell": 31752470.18, "base": 26194153.62, "itemId": 45594, "volume": 40.0, "cachingTime": 1561655286.207108, "cachingTimeXML": 1561655289.41485, "inProcess": [500000, 500208], "outProcess": [500003, 500004], "isFinal": 1}