{"name": "Tengu Defensive - Amplification Node", "buy": 36000003.31, "sell": 40719254.61, "base": 26194153.62, "itemId": 45591, "volume": 40.0, "cachingTime": 1561655286.207113, "cachingTimeXML": 1561655289.414855, "inProcess": [500000, 500194], "outProcess": [500003, 500004], "isFinal": 1}