{"name": "Tengu Defensive - Supplemental Screening", "buy": 14605404.05, "sell": 17819573.15, "base": 26194153.62, "itemId": 45590, "volume": 40.0, "cachingTime": 1561655286.207113, "cachingTimeXML": 1561655289.414856, "inProcess": [500000, 500196], "outProcess": [500003, 500004], "isFinal": 1}