{"name": "Tengu Defensive - Covert Reconfiguration", "buy": 37000017.26, "sell": 42620688.73, "base": 26194153.62, "itemId": 45589, "volume": 40.0, "cachingTime": 1561655286.2071118, "cachingTimeXML": 1561655289.4148538, "inProcess": [500000, 500195], "outProcess": [500003, 500004], "isFinal": 1}