{"name": "Magma Mercoxit", "buy": 7221.41, "sell": 27733.4, "base": -1.0, "itemId": 17869, "volume": 40.0, "cachingTime": 1561742489.762398, "cachingTimeXML": 1561655289.414603, "inProcess": [500000, 500001], "outProcess": [500003, 500004, 500334, 500143], "isRaw": 1}