{"name": "Tengu Defensive - Amplification Node", "buy": 35500012.1, "sell": 39852816.4, "base": 26194153.62, "itemId": 45591, "volume": 40.0, "cachingTime": 1561903189.875408, "cachingTimeXML": 1561655289.414855, "inProcess": [500000, 500194], "outProcess": [500003, 500004], "isFinal": 1}