{"name": "Tengu Defensive - Supplemental Screening", "buy": 13301000.0, "sell": 17604709.26, "base": 26194153.62, "itemId": 45590, "volume": 40.0, "cachingTime": 1561903189.875408, "cachingTimeXML": 1561655289.414856, "inProcess": [500000, 500196], "outProcess": [500003, 500004], "isFinal": 1}