{"name": "Tengu Defensive - Covert Reconfiguration", "buy": 38889898.75, "sell": 38999987.6, "base": 26194153.62, "itemId": 45589, "volume": 40.0, "cachingTime": 1561903189.8754072, "cachingTimeXML": 1561655289.4148538, "inProcess": [500000, 500195], "outProcess": [500003, 500004], "isFinal": 1}