{"name": "Compressed Hedbergite", "buy": 35500.8, "sell": 41546.59, "base": 1628750.0, "itemId": 28401, "volume": 0.47, "cachingTime": 1561655286.2068968, "cachingTimeXML": 1561655289.4145658, "inProcess": [500000, 500128], "outProcess": [500003, 500004, 500300]}