{"name": "Glazed Hedbergite", "buy": 337.32, "sell": 427.32, "base": -1.0, "itemId": 17441, "volume": 3.0, "cachingTime": 1561655286.206895, "cachingTimeXML": 1561655289.4145641, "inProcess": [500000, 500001], "outProcess": [500003, 500004, 500303, 500127], "isRaw": 1}