{"name": "Hedbergite", "buy": 310.53, "sell": 200.01, "base": -1.0, "itemId": 21, "volume": 3.0, "cachingTime": 1561655286.206892, "cachingTimeXML": 1561655289.41455, "inProcess": [500000, 500001], "outProcess": [500003, 500004, 500304, 500128], "isRaw": 1}