{"name": "Accelerant Decryptor", "buy": 555051.31, "sell": 559447.35, "base": -1.0, "itemId": 34201, "volume": 0.1, "cachingTime": 1559934619.862988, "cachingTimeXML": 1559804994.496822, "inProcess": [500000, 500001], "outProcess": [500003, 500004], "isRaw": 1}