{"name": "Attainment Decryptor", "buy": 3449310.63, "sell": 3901730.84, "base": -1.0, "itemId": 34202, "volume": 0.1, "cachingTime": 1561801604.7253873, "cachingTimeXML": 1561655289.414743, "inProcess": [500000, 500001], "outProcess": [500003, 500004], "isRaw": 1}