{"name": "Attainment Decryptor", "buy": 4140020.0, "sell": 4265322.48, "base": -1.0, "itemId": 34202, "volume": 0.1, "cachingTime": 1559934619.862989, "cachingTimeXML": 1559804994.4968379, "inProcess": [500000, 500001], "outProcess": [500003, 500004], "isRaw": 1}