{"name": "Augmentation Decryptor", "buy": 1752000.27, "sell": 1692423.91, "base": -1.0, "itemId": 34203, "volume": 0.1, "cachingTime": 1561801604.7253873, "cachingTimeXML": 1561655289.4147441, "inProcess": [500000, 500001], "outProcess": [500003, 500004], "isRaw": 1}