{"name": "Augmentation Decryptor", "buy": 1727121.9, "sell": 1648010.28, "base": -1.0, "itemId": 34203, "volume": 0.1, "cachingTime": 1559934619.862989, "cachingTimeXML": 1559804994.4968388, "inProcess": [500000, 500001], "outProcess": [500003, 500004], "isRaw": 1}