{"name": "Optimized Attainment Decryptor", "buy": 6800906.12, "sell": 7006248.93, "base": -1.0, "itemId": 34207, "volume": 0.1, "cachingTime": 1559934619.862985, "cachingTimeXML": 1559804994.4968169, "inProcess": [500000, 500001], "outProcess": [500003, 500004], "isRaw": 1}