{"name": "Optimized Attainment Decryptor", "buy": 5844444.66, "sell": 6107615.82, "base": -1.0, "itemId": 34207, "volume": 0.1, "cachingTime": 1561801604.7253873, "cachingTimeXML": 1561655289.414738, "inProcess": [500000, 500001], "outProcess": [500003, 500004], "isRaw": 1}