{"name": "Optimized Augmentation Decryptor", "buy": 9211125.01, "sell": 9254783.78, "base": -1.0, "itemId": 34208, "volume": 0.1, "cachingTime": 1559934619.862986, "cachingTimeXML": 1559804994.4968169, "inProcess": [500000, 500001], "outProcess": [500003, 500004], "isRaw": 1}