{"name": "Optimized Augmentation Decryptor", "buy": 8050944.58, "sell": 8352500.19, "base": -1.0, "itemId": 34208, "volume": 0.1, "cachingTime": 1561801604.7253873, "cachingTimeXML": 1561655289.414738, "inProcess": [500000, 500001], "outProcess": [500003, 500004], "isRaw": 1}