{"name": "Parity Decryptor", "buy": 1830451.26, "sell": 1972985.94, "base": -1.0, "itemId": 34204, "volume": 0.1, "cachingTime": 1559934619.862986, "cachingTimeXML": 1559804994.4968178, "inProcess": [500000, 500001], "outProcess": [500003, 500004], "isRaw": 1}