{"name": "Parity Decryptor", "buy": 1651639.37, "sell": 1735140.24, "base": -1.0, "itemId": 34204, "volume": 0.1, "cachingTime": 1561801604.7253873, "cachingTimeXML": 1561655289.414739, "inProcess": [500000, 500001], "outProcess": [500003, 500004], "isRaw": 1}