{"name": "Process Decryptor", "buy": 657358.62, "sell": 702367.1, "base": -1.0, "itemId": 34205, "volume": 0.1, "cachingTime": 1561801604.7253873, "cachingTimeXML": 1561655289.41474, "inProcess": [500000, 500001], "outProcess": [500003, 500004], "isRaw": 1}