{"name": "Process Decryptor", "buy": 647502.1, "sell": 626657.28, "base": -1.0, "itemId": 34205, "volume": 0.1, "cachingTime": 1559934619.862987, "cachingTimeXML": 1559804994.49682, "inProcess": [500000, 500001], "outProcess": [500003, 500004], "isRaw": 1}