{"name": "Symmetry Decryptor", "buy": 615890.42, "sell": 590597.61, "base": -1.0, "itemId": 34206, "volume": 0.1, "cachingTime": 1559934619.862988, "cachingTimeXML": 1559804994.496821, "inProcess": [500000, 500001], "outProcess": [500003, 500004], "isRaw": 1}