{"name": "Symmetry Decryptor", "buy": 625000.06, "sell": 592852.13, "base": -1.0, "itemId": 34206, "volume": 0.1, "cachingTime": 1561801604.7253873, "cachingTimeXML": 1561655289.414741, "inProcess": [500000, 500001], "outProcess": [500003, 500004], "isRaw": 1}