{"name": "Legion", "buy": 148190006.85, "sell": 149963354.17, "base": 97886921.1, "itemId": 29986, "volume": 5000.0, "cachingTime": 1561801604.7253873, "cachingTimeXML": 1561655289.4142091, "inProcess": [500000, 500227], "outProcess": [500003, 500004], "isFinal": 1}