{"name": "Legion", "buy": 142155004.9, "sell": 156125790.6, "base": 97886921.1, "itemId": 29986, "volume": 5000.0, "cachingTime": 1559934619.8626518, "cachingTimeXML": 1559804994.4964962, "inProcess": [500000, 500227], "outProcess": [500003, 500004], "isFinal": 1}