{"name": "Blue Ice", "buy": 208347.52, "sell": 234972.92, "base": -1.0, "itemId": 16264, "volume": 1000.0, "cachingTime": 1561801604.7253873, "cachingTimeXML": 1561655289.4144819, "inProcess": [500000, 500001], "outProcess": [500003, 500004, 500235, 500095], "isRaw": 1}