{"name": "Blue Ice", "buy": 238285.72, "sell": 244698.53, "base": -1.0, "itemId": 16264, "volume": 1000.0, "cachingTime": 1559934619.862838, "cachingTimeXML": 1559804994.496656, "inProcess": [500000, 500001], "outProcess": [500003, 500004, 500235, 500095], "isRaw": 1}