{"name": "Clear Icicle", "buy": 201149.02, "sell": 202397.89, "base": -1.0, "itemId": 16262, "volume": 1000.0, "cachingTime": 1559934619.862844, "cachingTimeXML": 1559804994.496663, "inProcess": [500000, 500001], "outProcess": [500003, 500004, 500236, 500096], "isRaw": 1}