{"name": "Compressed Pristine White Glaze", "buy": 235009.06, "sell": 299989.6, "base": 308833.47, "itemId": 28441, "volume": 100.0, "cachingTime": 1561801604.7253873, "cachingTimeXML": 1561655289.414484, "inProcess": [500000, 500103], "outProcess": [500003, 500004, 500245]}