{"name": "Compressed Smooth Glacial Mass", "buy": 252005.01, "sell": 280774.19, "base": 141422.53, "itemId": 28442, "volume": 100.0, "cachingTime": 1559934619.862837, "cachingTimeXML": 1559804994.496656, "inProcess": [500000, 500104], "outProcess": [500003, 500004, 500246]}