{"name": "Compressed White Glaze", "buy": 192701.87, "sell": 211635.75, "base": 92119.09, "itemId": 28444, "volume": 100.0, "cachingTime": 1561801604.7253873, "cachingTimeXML": 1561655289.4144902, "inProcess": [500000, 500106], "outProcess": [500003, 500004, 500248]}