{"name": "Compressed Gelidus", "buy": 390013.19, "sell": 438597.55, "base": 363605.13, "itemId": 28437, "volume": 100.0, "cachingTime": 1561801604.7253873, "cachingTimeXML": 1561655289.414504, "inProcess": [500000, 500099], "outProcess": [500003, 500004, 500241]}