{"name": "Compressed Krystallos", "buy": 505501.66, "sell": 592801.4, "base": 273472.03, "itemId": 28440, "volume": 100.0, "cachingTime": 1559934619.8628402, "cachingTimeXML": 1559804994.496659, "inProcess": [500000, 500102], "outProcess": [500003, 500004, 500244]}