{"name": "Compressed White Glaze", "buy": 208002.0, "sell": 218537.92, "base": 92119.09, "itemId": 28444, "volume": 100.0, "cachingTime": 1559934619.862842, "cachingTimeXML": 1559804994.496661, "inProcess": [500000, 500106], "outProcess": [500003, 500004, 500248]}