{"name": "Compressed Pristine White Glaze", "buy": 233009.17, "sell": 293773.73, "base": 308833.47, "itemId": 28441, "volume": 100.0, "cachingTime": 1559934619.862839, "cachingTimeXML": 1559804994.4966578, "inProcess": [500000, 500103], "outProcess": [500003, 500004, 500245]}