{"name": "Compressed Dark Glitter", "buy": 466510.03, "sell": 488167.26, "base": 350812.28, "itemId": 28435, "volume": 100.0, "cachingTime": 1559934619.8628411, "cachingTimeXML": 1559804994.49666, "inProcess": [500000, 500097], "outProcess": [500003, 500004, 500239]}