{"name": "Compressed Dark Glitter", "buy": 440856.86, "sell": 499129.92, "base": 350812.28, "itemId": 28435, "volume": 100.0, "cachingTime": 1561801604.7253873, "cachingTimeXML": 1561655289.4144871, "inProcess": [500000, 500097], "outProcess": [500003, 500004, 500239]}