{"name": "Compressed Glare Crust", "buy": 660100.0, "sell": 561519.41, "base": 398204.67, "itemId": 28439, "volume": 100.0, "cachingTime": 1559934619.862848, "cachingTimeXML": 1559804994.496667, "inProcess": [500000, 500101], "outProcess": [500003, 500004, 500243]}