{"name": "Compressed Blue Ice", "buy": 232030.01, "sell": 234987.48, "base": 118393.77, "itemId": 28433, "volume": 100.0, "cachingTime": 1561801604.7253873, "cachingTimeXML": 1561655289.414495, "inProcess": [500000, 500095], "outProcess": [500003, 500004, 500237]}