{"name": "Compressed Gelidus", "buy": 371003.0, "sell": 404255.68, "base": 363605.13, "itemId": 28437, "volume": 100.0, "cachingTime": 1559934619.8628511, "cachingTimeXML": 1559804994.4966688, "inProcess": [500000, 500099], "outProcess": [500003, 500004, 500241]}