{"name": "Compressed Thick Blue Ice", "buy": 280007.94, "sell": 323370.92, "base": 64081.48, "itemId": 28443, "volume": 100.0, "cachingTime": 1559934619.86285, "cachingTimeXML": 1559804994.4966679, "inProcess": [500000, 500105], "outProcess": [500003, 500004, 500247]}