{"name": "Compressed Enriched Clear Icicle", "buy": 262812.28, "sell": 300000.0, "base": 154115.85, "itemId": 28436, "volume": 100.0, "cachingTime": 1559934619.862852, "cachingTimeXML": 1559804994.4966688, "inProcess": [500000, 500098], "outProcess": [500003, 500004, 500240]}