{"name": "Compressed Glacial Mass", "buy": 224000.22, "sell": 227241.62, "base": 78354.2, "itemId": 28438, "volume": 100.0, "cachingTime": 1559934619.862846, "cachingTimeXML": 1559804994.496665, "inProcess": [500000, 500100], "outProcess": [500003, 500004, 500242]}