{"name": "Compressed Glacial Mass", "buy": 211002.71, "sell": 213700.32, "base": 78354.2, "itemId": 28438, "volume": 100.0, "cachingTime": 1561801604.7253873, "cachingTimeXML": 1561655289.414498, "inProcess": [500000, 500100], "outProcess": [500003, 500004, 500242]}