{"name": "Compressed Clear Icicle", "buy": 218000.15, "sell": 195609.69, "base": 111577.99, "itemId": 28434, "volume": 100.0, "cachingTime": 1559934619.862849, "cachingTimeXML": 1559804994.496667, "inProcess": [500000, 500096], "outProcess": [500003, 500004, 500238]}