{"name": "Compressed Clear Icicle", "buy": 229493.36, "sell": 224974.66, "base": 111577.99, "itemId": 28434, "volume": 100.0, "cachingTime": 1561801604.7253873, "cachingTimeXML": 1561655289.414502, "inProcess": [500000, 500096], "outProcess": [500003, 500004, 500238]}