{"name": "Compressed Blue Ice", "buy": 240671.61, "sell": 257056.81, "base": 118393.77, "itemId": 28433, "volume": 100.0, "cachingTime": 1559934619.862844, "cachingTimeXML": 1559804994.496664, "inProcess": [500000, 500095], "outProcess": [500003, 500004, 500237]}