{"name": "Dark Glitter", "buy": 428104.37, "sell": 409849.25, "base": -1.0, "itemId": 16267, "volume": 1000.0, "cachingTime": 1559934619.862848, "cachingTimeXML": 1559804994.4966662, "inProcess": [500000, 500001], "outProcess": [500003, 500004, 500249, 500097], "isRaw": 1}