{"name": "Enriched Clear Icicle", "buy": 193333.34, "sell": 140100.98, "base": -1.0, "itemId": 17978, "volume": 1000.0, "cachingTime": 1559934619.8628411, "cachingTimeXML": 1559804994.49666, "inProcess": [500000, 500001], "outProcess": [500003, 500004, 500250, 500098], "isRaw": 1}