{"name": "Gelidus", "buy": 344790.65, "sell": 443750.0, "base": -1.0, "itemId": 16268, "volume": 1000.0, "cachingTime": 1559934619.862845, "cachingTimeXML": 1559804994.496664, "inProcess": [500000, 500001], "outProcess": [500003, 500004, 500251, 500099], "isRaw": 1}