{"name": "Glacial Mass", "buy": 194000.22, "sell": 219540.19, "base": -1.0, "itemId": 16263, "volume": 1000.0, "cachingTime": 1559934619.862842, "cachingTimeXML": 1559804994.496662, "inProcess": [500000, 500001], "outProcess": [500003, 500004, 500252, 500100], "isRaw": 1}