{"name": "Glacial Mass", "buy": 190840.62, "sell": 198786.75, "base": -1.0, "itemId": 16263, "volume": 1000.0, "cachingTime": 1561801604.7253873, "cachingTimeXML": 1561655289.414491, "inProcess": [500000, 500001], "outProcess": [500003, 500004, 500252, 500100], "isRaw": 1}