{"name": "Glare Crust", "buy": 456428.58, "sell": 420000.0, "base": -1.0, "itemId": 16266, "volume": 1000.0, "cachingTime": 1559934619.862846, "cachingTimeXML": 1559804994.496665, "inProcess": [500000, 500001], "outProcess": [500003, 500004, 500253, 500101], "isRaw": 1}