{"name": "Glare Crust", "buy": 451000.01, "sell": 300000.0, "base": -1.0, "itemId": 16266, "volume": 1000.0, "cachingTime": 1561801604.7253873, "cachingTimeXML": 1561655289.4144971, "inProcess": [500000, 500001], "outProcess": [500003, 500004, 500253, 500101], "isRaw": 1}