{"name": "Krystallos", "buy": 325650.1, "sell": 1429629.63, "base": -1.0, "itemId": 16269, "volume": 1000.0, "cachingTime": 1559934619.862853, "cachingTimeXML": 1559804994.496671, "inProcess": [500000, 500001], "outProcess": [500003, 500004, 500254, 500102], "isRaw": 1}