{"name": "Pristine White Glaze", "buy": 210050.33, "sell": 497641.8, "base": -1.0, "itemId": 17976, "volume": 1000.0, "cachingTime": 1559934619.862838, "cachingTimeXML": 1559804994.496657, "inProcess": [500000, 500001], "outProcess": [500003, 500004, 500255, 500103], "isRaw": 1}