{"name": "Smooth Glacial Mass", "buy": 160001.3, "sell": 96000.0, "base": -1.0, "itemId": 17977, "volume": 1000.0, "cachingTime": 1559934619.862852, "cachingTimeXML": 1559804994.49667, "inProcess": [500000, 500001], "outProcess": [500003, 500004, 500256, 500104], "isRaw": 1}