{"name": "Thick Blue Ice", "buy": 243566.25, "sell": 188861.54, "base": -1.0, "itemId": 17975, "volume": 1000.0, "cachingTime": 1559934619.8628428, "cachingTimeXML": 1559804994.496662, "inProcess": [500000, 500001], "outProcess": [500003, 500004, 500257, 500105], "isRaw": 1}