{"name": "Thick Blue Ice", "buy": 219571.58, "sell": 146222.22, "base": -1.0, "itemId": 17975, "volume": 1000.0, "cachingTime": 1561801604.7253873, "cachingTimeXML": 1561655289.414492, "inProcess": [500000, 500001], "outProcess": [500003, 500004, 500257, 500105], "isRaw": 1}