{"name": "White Glaze", "buy": 201559.44, "sell": 190000.0, "base": -1.0, "itemId": 16265, "volume": 1000.0, "cachingTime": 1559934619.862839, "cachingTimeXML": 1559804994.4966578, "inProcess": [500000, 500001], "outProcess": [500003, 500004, 500258, 500106], "isRaw": 1}