{"name": "White Glaze", "buy": 192500.32, "sell": 194137.53, "base": -1.0, "itemId": 16265, "volume": 1000.0, "cachingTime": 1561801604.7253873, "cachingTimeXML": 1561655289.414485, "inProcess": [500000, 500001], "outProcess": [500003, 500004, 500258, 500106], "isRaw": 1}