{"name": "Fullerite-C60", "buy": 2666.71, "sell": 2565.84, "base": -1.0, "itemId": 30371, "volume": 1.0, "cachingTime": 1561742489.76226, "cachingTimeXML": 1561655289.414342, "inProcess": [500000, 500001], "outProcess": [500003, 500004, 500172, 500177, 500173], "isRaw": 1}