{"name": "Fullerite-C28", "buy": 10731.83, "sell": 10498.37, "base": -1.0, "itemId": 30375, "volume": 2.0, "cachingTime": 1561742489.76226, "cachingTimeXML": 1561655289.41434, "inProcess": [500000, 500001], "outProcess": [500003, 500004, 500178, 500174], "isRaw": 1}