{"name": "Fullerite-C72", "buy": 12030.57, "sell": 13256.83, "base": -1.0, "itemId": 30373, "volume": 2.0, "cachingTime": 1561742489.7622578, "cachingTimeXML": 1561655289.414338, "inProcess": [500000, 500001], "outProcess": [500003, 500004, 500178, 500176], "isRaw": 1}