{"name": "Fullerite-C32", "buy": 27102.28, "sell": 27098.59, "base": -1.0, "itemId": 30376, "volume": 5.0, "cachingTime": 1561742489.762259, "cachingTimeXML": 1561655289.414339, "inProcess": [500000, 500001], "outProcess": [500003, 500004, 500171, 500174], "isRaw": 1}