{"name": "Fullerite-C540", "buy": 52523.59, "sell": 53432.88, "base": -1.0, "itemId": 30378, "volume": 10.0, "cachingTime": 1561742489.762263, "cachingTimeXML": 1561655289.414346, "inProcess": [500000, 500001], "outProcess": [500003, 500004, 500170], "isRaw": 1}