{"name": "Fullerite-C320", "buy": 61003.11, "sell": 64642.3, "base": -1.0, "itemId": 30377, "volume": 5.0, "cachingTime": 1561742489.762261, "cachingTimeXML": 1561655289.4143429, "inProcess": [500000, 500001], "outProcess": [500003, 500004, 500171], "isRaw": 1}