{"name": "Fullerite-C84", "buy": 4164.33, "sell": 4263.6, "base": -1.0, "itemId": 30374, "volume": 2.0, "cachingTime": 1561742489.762263, "cachingTimeXML": 1561655289.414347, "inProcess": [500000, 500001], "outProcess": [500003, 500004, 500175, 500170], "isRaw": 1}