{"name": "Fullerite-C50", "buy": 6706.66, "sell": 5932.92, "base": -1.0, "itemId": 30370, "volume": 1.0, "cachingTime": 1561742489.762261, "cachingTimeXML": 1561655289.4143438, "inProcess": [500000, 500001], "outProcess": [500003, 500004, 500177, 500173], "isRaw": 1}