{"name": "Arkonor", "buy": 2448.77, "sell": 3808.28, "base": -1.0, "itemId": 22, "volume": 16.0, "cachingTime": 1561903189.875127, "cachingTimeXML": 1561655289.414521, "inProcess": [500000, 500001], "outProcess": [500003, 500004, 500259, 500107], "isRaw": 1}