{"name": "Compressed Flawless Arkonor", "buy": 354375.17, "sell": 353479.42, "base": -1.0, "itemId": 46691, "volume": 8.8, "cachingTime": 1561903189.875129, "cachingTimeXML": 1561655289.414523, "inProcess": [500000, 500109], "outProcess": [500003, 500004, 500262]}