{"name": "Compressed Crimson Arkonor", "buy": 341008.81, "sell": 368531.99, "base": 2191750.0, "itemId": 28385, "volume": 8.8, "cachingTime": 1561903189.875135, "cachingTimeXML": 1561655289.414528, "inProcess": [500000, 500108], "outProcess": [500003, 500004, 500261]}