{"name": "Crimson Arkonor", "buy": 2556.68, "sell": 3510.97, "base": -1.0, "itemId": 17425, "volume": 16.0, "cachingTime": 1561903189.8751318, "cachingTimeXML": 1561655289.414526, "inProcess": [500000, 500001], "outProcess": [500003, 500004, 500264, 500108], "isRaw": 1}