{"name": "Bistot", "buy": 2047.65, "sell": 2355.71, "base": -1.0, "itemId": 1223, "volume": 16.0, "cachingTime": 1561801604.7253873, "cachingTimeXML": 1561655289.414613, "inProcess": [500000, 500001], "outProcess": [500003, 500004, 500267, 500111], "isRaw": 1}