{"name": "Bistot", "buy": 2047.64, "sell": 2348.85, "base": -1.0, "itemId": 1223, "volume": 16.0, "cachingTime": 1559934619.862907, "cachingTimeXML": 1559804994.496726, "inProcess": [500000, 500001], "outProcess": [500003, 500004, 500267, 500111], "isRaw": 1}