{"name": "Compressed Monoclinic Bistot", "buy": 265000.05, "sell": 283993.97, "base": 1508410.0, "itemId": 28389, "volume": 4.4, "cachingTime": 1559934619.8629062, "cachingTimeXML": 1559804994.496725, "inProcess": [500000, 500113], "outProcess": [500003, 500004, 500270]}