{"name": "Compressed Cubic Bistot", "buy": 274801.02, "sell": 286192.41, "base": -1.0, "itemId": 46692, "volume": 4.4, "cachingTime": 1561801604.7253873, "cachingTimeXML": 1561655289.414614, "inProcess": [500000, 500112], "outProcess": [500003, 500004, 500269]}