{"name": "Compressed Triclinic Bistot", "buy": 260008.02, "sell": 274999.0, "base": 1847710.0, "itemId": 28390, "volume": 4.4, "cachingTime": 1561801604.7253873, "cachingTimeXML": 1561655289.41461, "inProcess": [500000, 500114], "outProcess": [500003, 500004, 500271]}