{"name": "Compressed Bistot", "buy": 260001.1, "sell": 273029.0, "base": 2226100.0, "itemId": 28388, "volume": 4.4, "cachingTime": 1559934619.862904, "cachingTimeXML": 1559804994.496723, "inProcess": [500000, 500111], "outProcess": [500003, 500004, 500268]}