{"name": "Compressed Cubic Bistot", "buy": 286574.64, "sell": 270500.0, "base": -1.0, "itemId": 46692, "volume": 4.4, "cachingTime": 1559934619.862907, "cachingTimeXML": 1559804994.496726, "inProcess": [500000, 500112], "outProcess": [500003, 500004, 500269]}