{"name": "Compressed Triclinic Bistot", "buy": 255136.2, "sell": 302052.72, "base": 1847710.0, "itemId": 28390, "volume": 4.4, "cachingTime": 1559934619.862905, "cachingTimeXML": 1559804994.496724, "inProcess": [500000, 500114], "outProcess": [500003, 500004, 500271]}