{"name": "Cubic Bistot", "buy": 2301.0, "sell": 3003.84, "base": -1.0, "itemId": 46676, "volume": 16.0, "cachingTime": 1559934619.8629062, "cachingTimeXML": 1559804994.496724, "inProcess": [500000, 500001], "outProcess": [500003, 500004, 500272, 500112], "isRaw": 1}