{"name": "Monoclinic Bistot", "buy": 2035.01, "sell": 5086.84, "base": -1.0, "itemId": 17429, "volume": 16.0, "cachingTime": 1559934619.862908, "cachingTimeXML": 1559804994.496727, "inProcess": [500000, 500001], "outProcess": [500003, 500004, 500273, 500113], "isRaw": 1}