{"name": "Monoclinic Bistot", "buy": 2035.01, "sell": 3000.0, "base": -1.0, "itemId": 17429, "volume": 16.0, "cachingTime": 1561801604.7253873, "cachingTimeXML": 1561655289.4146152, "inProcess": [500000, 500001], "outProcess": [500003, 500004, 500273, 500113], "isRaw": 1}