{"name": "Triclinic Bistot", "buy": 2215.0, "sell": 2483.08, "base": -1.0, "itemId": 17428, "volume": 16.0, "cachingTime": 1559934619.862904, "cachingTimeXML": 1559804994.496722, "inProcess": [500000, 500001], "outProcess": [500003, 500004, 500274, 500114], "isRaw": 1}