{"name": "Ancient Radar Decorrelator", "buy": 5019.61, "sell": 7055.26, "base": -1.0, "itemId": 45662, "volume": 0.01, "cachingTime": 1559934619.862717, "cachingTimeXML": 1559804994.496557, "inProcess": [500000, 500001], "outProcess": [500003, 500004, 500025, 500023, 500022, 500024], "isRaw": 1}