{"name": "Cartesian Temporal Coordinator", "buy": 9952.85, "sell": 11030.47, "base": -1.0, "itemId": 30024, "volume": 0.01, "cachingTime": 1559934619.8627222, "cachingTimeXML": 1559804994.496562, "inProcess": [500000, 500001], "outProcess": [500003, 500004, 500011], "isRaw": 1}