{"name": "Central System Controller", "buy": 25083.2, "sell": 48635.99, "base": -1.0, "itemId": 30270, "volume": 0.01, "cachingTime": 1559934619.8627179, "cachingTimeXML": 1559804994.4965582, "inProcess": [500000, 500001], "outProcess": [500003, 500004, 500012, 500021], "isRaw": 1}