{"name": "Central System Controller", "buy": 34123.19, "sell": 55547.65, "base": -1.0, "itemId": 30270, "volume": 0.01, "cachingTime": 1561801604.7253873, "cachingTimeXML": 1561655289.414315, "inProcess": [500000, 500001], "outProcess": [500003, 500004, 500012, 500021], "isRaw": 1}