{"name": "Defensive Control Node", "buy": 19720.36, "sell": 26994.41, "base": -1.0, "itemId": 30269, "volume": 0.01, "cachingTime": 1559934619.862719, "cachingTimeXML": 1559804994.4965582, "inProcess": [500000, 500001], "outProcess": [500003, 500004, 500012, 500021], "isRaw": 1}