{"name": "Defensive Control Node", "buy": 22103.13, "sell": 34437.12, "base": -1.0, "itemId": 30269, "volume": 0.01, "cachingTime": 1561801604.7253873, "cachingTimeXML": 1561655289.414316, "inProcess": [500000, 500001], "outProcess": [500003, 500004, 500012, 500021], "isRaw": 1}