{"name": "Electromechanical Hull Sheeting", "buy": 1802.02, "sell": 2491.57, "base": -1.0, "itemId": 30254, "volume": 0.01, "cachingTime": 1559934619.862725, "cachingTimeXML": 1559804994.496564, "inProcess": [500000, 500001], "outProcess": [500003, 500004, 500019, 500018, 500014, 500015, 500017, 500016, 500020, 500011, 500026], "isRaw": 1}