{"name": "Emergent Combat Analyzer", "buy": 14201.26, "sell": 15969.52, "base": -1.0, "itemId": 30248, "volume": 0.01, "cachingTime": 1559934619.862721, "cachingTimeXML": 1559804994.49656, "inProcess": [500000, 500001], "outProcess": [500003, 500004, 500026], "isRaw": 1}