{"name": "Emergent Combat Intelligence", "buy": 18800.21, "sell": 34797.9, "base": -1.0, "itemId": 30271, "volume": 0.01, "cachingTime": 1561801604.7253873, "cachingTimeXML": 1561655289.414324, "inProcess": [500000, 500001], "outProcess": [500003, 500004, 500012, 500021], "isRaw": 1}