{"name": "Emergent Combat Intelligence", "buy": 16046.31, "sell": 21421.06, "base": -1.0, "itemId": 30271, "volume": 0.01, "cachingTime": 1559934619.862724, "cachingTimeXML": 1559804994.496564, "inProcess": [500000, 500001], "outProcess": [500003, 500004, 500012, 500021], "isRaw": 1}