{"name": "Faraday Force Magnetometer", "buy": 4458.76, "sell": 5988.98, "base": -1.0, "itemId": 45661, "volume": 0.01, "cachingTime": 1559934619.862723, "cachingTimeXML": 1559804994.496562, "inProcess": [500000, 500001], "outProcess": [500003, 500004, 500025, 500023, 500022, 500024], "isRaw": 1}