{"name": "Faraday Force Magnetometer", "buy": 9517.95, "sell": 17951.85, "base": -1.0, "itemId": 45661, "volume": 0.01, "cachingTime": 1561801604.7253873, "cachingTimeXML": 1561655289.414322, "inProcess": [500000, 500001], "outProcess": [500003, 500004, 500025, 500023, 500022, 500024], "isRaw": 1}