{"name": "Fused Nanomechanical Engines", "buy": 19602.14, "sell": 22138.9, "base": -1.0, "itemId": 30018, "volume": 0.01, "cachingTime": 1559934619.862724, "cachingTimeXML": 1559804994.496563, "inProcess": [500000, 500001], "outProcess": [500003, 500004, 500018], "isRaw": 1}