{"name": "Heuristic Selfassemblers", "buy": 141001.01, "sell": 166985.19, "base": -1.0, "itemId": 30022, "volume": 0.01, "cachingTime": 1559934619.862726, "cachingTimeXML": 1559804994.496565, "inProcess": [500000, 500001], "outProcess": [500003, 500004, 500021, 500020], "isRaw": 1}