{"name": "Jump Drive Control Nexus", "buy": 22050.32, "sell": 27496.3, "base": -1.0, "itemId": 30268, "volume": 0.01, "cachingTime": 1559934619.8627279, "cachingTimeXML": 1559804994.496567, "inProcess": [500000, 500001], "outProcess": [500003, 500004, 500012, 500021], "isRaw": 1}