{"name": "Jump Drive Control Nexus", "buy": 40603.5, "sell": 95345.11, "base": -1.0, "itemId": 30268, "volume": 0.01, "cachingTime": 1561801604.7253873, "cachingTimeXML": 1561655289.41433, "inProcess": [500000, 500001], "outProcess": [500003, 500004, 500012, 500021], "isRaw": 1}