{"name": "Melted Nanoribbons", "buy": 192103.17, "sell": 193896.91, "base": -1.0, "itemId": 30259, "volume": 0.01, "cachingTime": 1559934619.86272, "cachingTimeXML": 1559804994.4965591, "inProcess": [500000, 500001], "outProcess": [500003, 500004, 500017, 500013], "isRaw": 1}