{"name": "Melted Nanoribbons", "buy": 158494.03, "sell": 192826.95, "base": -1.0, "itemId": 30259, "volume": 0.01, "cachingTime": 1561801604.7253873, "cachingTimeXML": 1561655289.4143171, "inProcess": [500000, 500001], "outProcess": [500003, 500004, 500017, 500013], "isRaw": 1}