{"name": "Modified Fluid Router", "buy": 11031.31, "sell": 13464.64, "base": -1.0, "itemId": 30021, "volume": 0.01, "cachingTime": 1561801604.7253873, "cachingTimeXML": 1561655289.414332, "inProcess": [500000, 500001], "outProcess": [500003, 500004, 500019, 500018, 500014, 500015, 500017, 500016, 500020, 500011, 500026, 500013], "isRaw": 1}