{"name": "Modified Fluid Router", "buy": 8812.26, "sell": 10510.04, "base": -1.0, "itemId": 30021, "volume": 0.01, "cachingTime": 1559934619.86273, "cachingTimeXML": 1559804994.4965692, "inProcess": [500000, 500001], "outProcess": [500003, 500004, 500019, 500018, 500014, 500015, 500017, 500016, 500020, 500011, 500026, 500013], "isRaw": 1}