{"name": "Neurovisual Input Matrix", "buy": 7712.21, "sell": 8397.86, "base": -1.0, "itemId": 30251, "volume": 0.01, "cachingTime": 1559934619.8627222, "cachingTimeXML": 1559804994.4965608, "inProcess": [500000, 500001], "outProcess": [500003, 500004, 500014, 500021, 500013], "isRaw": 1}