{"name": "Neurovisual Input Matrix", "buy": 12300.04, "sell": 14619.89, "base": -1.0, "itemId": 30251, "volume": 0.01, "cachingTime": 1561801604.7253873, "cachingTimeXML": 1561655289.4143202, "inProcess": [500000, 500001], "outProcess": [500003, 500004, 500014, 500021, 500013], "isRaw": 1}