{"name": "Powdered C-540 Graphite", "buy": 3114.08, "sell": 3735.99, "base": -1.0, "itemId": 30019, "volume": 0.01, "cachingTime": 1559934619.86272, "cachingTimeXML": 1559804994.49656, "inProcess": [500000, 500001], "outProcess": [500003, 500004, 500019, 500018, 500014, 500017, 500020, 500011, 500026, 500013], "isRaw": 1}