{"name": "Resonance Calibration Matrix", "buy": 24001.97, "sell": 24449.92, "base": -1.0, "itemId": 30258, "volume": 0.01, "cachingTime": 1559934619.862727, "cachingTimeXML": 1559804994.496566, "inProcess": [500000, 500001], "outProcess": [500003, 500004, 500019], "isRaw": 1}