{"name": "Resonance Calibration Matrix", "buy": 45000.06, "sell": 84939.1, "base": -1.0, "itemId": 30258, "volume": 0.01, "cachingTime": 1561801604.7253873, "cachingTimeXML": 1561655289.414328, "inProcess": [500000, 500001], "outProcess": [500003, 500004, 500019], "isRaw": 1}