{"name": "Scorched Microgravimeter", "buy": 67518.14, "sell": 73562.63, "base": -1.0, "itemId": 45660, "volume": 0.01, "cachingTime": 1561801604.7253873, "cachingTimeXML": 1561655289.414329, "inProcess": [500000, 500001], "outProcess": [500003, 500004, 500025, 500023, 500022, 500024], "isRaw": 1}