{"name": "Scorched Microgravimeter", "buy": 59023.18, "sell": 85301.13, "base": -1.0, "itemId": 45660, "volume": 0.01, "cachingTime": 1559934619.8627279, "cachingTimeXML": 1559804994.496567, "inProcess": [500000, 500001], "outProcess": [500003, 500004, 500025, 500023, 500022, 500024], "isRaw": 1}