{"name": "Synthetic Aperture Ladar Receiver", "buy": 80031.87, "sell": 118686.26, "base": -1.0, "itemId": 45663, "volume": 0.01, "cachingTime": 1559934619.862729, "cachingTimeXML": 1559804994.496568, "inProcess": [500000, 500001], "outProcess": [500003, 500004, 500025, 500023, 500022, 500024], "isRaw": 1}