{"name": "Thermoelectric Catalysts", "buy": 24859.71, "sell": 48766.63, "base": -1.0, "itemId": 30252, "volume": 0.01, "cachingTime": 1561801604.7253873, "cachingTimeXML": 1561655289.4143271, "inProcess": [500000, 500001], "outProcess": [500003, 500004, 500012, 500021], "isRaw": 1}