{"name": "Thermoelectric Catalysts", "buy": 12742.36, "sell": 29499.57, "base": -1.0, "itemId": 30252, "volume": 0.01, "cachingTime": 1559934619.862726, "cachingTimeXML": 1559804994.496566, "inProcess": [500000, 500001], "outProcess": [500003, 500004, 500012, 500021], "isRaw": 1}