{"name": "Hecate", "buy": 42000128.73, "sell": 44705394.74, "base": 26879489.57, "itemId": 35683, "volume": 5000.0, "cachingTime": 1561903189.87472, "cachingTimeXML": 1561655289.414183, "inProcess": [500000, 500233], "outProcess": [500003, 500004], "isFinal": 1}