{"name": "Proteus Propulsion - Interdiction Nullifier", "buy": 28145861.44, "sell": 32666474.56, "base": 20496567.04, "itemId": 45616, "volume": 40.0, "cachingTime": 1561801604.7253873, "cachingTimeXML": 1561655289.4148412, "inProcess": [500000, 500213], "outProcess": [500003, 500004], "isFinal": 1}