{"name": "Proteus Propulsion - Interdiction Nullifier", "buy": 30666827.71, "sell": 31286956.18, "base": 20496567.04, "itemId": 45616, "volume": 40.0, "cachingTime": 1559934619.8630478, "cachingTimeXML": 1559804994.496923, "inProcess": [500000, 500213], "outProcess": [500003, 500004], "isFinal": 1}