{"name": "Proteus Propulsion - Hyperspatial Optimization", "buy": 35668999.24, "sell": 34499998.3, "base": 20496567.04, "itemId": 45617, "volume": 40.0, "cachingTime": 1559934619.863049, "cachingTimeXML": 1559804994.496923, "inProcess": [500000, 500212], "outProcess": [500003, 500004], "isFinal": 1}