{"name": "Proteus Propulsion - Localized Injectors", "buy": 21333333.37, "sell": 20976676.38, "base": 20496567.04, "itemId": 45618, "volume": 40.0, "cachingTime": 1559934619.86305, "cachingTimeXML": 1559804994.496924, "inProcess": [500000, 500214], "outProcess": [500003, 500004], "isFinal": 1}