{"name": "Compressed Solid Pyroxeres", "buy": 5131.81, "sell": 5085.81, "base": 2091906.0, "itemId": 28425, "volume": 0.16, "cachingTime": 1561742489.762437, "cachingTimeXML": 1561655289.414668, "inProcess": [500000, 500156], "outProcess": [500003, 500004, 500355]}