{"name": "Compressed Pyroxeres", "buy": 5001.85, "sell": 5095.62, "base": 2081416.5, "itemId": 28424, "volume": 0.16, "cachingTime": 1561742489.7624362, "cachingTimeXML": 1561655289.414666, "inProcess": [500000, 500155], "outProcess": [500003, 500004, 500354]}