{"name": "Opulent Pyroxeres", "buy": 45.46, "sell": 78.35, "base": -1.0, "itemId": 46686, "volume": 0.3, "cachingTime": 1561742489.76244, "cachingTimeXML": 1561655289.4146729, "inProcess": [500000, 500001], "outProcess": [500003, 500004, 500357, 500154], "isRaw": 1}