{"name": "Solid Pyroxeres", "buy": 47.59, "sell": 45.38, "base": -1.0, "itemId": 17459, "volume": 0.3, "cachingTime": 1561742489.7624362, "cachingTimeXML": 1561655289.414667, "inProcess": [500000, 500001], "outProcess": [500003, 500004, 500359, 500156], "isRaw": 1}