{"name": "Hecate", "buy": 42000004.16, "sell": 45195237.8, "base": 26879489.57, "itemId": 35683, "volume": 5000.0, "cachingTime": 1559934619.862635, "cachingTimeXML": 1559804994.4964821, "inProcess": [500000, 500233], "outProcess": [500003, 500004], "isFinal": 1}