{"name": "Hecate", "buy": 42000128.1, "sell": 44371816.17, "base": 26879489.57, "itemId": 35683, "volume": 5000.0, "cachingTime": 1561801604.7253873, "cachingTimeXML": 1561655289.414183, "inProcess": [500000, 500233], "outProcess": [500003, 500004], "isFinal": 1}