{"name": "Loki", "buy": 154992730.02, "sell": 159898984.98, "base": 97886921.1, "itemId": 29990, "volume": 5000.0, "cachingTime": 1561801604.7253873, "cachingTimeXML": 1561655289.414199, "inProcess": [500000, 500230], "outProcess": [500003, 500004], "isFinal": 1}