{"name": "Loki", "buy": 153388175.89, "sell": 162843957.65, "base": 97886921.1, "itemId": 29990, "volume": 5000.0, "cachingTime": 1559934619.862646, "cachingTimeXML": 1559804994.496491, "inProcess": [500000, 500230], "outProcess": [500003, 500004], "isFinal": 1}