{"name": "Legion Offensive - Liquid Crystal Magnifiers", "buy": 30539211.21, "sell": 33863535.65, "base": 23376510.82, "itemId": 45598, "volume": 40.0, "cachingTime": 1559934619.8630788, "cachingTimeXML": 1559804994.496958, "inProcess": [500000, 500186], "outProcess": [500003, 500004], "isFinal": 1}