{"name": "Legion Offensive - Support Processor", "buy": 31858588.78, "sell": 33837835.19, "base": 23376510.82, "itemId": 45600, "volume": 40.0, "cachingTime": 1559934619.8630772, "cachingTimeXML": 1559804994.4969568, "inProcess": [500000, 500187], "outProcess": [500003, 500004], "isFinal": 1}