{"name": "Legion Offensive - Support Processor", "buy": 25565537.82, "sell": 31995968.81, "base": 23376510.82, "itemId": 45600, "volume": 40.0, "cachingTime": 1561801604.7253873, "cachingTimeXML": 1561655289.414882, "inProcess": [500000, 500187], "outProcess": [500003, 500004], "isFinal": 1}