{"name": "Legion Offensive - Assault Optimization", "buy": 32000292.44, "sell": 34541857.81, "base": 23376510.82, "itemId": 45599, "volume": 40.0, "cachingTime": 1559934619.8630779, "cachingTimeXML": 1559804994.4969568, "inProcess": [500000, 500185], "outProcess": [500003, 500004], "isFinal": 1}