{"name": "Legion Offensive - Assault Optimization", "buy": 32000732.79, "sell": 33999998.79, "base": 23376510.82, "itemId": 45599, "volume": 40.0, "cachingTime": 1561801604.7253873, "cachingTimeXML": 1561655289.4148831, "inProcess": [500000, 500185], "outProcess": [500003, 500004], "isFinal": 1}