{"name": "Legion Offensive - Liquid Crystal Magnifiers", "buy": 26176204.05, "sell": 32741172.46, "base": 23376510.82, "itemId": 45598, "volume": 40.0, "cachingTime": 1561801604.7253873, "cachingTimeXML": 1561655289.414884, "inProcess": [500000, 500186], "outProcess": [500003, 500004], "isFinal": 1}