{"name": "Biomass", "buy": 654.37, "sell": 604.21, "base": 400.0, "itemId": 3779, "volume": 0.38, "cachingTime": 1561655286.206805, "cachingTimeXML": 1561655289.414436, "inProcess": [500000, 500002, 500005, 500037], "outProcess": [500003, 500004, 500002, 500005, 500056, 500068, 500072]}