{"name": "Chiral Structures", "buy": 931.35, "sell": 893.59, "base": 400.0, "itemId": 2401, "volume": 0.38, "cachingTime": 1561655286.206804, "cachingTimeXML": 1561655289.414434, "inProcess": [500000, 500002, 500005, 500038], "outProcess": [500003, 500004, 500002, 500005, 500060, 500052, 500071]}