{"name": "Electrolytes", "buy": 463.88, "sell": 444.79, "base": 400.0, "itemId": 2390, "volume": 0.38, "cachingTime": 1561655286.206812, "cachingTimeXML": 1561655289.414446, "inProcess": [500000, 500002, 500005, 500039], "outProcess": [500003, 500004, 500002, 500005, 500065, 500069, 500053]}