{"name": "Plasmoids", "buy": 582.58, "sell": 550.08, "base": 400.0, "itemId": 2389, "volume": 0.38, "cachingTime": 1561655286.2068129, "cachingTimeXML": 1561655289.414447, "inProcess": [500000, 500002, 500005, 500043], "outProcess": [500003, 500004, 500002, 500005, 500065, 500067, 500071]}