{"name": "Precious Metals", "buy": 737.65, "sell": 671.57, "base": 400.0, "itemId": 2399, "volume": 0.38, "cachingTime": 1561655286.206801, "cachingTimeXML": 1561655289.414431, "inProcess": [500000, 500002, 500005, 500044], "outProcess": [500003, 500004, 500002, 500005, 500050, 500054, 500058]}