{"name": "Water", "buy": 440.66, "sell": 405.41, "base": 400.0, "itemId": 3645, "volume": 0.38, "cachingTime": 1561655286.2068071, "cachingTimeXML": 1561655289.4144378, "inProcess": [500000, 500002, 500005, 500049], "outProcess": [500003, 500004, 500002, 500005, 500033, 500070, 500067, 500073, 500053]}