{"name": "Blue Ice", "buy": 207575.99, "sell": 234407.14, "base": -1.0, "itemId": 16264, "volume": 1000.0, "cachingTime": 1561903189.8750799, "cachingTimeXML": 1561655289.4144819, "inProcess": [500000, 500001], "outProcess": [500003, 500004, 500235, 500095], "isRaw": 1}