{"name": "Clear Icicle", "buy": 202070.73, "sell": 226604.59, "base": -1.0, "itemId": 16262, "volume": 1000.0, "cachingTime": 1561903189.875096, "cachingTimeXML": 1561655289.4144928, "inProcess": [500000, 500001], "outProcess": [500003, 500004, 500236, 500096], "isRaw": 1}