{"name": "Compressed Glare Crust", "buy": 500000.0, "sell": 527215.46, "base": 398204.67, "itemId": 28439, "volume": 100.0, "cachingTime": 1561903189.875106, "cachingTimeXML": 1561655289.4145012, "inProcess": [500000, 500101], "outProcess": [500003, 500004, 500243]}