{"name": "Compressed Clear Icicle", "buy": 225083.0, "sell": 224524.0, "base": 111577.99, "itemId": 28434, "volume": 100.0, "cachingTime": 1561903189.875107, "cachingTimeXML": 1561655289.414502, "inProcess": [500000, 500096], "outProcess": [500003, 500004, 500238]}