{"name": "Compressed White Glaze", "buy": 216798.89, "sell": 216021.8, "base": 92119.09, "itemId": 28444, "volume": 100.0, "cachingTime": 1561903189.875092, "cachingTimeXML": 1561655289.4144902, "inProcess": [500000, 500106], "outProcess": [500003, 500004, 500248]}