{"name": "Compressed Blue Ice", "buy": 232042.02, "sell": 235000.99, "base": 118393.77, "itemId": 28433, "volume": 100.0, "cachingTime": 1561903189.8750982, "cachingTimeXML": 1561655289.414495, "inProcess": [500000, 500095], "outProcess": [500003, 500004, 500237]}