{"name": "Compressed Glacial Mass", "buy": 211011.01, "sell": 213874.83, "base": 78354.2, "itemId": 28438, "volume": 100.0, "cachingTime": 1561903189.875103, "cachingTimeXML": 1561655289.414498, "inProcess": [500000, 500100], "outProcess": [500003, 500004, 500242]}