{"name": "Compressed Gelidus", "buy": 390108.87, "sell": 438736.1, "base": 363605.13, "itemId": 28437, "volume": 100.0, "cachingTime": 1561903189.8751092, "cachingTimeXML": 1561655289.414504, "inProcess": [500000, 500099], "outProcess": [500003, 500004, 500241]}