{"name": "Compressed Smooth Glacial Mass", "buy": 250003.56, "sell": 304999.96, "base": 141422.53, "itemId": 28442, "volume": 100.0, "cachingTime": 1561903189.875079, "cachingTimeXML": 1561655289.414481, "inProcess": [500000, 500104], "outProcess": [500003, 500004, 500246]}