{"name": "Krystallos", "buy": 325650.28, "sell": 1500000.0, "base": -1.0, "itemId": 16269, "volume": 1000.0, "cachingTime": 1561903189.8751118, "cachingTimeXML": 1561655289.414507, "inProcess": [500000, 500001], "outProcess": [500003, 500004, 500254, 500102], "isRaw": 1}