{"name": "Tengu Core - Electronic Efficiency Gate", "buy": 12000008.53, "sell": 15650450.14, "base": 20065362.91, "itemId": 45625, "volume": 40.0, "cachingTime": 1561903189.875417, "cachingTimeXML": 1561655289.414867, "inProcess": [500000, 500192], "outProcess": [500003, 500004], "isFinal": 1}