{"name": "Tengu Core - Augmented Graviton Reactor", "buy": 28200006.6, "sell": 35664538.21, "base": 20065362.91, "itemId": 45626, "volume": 40.0, "cachingTime": 1561903189.875417, "cachingTimeXML": 1561655289.414866, "inProcess": [500000, 500191], "outProcess": [500003, 500004], "isFinal": 1}