{"name": "Legion", "buy": 148190006.31, "sell": 151739998.58, "base": 97886921.1, "itemId": 29986, "volume": 5000.0, "cachingTime": 1561742489.7621891, "cachingTimeXML": 1561655289.4142091, "inProcess": [500000, 500227], "outProcess": [500003, 500004], "isFinal": 1}