{"name": "Compressed Flawless Arkonor", "buy": 354062.76, "sell": 362684.6, "base": -1.0, "itemId": 46691, "volume": 8.8, "cachingTime": 1561742489.762361, "cachingTimeXML": 1561655289.414523, "inProcess": [500000, 500109], "outProcess": [500003, 500004, 500262]}