{"name": "Compressed Crimson Arkonor", "buy": 341000.7, "sell": 373612.43, "base": 2191750.0, "itemId": 28385, "volume": 8.8, "cachingTime": 1561742489.762364, "cachingTimeXML": 1561655289.414528, "inProcess": [500000, 500108], "outProcess": [500003, 500004, 500261]}