{"name": "Compressed Arkonor", "buy": 340000.1, "sell": 358353.83, "base": 2385730.0, "itemId": 28367, "volume": 8.8, "cachingTime": 1561742489.762362, "cachingTimeXML": 1561655289.4145238, "inProcess": [500000, 500107], "outProcess": [500003, 500004, 500260]}