{"name": "Crimson Arkonor", "buy": 2556.66, "sell": 3504.86, "base": -1.0, "itemId": 17425, "volume": 16.0, "cachingTime": 1561742489.762363, "cachingTimeXML": 1561655289.414526, "inProcess": [500000, 500001], "outProcess": [500003, 500004, 500264, 500108], "isRaw": 1}