{"name": "C3-FTM Acid Reaction Formula", "buy": 14100000.14, "sell": 14980988.59, "base": -1.0, "itemId": 46165, "volume": 0.0, "cachingTime": 1561903189.8753421, "cachingTimeXML": 1561655289.4147751, "inProcess": [500000], "outProcess": [500003, 500004]}