{"name": "Fulleroferrocene Reaction Formula", "buy": 14100000.14, "sell": 14999999.85, "base": -1.0, "itemId": 46158, "volume": 0.0, "cachingTime": 1561903189.875343, "cachingTimeXML": 1561655289.414776, "inProcess": [500000], "outProcess": [500003, 500004]}