{"name": "Graphene Nanoribbons Reaction Formula", "buy": 12157936.14, "sell": 15000000.0, "base": -1.0, "itemId": 46163, "volume": 0.0, "cachingTime": 1561903189.8753479, "cachingTimeXML": 1561655289.414782, "inProcess": [500000], "outProcess": [500003, 500004]}