{"name": "PPD Fullerene Fibers Reaction Formula", "buy": 14100000.14, "sell": 15000000.0, "base": -1.0, "itemId": 46159, "volume": 0.0, "cachingTime": 1561903189.875345, "cachingTimeXML": 1561655289.414779, "inProcess": [500000], "outProcess": [500003, 500004]}