{"name": "Svipul", "buy": 38000227.98, "sell": 39386426.59, "base": 26879489.57, "itemId": 34562, "volume": 5000.0, "cachingTime": 1561742489.76217, "cachingTimeXML": 1561655289.414177, "inProcess": [500000, 500234], "outProcess": [500003, 500004], "isFinal": 1}