{"name": "Compressed Scordite", "buy": 2157.18, "sell": 2066.06, "base": 1540458.0, "itemId": 28429, "volume": 0.19, "cachingTime": 1561742489.7623942, "cachingTimeXML": 1561655289.414596, "inProcess": [500000, 500161], "outProcess": [500003, 500004, 500364]}