{"name": "Compressed Glossy Scordite", "buy": 2300.0, "sell": 2511.7, "base": -1.0, "itemId": 46703, "volume": 0.19, "cachingTime": 1561742489.762393, "cachingTimeXML": 1561655289.414593, "inProcess": [500000, 500159], "outProcess": [500003, 500004, 500362]}