{"name": "Condensed Scordite", "buy": 15.86, "sell": 14.19, "base": -1.0, "itemId": 17463, "volume": 0.15, "cachingTime": 1561742489.7623942, "cachingTimeXML": 1561655289.4145951, "inProcess": [500000, 500001], "outProcess": [500003, 500004, 500365, 500158], "isRaw": 1}