{"name": "Glossy Scordite", "buy": 15.84, "sell": 176.54, "base": -1.0, "itemId": 46687, "volume": 0.15, "cachingTime": 1561742489.76239, "cachingTimeXML": 1561655289.414589, "inProcess": [500000, 500001], "outProcess": [500003, 500004, 500366, 500159], "isRaw": 1}