{"name": "Proteus Offensive - Hybrid Encoding Platform", "buy": 25399966.87, "sell": 30328243.44, "base": 23376510.82, "itemId": 45604, "volume": 40.0, "cachingTime": 1561903189.8753998, "cachingTimeXML": 1561655289.414846, "inProcess": [500000, 500210], "outProcess": [500003, 500004], "isFinal": 1}