{"name": "Proteus Offensive - Support Processor", "buy": 34401078.03, "sell": 34312369.41, "base": 23376510.82, "itemId": 45606, "volume": 40.0, "cachingTime": 1561903189.875401, "cachingTimeXML": 1561655289.414847, "inProcess": [500000, 500211], "outProcess": [500003, 500004], "isFinal": 1}