{"name": "Proteus Offensive - Drone Synthesis Projector", "buy": 26214313.06, "sell": 33490399.89, "base": 23376510.82, "itemId": 45605, "volume": 40.0, "cachingTime": 1561903189.8753989, "cachingTimeXML": 1561655289.414845, "inProcess": [500000, 500209], "outProcess": [500003, 500004], "isFinal": 1}