{"name": "Proteus Defensive - Augmented Plating", "buy": 13000004.79, "sell": 14859998.82, "base": 26194153.62, "itemId": 45593, "volume": 40.0, "cachingTime": 1561801604.7253873, "cachingTimeXML": 1561655289.4148512, "inProcess": [500000, 500206], "outProcess": [500003, 500004], "isFinal": 1}