{"name": "Proteus Defensive - Augmented Plating", "buy": 11809264.53, "sell": 14757275.65, "base": 26194153.62, "itemId": 45593, "volume": 40.0, "cachingTime": 1559934619.863055, "cachingTimeXML": 1559804994.4969301, "inProcess": [500000, 500206], "outProcess": [500003, 500004], "isFinal": 1}