{"name": "Proteus Defensive - Nanobot Injector", "buy": 26667944.2, "sell": 32443543.09, "base": 26194153.62, "itemId": 45594, "volume": 40.0, "cachingTime": 1559934619.863054, "cachingTimeXML": 1559804994.4969301, "inProcess": [500000, 500208], "outProcess": [500003, 500004], "isFinal": 1}