{"name": "Proteus Defensive - Covert Reconfiguration", "buy": 34676932.84, "sell": 37286807.97, "base": 26194153.62, "itemId": 45592, "volume": 40.0, "cachingTime": 1559934619.863054, "cachingTimeXML": 1559804994.496929, "inProcess": [500000, 500207], "outProcess": [500003, 500004], "isFinal": 1}