{"name": "Compressed Immaculate Jaspet", "buy": 42000.11, "sell": 42989.95, "base": -1.0, "itemId": 46698, "volume": 0.15, "cachingTime": 1561655286.20698, "cachingTimeXML": 1561655289.41468, "inProcess": [500000, 500135], "outProcess": [500003, 500004, 500315]}