{"name": "Compressed Pure Jaspet", "buy": 43510.2, "sell": 44186.49, "base": 2652450.0, "itemId": 28408, "volume": 0.15, "cachingTime": 1561655286.206978, "cachingTimeXML": 1561655289.414677, "inProcess": [500000, 500138], "outProcess": [500003, 500004, 500318]}