{"name": "Jaspet", "buy": 306.39, "sell": 335.94, "base": -1.0, "itemId": 1226, "volume": 2.0, "cachingTime": 1561655286.206979, "cachingTimeXML": 1561655289.414678, "inProcess": [500000, 500001], "outProcess": [500003, 500004, 500320, 500136], "isRaw": 1}