{"name": "Pristine Jaspet", "buy": 336.68, "sell": 270.95, "base": -1.0, "itemId": 17449, "volume": 2.0, "cachingTime": 1561655286.2069812, "cachingTimeXML": 1561655289.4146821, "inProcess": [500000, 500001], "outProcess": [500003, 500004, 500321, 500137], "isRaw": 1}