{"name": "Pure Jaspet", "buy": 337.58, "sell": 258.08, "base": -1.0, "itemId": 17448, "volume": 2.0, "cachingTime": 1561655286.2069771, "cachingTimeXML": 1561655289.414676, "inProcess": [500000, 500001], "outProcess": [500003, 500004, 500322, 500138], "isRaw": 1}