{"name": "Loki Offensive - Support Processor", "buy": 29000059.6, "sell": 33785713.36, "base": 23376510.82, "itemId": 45609, "volume": 40.0, "cachingTime": 1559934619.863036, "cachingTimeXML": 1559804994.4969091, "inProcess": [500000, 500223], "outProcess": [500003, 500004], "isFinal": 1}