{"name": "Loki Offensive - Support Processor", "buy": 29506056.75, "sell": 35425030.38, "base": 23376510.82, "itemId": 45609, "volume": 40.0, "cachingTime": 1561801604.7253873, "cachingTimeXML": 1561655289.4148228, "inProcess": [500000, 500223], "outProcess": [500003, 500004], "isFinal": 1}