{"name": "Loki Offensive - Launcher Efficiency Configuration", "buy": 26931529.99, "sell": 34898891.82, "base": 23376510.82, "itemId": 45608, "volume": 40.0, "cachingTime": 1561801604.7253873, "cachingTimeXML": 1561655289.414825, "inProcess": [500000, 500221], "outProcess": [500003, 500004], "isFinal": 1}