{"name": "Loki Offensive - Projectile Scoping Array", "buy": 30000009.15, "sell": 36652939.4, "base": 23376510.82, "itemId": 45607, "volume": 40.0, "cachingTime": 1559934619.8630369, "cachingTimeXML": 1559804994.49691, "inProcess": [500000, 500222], "outProcess": [500003, 500004], "isFinal": 1}