{"name": "Loki Offensive - Launcher Efficiency Configuration", "buy": 34219063.48, "sell": 35999998.58, "base": 23376510.82, "itemId": 45608, "volume": 40.0, "cachingTime": 1559934619.8630369, "cachingTimeXML": 1559804994.49691, "inProcess": [500000, 500221], "outProcess": [500003, 500004], "isFinal": 1}