{"name": "Loki Offensive - Projectile Scoping Array", "buy": 32054128.97, "sell": 35999997.04, "base": 23376510.82, "itemId": 45607, "volume": 40.0, "cachingTime": 1561801604.7253873, "cachingTimeXML": 1561655289.414824, "inProcess": [500000, 500222], "outProcess": [500003, 500004], "isFinal": 1}