{"name": "Compressed Jaspet", "buy": 43232.65, "sell": 41757.78, "base": 1875225.0, "itemId": 28406, "volume": 0.15, "cachingTime": 1561742489.762445, "cachingTimeXML": 1561655289.4146812, "inProcess": [500000, 500136], "outProcess": [500003, 500004, 500316]}