{"name": "Immaculate Jaspet", "buy": 350.77, "sell": 435.59, "base": -1.0, "itemId": 46682, "volume": 2.0, "cachingTime": 1561742489.7624419, "cachingTimeXML": 1561655289.414675, "inProcess": [500000, 500001], "outProcess": [500003, 500004, 500319, 500135], "isRaw": 1}