{"name": "Biocells", "buy": 9541.26, "sell": 8445.8, "base": 7200.0, "itemId": 2329, "volume": 1.5, "cachingTime": 1561742489.7622988, "cachingTimeXML": 1561655289.414408, "inProcess": [500000, 500002, 500005, 500050], "outProcess": [500003, 500004, 500002, 500005, 500079, 500085, 500092]}