{"name": "Fertilizer", "buy": 10362.69, "sell": 9963.36, "base": 7200.0, "itemId": 3693, "volume": 1.5, "cachingTime": 1561742489.7622972, "cachingTimeXML": 1561655289.4144042, "inProcess": [500000, 500002, 500005, 500055], "outProcess": [500003, 500004, 500002, 500005, 500077, 500084]}