{"name": "Mechanical Parts", "buy": 11608.08, "sell": 11472.64, "base": 7200.0, "itemId": 3689, "volume": 1.5, "cachingTime": 1561742489.7623081, "cachingTimeXML": 1561655289.4144251, "inProcess": [500000, 500002, 500005, 500058], "outProcess": [500003, 500004, 500002, 500005, 500088, 500087, 500007, 500006, 500009, 500008]}