{"name": "Miniature Electronics", "buy": 14632.67, "sell": 15448.61, "base": 7200.0, "itemId": 9842, "volume": 1.5, "cachingTime": 1561742489.762298, "cachingTimeXML": 1561655289.414405, "inProcess": [500000, 500002, 500005, 500060], "outProcess": [500003, 500004, 500002, 500005, 500087, 500089]}