{"name": "Nanites", "buy": 6339.16, "sell": 5865.26, "base": 7200.0, "itemId": 2463, "volume": 1.5, "cachingTime": 1561742489.7623072, "cachingTimeXML": 1561655289.414423, "inProcess": [500000, 500002, 500005, 500061], "outProcess": [500003, 500004, 500002, 500005, 500074, 500092]}