{"name": "Polytextiles", "buy": 7429.46, "sell": 7542.92, "base": 7200.0, "itemId": 3695, "volume": 1.5, "cachingTime": 1561742489.762304, "cachingTimeXML": 1561655289.4144158, "inProcess": [500000, 500002, 500005, 500064], "outProcess": [500003, 500004, 500002, 500005, 500081, 500084, 500082]}