{"name": "Superconductors", "buy": 11817.1, "sell": 11379.07, "base": 7200.0, "itemId": 9838, "volume": 1.5, "cachingTime": 1561742489.762302, "cachingTimeXML": 1561655289.414412, "inProcess": [500000, 500002, 500005, 500067], "outProcess": [500003, 500004, 500002, 500005, 500079, 500093]}