{"name": "Synthetic Oil", "buy": 6700.01, "sell": 6062.74, "base": 7200.0, "itemId": 3691, "volume": 1.5, "cachingTime": 1561742489.762298, "cachingTimeXML": 1561655289.4144058, "inProcess": [500000, 500002, 500005, 500069], "outProcess": [500003, 500004, 500002, 500005, 500077, 500093]}