{"name": "Transmitter", "buy": 14031.71, "sell": 14779.95, "base": 7200.0, "itemId": 9840, "volume": 1.5, "cachingTime": 1561742489.762305, "cachingTimeXML": 1561655289.414419, "inProcess": [500000, 500002, 500005, 500071], "outProcess": [500003, 500004, 500002, 500005, 500080, 500081, 500083]}