{"name": "Viral Agent", "buy": 8390.84, "sell": 9107.69, "base": 7200.0, "itemId": 3775, "volume": 1.5, "cachingTime": 1561742489.762309, "cachingTimeXML": 1561655289.414426, "inProcess": [500000, 500002, 500005, 500072], "outProcess": [500003, 500004, 500002, 500005, 500081, 500094]}