{"name": "Compressed Hemorphite", "buy": 43000.0, "sell": 47600.72, "base": 3458000.0, "itemId": 28403, "volume": 0.86, "cachingTime": 1559934619.862916, "cachingTimeXML": 1559804994.4967349, "inProcess": [500000, 500131], "outProcess": [500003, 500004, 500307]}