{"name": "Compressed Vivid Hemorphite", "buy": 45000.27, "sell": 53035.74, "base": 1725050.0, "itemId": 28405, "volume": 0.86, "cachingTime": 1559934619.862916, "cachingTimeXML": 1559804994.496736, "inProcess": [500000, 500134], "outProcess": [500003, 500004, 500310]}