{"name": "Compressed Scintillating Hemorphite", "buy": 49283.33, "sell": 46181.34, "base": -1.0, "itemId": 46697, "volume": 0.86, "cachingTime": 1559934619.862918, "cachingTimeXML": 1559804994.496737, "inProcess": [500000, 500133], "outProcess": [500003, 500004, 500309]}