{"name": "Compressed Radiant Hemorphite", "buy": 47000.0, "sell": 49999.0, "base": 1314400.0, "itemId": 28404, "volume": 0.86, "cachingTime": 1559934619.86292, "cachingTimeXML": 1559804994.4967391, "inProcess": [500000, 500132], "outProcess": [500003, 500004, 500308]}