{"name": "Hemorphite", "buy": 684.86, "sell": 861.83, "base": -1.0, "itemId": 1231, "volume": 3.0, "cachingTime": 1559934619.862918, "cachingTimeXML": 1559804994.496737, "inProcess": [500000, 500001], "outProcess": [500003, 500004, 500311, 500131], "isRaw": 1}