{"name": "Radiant Hemorphite", "buy": 405.29, "sell": 285.59, "base": -1.0, "itemId": 17445, "volume": 3.0, "cachingTime": 1559934619.8629172, "cachingTimeXML": 1559804994.496736, "inProcess": [500000, 500001], "outProcess": [500003, 500004, 500312, 500132], "isRaw": 1}