{"name": "Scintillating Hemorphite", "buy": 421.58, "sell": 442.06, "base": -1.0, "itemId": 46681, "volume": 3.0, "cachingTime": 1559934619.8629189, "cachingTimeXML": 1559804994.496738, "inProcess": [500000, 500001], "outProcess": [500003, 500004, 500313, 500133], "isRaw": 1}