{"name": "Vivid Hemorphite", "buy": 387.54, "sell": 331.27, "base": -1.0, "itemId": 17444, "volume": 3.0, "cachingTime": 1559934619.8629189, "cachingTimeXML": 1559804994.4967391, "inProcess": [500000, 500001], "outProcess": [500003, 500004, 500314, 500134], "isRaw": 1}