{"name": "Compressed Concentrated Veldspar", "buy": 1902.17, "sell": 1919.6, "base": 2560770.0, "itemId": 28430, "volume": 0.15, "cachingTime": 1561903189.8751411, "cachingTimeXML": 1561655289.414536, "inProcess": [500000, 500166], "outProcess": [500003, 500004, 500377]}