{"name": "Compressed Stable Veldspar", "buy": 2100.01, "sell": 2409.45, "base": -1.0, "itemId": 46705, "volume": 0.15, "cachingTime": 1561903189.8751419, "cachingTimeXML": 1561655289.414538, "inProcess": [500000, 500168], "outProcess": [500003, 500004, 500379]}