{"name": "Compressed Veldspar", "buy": 1948.78, "sell": 1983.43, "base": 1318680.0, "itemId": 28432, "volume": 0.15, "cachingTime": 1561903189.875144, "cachingTimeXML": 1561655289.41454, "inProcess": [500000, 500169], "outProcess": [500003, 500004, 500380]}