{"name": "Compressed Dense Veldspar", "buy": 1976.83, "sell": 2291.48, "base": 2236095.0, "itemId": 28431, "volume": 0.15, "cachingTime": 1561903189.875139, "cachingTimeXML": 1561655289.4145331, "inProcess": [500000, 500167], "outProcess": [500003, 500004, 500378]}