{"name": "Veldspar", "buy": 16.24, "sell": 16.02, "base": -1.0, "itemId": 1230, "volume": 0.1, "cachingTime": 1561903189.875138, "cachingTimeXML": 1561655289.4145322, "inProcess": [500000, 500001], "outProcess": [500003, 500004, 500384, 500169], "isRaw": 1}