{"name": "Tengu Offensive - Magnetic Infusion Basin", "buy": 27676738.87, "sell": 34899495.98, "base": 23376510.82, "itemId": 45602, "volume": 40.0, "cachingTime": 1561655286.2071161, "cachingTimeXML": 1561655289.414859, "inProcess": [500000, 500198], "outProcess": [500003, 500004], "isFinal": 1}