{"name": "Tengu Offensive - Accelerated Ejection Bay", "buy": 34000118.75, "sell": 35285710.15, "base": 23376510.82, "itemId": 45601, "volume": 40.0, "cachingTime": 1561655286.207115, "cachingTimeXML": 1561655289.414858, "inProcess": [500000, 500197], "outProcess": [500003, 500004], "isFinal": 1}