{"name": "Compressed Triclinic Bistot", "buy": 261003.06, "sell": 274995.84, "base": 1847710.0, "itemId": 28390, "volume": 4.4, "cachingTime": 1561903189.8751822, "cachingTimeXML": 1561655289.41461, "inProcess": [500000, 500114], "outProcess": [500003, 500004, 500271]}