{"name": "Compressed Cubic Bistot", "buy": 274801.82, "sell": 286476.62, "base": -1.0, "itemId": 46692, "volume": 4.4, "cachingTime": 1561903189.875185, "cachingTimeXML": 1561655289.414614, "inProcess": [500000, 500112], "outProcess": [500003, 500004, 500269]}