{"name": "Oxygen Fuel Block", "buy": 18422.84, "sell": 19414.9, "base": 406032.1, "itemId": 4312, "volume": 5.0, "cachingTime": 1561903189.875276, "cachingTimeXML": 1561655289.414716, "inProcess": [500000, 500009], "outProcess": [500003, 500004, 500175, 500173], "bpo": 4313}