{"name": "Compressed Cubic Bistot", "buy": 290001.0, "sell": 286589.79, "base": -1.0, "itemId": 46692, "volume": 4.4, "cachingTime": 1561655286.2069309, "cachingTimeXML": 1561655289.414614, "inProcess": [500000, 500112], "outProcess": [500003, 500004, 500269]}