{"name": "Compressed Triclinic Bistot", "buy": 254952.81, "sell": 279148.19, "base": 1847710.0, "itemId": 28390, "volume": 4.4, "cachingTime": 1561655286.206929, "cachingTimeXML": 1561655289.41461, "inProcess": [500000, 500114], "outProcess": [500003, 500004, 500271]}