{"name": "Compressed Bistot", "buy": 245888.31, "sell": 260000.0, "base": 2226100.0, "itemId": 28388, "volume": 4.4, "cachingTime": 1561655286.2069278, "cachingTimeXML": 1561655289.414609, "inProcess": [500000, 500111], "outProcess": [500003, 500004, 500268]}