{"name": "Cubic Bistot", "buy": 2259.93, "sell": 2945.68, "base": -1.0, "itemId": 46676, "volume": 16.0, "cachingTime": 1561655286.206929, "cachingTimeXML": 1561655289.4146109, "inProcess": [500000, 500001], "outProcess": [500003, 500004, 500272, 500112], "isRaw": 1}