{"name": "Jackdaw", "buy": 39344694.04, "sell": 40919812.38, "base": 26879489.57, "itemId": 34828, "volume": 5000.0, "cachingTime": 1561742489.762176, "cachingTimeXML": 1561655289.414187, "inProcess": [500000, 500232], "outProcess": [500003, 500004], "isFinal": 1}