{"name": "Loki Propulsion - Intercalated Nanofibers", "buy": 28300000.59, "sell": 34799805.37, "base": 20496567.04, "itemId": 45620, "volume": 40.0, "cachingTime": 1561655286.207083, "cachingTimeXML": 1561655289.414818, "inProcess": [500000, 500224], "outProcess": [500003, 500004], "isFinal": 1}