{"name": "Loki Propulsion - Interdiction Nullifier", "buy": 30260291.08, "sell": 33682251.83, "base": 20496567.04, "itemId": 45619, "volume": 40.0, "cachingTime": 1561655286.2070851, "cachingTimeXML": 1561655289.4148202, "inProcess": [500000, 500225], "outProcess": [500003, 500004], "isFinal": 1}