{"name": "Azure Plagioclase", "buy": 56.32, "sell": 50.62, "base": -1.0, "itemId": 17455, "volume": 0.35, "cachingTime": 1559934619.8629088, "cachingTimeXML": 1559804994.4967291, "inProcess": [500000, 500001], "outProcess": [500003, 500004, 500345, 500150], "isRaw": 1}