{"name": "Compressed Azure Plagioclase", "buy": 6280.56, "sell": 6213.91, "base": 1637028.0, "itemId": 28421, "volume": 0.15, "cachingTime": 1561801604.7253873, "cachingTimeXML": 1561655289.414625, "inProcess": [500000, 500150], "outProcess": [500003, 500004, 500346]}