{"name": "Compressed Plagioclase", "buy": 6031.75, "sell": 6237.2, "base": 1295703.0, "itemId": 28422, "volume": 0.15, "cachingTime": 1561801604.7253873, "cachingTimeXML": 1561655289.41462, "inProcess": [500000, 500151], "outProcess": [500003, 500004, 500347]}