{"name": "Compressed Rich Plagioclase", "buy": 6501.2, "sell": 6471.96, "base": 2524806.0, "itemId": 28423, "volume": 0.15, "cachingTime": 1559934619.86291, "cachingTimeXML": 1559804994.4967291, "inProcess": [500000, 500152], "outProcess": [500003, 500004, 500348]}