{"name": "Compressed Plagioclase", "buy": 6000.05, "sell": 5989.34, "base": 1295703.0, "itemId": 28422, "volume": 0.15, "cachingTime": 1559934619.862911, "cachingTimeXML": 1559804994.49673, "inProcess": [500000, 500151], "outProcess": [500003, 500004, 500347]}