{"name": "Compressed Sparkling Plagioclase", "buy": 6795.32, "sell": 7238.81, "base": -1.0, "itemId": 46701, "volume": 0.15, "cachingTime": 1559934619.862912, "cachingTimeXML": 1559804994.4967308, "inProcess": [500000, 500153], "outProcess": [500003, 500004, 500349]}