{"name": "Compressed Azure Plagioclase", "buy": 6351.01, "sell": 6174.84, "base": 1637028.0, "itemId": 28421, "volume": 0.15, "cachingTime": 1559934619.862914, "cachingTimeXML": 1559804994.496733, "inProcess": [500000, 500150], "outProcess": [500003, 500004, 500346]}