{"name": "Plagioclase", "buy": 56.86, "sell": 50.75, "base": -1.0, "itemId": 18, "volume": 0.35, "cachingTime": 1561801604.7253873, "cachingTimeXML": 1561655289.414623, "inProcess": [500000, 500001], "outProcess": [500003, 500004, 500350, 500151], "isRaw": 1}