{"name": "Plagioclase", "buy": 53.79, "sell": 51.06, "base": -1.0, "itemId": 18, "volume": 0.35, "cachingTime": 1559934619.8629131, "cachingTimeXML": 1559804994.496732, "inProcess": [500000, 500001], "outProcess": [500003, 500004, 500350, 500151], "isRaw": 1}