{"name": "Rich Plagioclase", "buy": 59.34, "sell": 54.82, "base": -1.0, "itemId": 17456, "volume": 0.35, "cachingTime": 1559934619.862912, "cachingTimeXML": 1559804994.4967308, "inProcess": [500000, 500001], "outProcess": [500003, 500004, 500351, 500152], "isRaw": 1}