{"name": "Sparkling Plagioclase", "buy": 58.06, "sell": 66.62, "base": -1.0, "itemId": 46685, "volume": 0.35, "cachingTime": 1559934619.862914, "cachingTimeXML": 1559804994.496733, "inProcess": [500000, 500001], "outProcess": [500003, 500004, 500352, 500153], "isRaw": 1}