{"name": "Sparkling Plagioclase", "buy": 57.39, "sell": 49.98, "base": -1.0, "itemId": 46685, "volume": 0.35, "cachingTime": 1561801604.7253873, "cachingTimeXML": 1561655289.414624, "inProcess": [500000, 500001], "outProcess": [500003, 500004, 500352, 500153], "isRaw": 1}