{"name": "Biocells", "buy": 8919.99, "sell": 8408.2, "base": 7200.0, "itemId": 2329, "volume": 1.5, "cachingTime": 1559934619.8627892, "cachingTimeXML": 1559804994.496616, "inProcess": [500000, 500002, 500005, 500050], "outProcess": [500003, 500004, 500002, 500005, 500079, 500085, 500092]}