{"name": "Construction Blocks", "buy": 10271.62, "sell": 9684.8, "base": 7200.0, "itemId": 3828, "volume": 1.5, "cachingTime": 1561801604.7253873, "cachingTimeXML": 1561655289.414411, "inProcess": [500000, 500002, 500005, 500051], "outProcess": [500003, 500004, 500002, 500005, 500074, 500089]}