{"name": "Construction Blocks", "buy": 10670.44, "sell": 10056.17, "base": 7200.0, "itemId": 3828, "volume": 1.5, "cachingTime": 1559934619.8627908, "cachingTimeXML": 1559804994.496618, "inProcess": [500000, 500002, 500005, 500051], "outProcess": [500003, 500004, 500002, 500005, 500074, 500089]}