{"name": "Consumer Electronics", "buy": 12841.67, "sell": 12148.9, "base": 7200.0, "itemId": 9836, "volume": 1.5, "cachingTime": 1561801604.7253873, "cachingTimeXML": 1561655289.4144099, "inProcess": [500000, 500002, 500005, 500052], "outProcess": [500003, 500004, 500002, 500005, 500088, 500090]}