{"name": "Consumer Electronics", "buy": 13716.22, "sell": 11279.53, "base": 7200.0, "itemId": 9836, "volume": 1.5, "cachingTime": 1559934619.8627899, "cachingTimeXML": 1559804994.496617, "inProcess": [500000, 500002, 500005, 500052], "outProcess": [500003, 500004, 500002, 500005, 500088, 500090]}