{"name": "Coolant", "buy": 11274.86, "sell": 10492.01, "base": 7200.0, "itemId": 9832, "volume": 1.5, "cachingTime": 1561801604.7253873, "cachingTimeXML": 1561655289.4144142, "inProcess": [500000, 500002, 500005, 500053], "outProcess": [500003, 500004, 500002, 500005, 500076, 500090, 500007, 500006, 500009, 500008]}