{"name": "Coolant", "buy": 11252.06, "sell": 11136.59, "base": 7200.0, "itemId": 9832, "volume": 1.5, "cachingTime": 1559934619.862794, "cachingTimeXML": 1559804994.49662, "inProcess": [500000, 500002, 500005, 500053], "outProcess": [500003, 500004, 500002, 500005, 500076, 500090, 500007, 500006, 500009, 500008]}