{"name": "Enriched Uranium", "buy": 13481.86, "sell": 13697.23, "base": 7200.0, "itemId": 44, "volume": 1.5, "cachingTime": 1559934619.8627899, "cachingTimeXML": 1559804994.496616, "inProcess": [500000, 500002, 500005, 500054], "outProcess": [500003, 500004, 500002, 500005, 500086, 500007, 500006, 500009, 500008]}