{"name": "Fertilizer", "buy": 9305.42, "sell": 9303.0, "base": 7200.0, "itemId": 3693, "volume": 1.5, "cachingTime": 1559934619.862786, "cachingTimeXML": 1559804994.496613, "inProcess": [500000, 500002, 500005, 500055], "outProcess": [500003, 500004, 500002, 500005, 500077, 500084]}