{"name": "Genetically Enhanced Livestock", "buy": 10031.15, "sell": 9239.67, "base": 7200.0, "itemId": 15317, "volume": 1.5, "cachingTime": 1559934619.862785, "cachingTimeXML": 1559804994.496612, "inProcess": [500000, 500002, 500005, 500056], "outProcess": [500003, 500004, 500002, 500005, 500082]}