{"name": "Livestock", "buy": 9501.48, "sell": 9056.82, "base": 7200.0, "itemId": 3725, "volume": 1.5, "cachingTime": 1561801604.7253873, "cachingTimeXML": 1561655289.41442, "inProcess": [500000, 500002, 500005, 500057], "outProcess": [500003, 500004, 500002, 500005, 500074, 500094]}