{"name": "Livestock", "buy": 9563.52, "sell": 9451.67, "base": 7200.0, "itemId": 3725, "volume": 1.5, "cachingTime": 1559934619.862798, "cachingTimeXML": 1559804994.496623, "inProcess": [500000, 500002, 500005, 500057], "outProcess": [500003, 500004, 500002, 500005, 500074, 500094]}