{"name": "Mechanical Parts", "buy": 11932.59, "sell": 11384.76, "base": 7200.0, "itemId": 3689, "volume": 1.5, "cachingTime": 1561801604.7253873, "cachingTimeXML": 1561655289.4144251, "inProcess": [500000, 500002, 500005, 500058], "outProcess": [500003, 500004, 500002, 500005, 500088, 500087, 500007, 500006, 500009, 500008]}