{"name": "Microfiber Shielding", "buy": 12573.29, "sell": 12691.89, "base": 7200.0, "itemId": 2327, "volume": 1.5, "cachingTime": 1561801604.7253873, "cachingTimeXML": 1561655289.4144168, "inProcess": [500000, 500002, 500005, 500059], "outProcess": [500003, 500004, 500002, 500005, 500086, 500078]}