{"name": "Microfiber Shielding", "buy": 12328.81, "sell": 13854.48, "base": 7200.0, "itemId": 2327, "volume": 1.5, "cachingTime": 1559934619.862796, "cachingTimeXML": 1559804994.4966211, "inProcess": [500000, 500002, 500005, 500059], "outProcess": [500003, 500004, 500002, 500005, 500086, 500078]}