{"name": "Miniature Electronics", "buy": 14545.21, "sell": 15539.58, "base": 7200.0, "itemId": 9842, "volume": 1.5, "cachingTime": 1561801604.7253873, "cachingTimeXML": 1561655289.414405, "inProcess": [500000, 500002, 500005, 500060], "outProcess": [500003, 500004, 500002, 500005, 500087, 500089]}