{"name": "Miniature Electronics", "buy": 17506.07, "sell": 13271.42, "base": 7200.0, "itemId": 9842, "volume": 1.5, "cachingTime": 1559934619.862786, "cachingTimeXML": 1559804994.496614, "inProcess": [500000, 500002, 500005, 500060], "outProcess": [500003, 500004, 500002, 500005, 500087, 500089]}