{"name": "Nanites", "buy": 6339.28, "sell": 5910.04, "base": 7200.0, "itemId": 2463, "volume": 1.5, "cachingTime": 1561801604.7253873, "cachingTimeXML": 1561655289.414423, "inProcess": [500000, 500002, 500005, 500061], "outProcess": [500003, 500004, 500002, 500005, 500074, 500092]}