{"name": "Nanites", "buy": 6030.64, "sell": 6014.64, "base": 7200.0, "itemId": 2463, "volume": 1.5, "cachingTime": 1559934619.8627992, "cachingTimeXML": 1559804994.4966242, "inProcess": [500000, 500002, 500005, 500061], "outProcess": [500003, 500004, 500002, 500005, 500074, 500092]}