{"name": "Oxides", "buy": 5280.0, "sell": 4992.98, "base": 7200.0, "itemId": 2317, "volume": 1.5, "cachingTime": 1559934619.862798, "cachingTimeXML": 1559804994.496623, "inProcess": [500000, 500002, 500005, 500062], "outProcess": [500003, 500004, 500002, 500005, 500079, 500076]}