{"name": "Oxides", "buy": 5323.1, "sell": 4836.43, "base": 7200.0, "itemId": 2317, "volume": 1.5, "cachingTime": 1561801604.7253873, "cachingTimeXML": 1561655289.414422, "inProcess": [500000, 500002, 500005, 500062], "outProcess": [500003, 500004, 500002, 500005, 500079, 500076]}