{"name": "Polytextiles", "buy": 7632.93, "sell": 7897.41, "base": 7200.0, "itemId": 3695, "volume": 1.5, "cachingTime": 1559934619.862795, "cachingTimeXML": 1559804994.49662, "inProcess": [500000, 500002, 500005, 500064], "outProcess": [500003, 500004, 500002, 500005, 500081, 500084, 500082]}