{"name": "Polyaramids", "buy": 16002.2, "sell": 14741.8, "base": 7200.0, "itemId": 2321, "volume": 1.5, "cachingTime": 1561801604.7253873, "cachingTimeXML": 1561655289.4144242, "inProcess": [500000, 500002, 500005, 500063], "outProcess": [500003, 500004, 500002, 500005, 500083]}