{"name": "Rocket Fuel", "buy": 13200.03, "sell": 10337.69, "base": 7200.0, "itemId": 9830, "volume": 1.5, "cachingTime": 1559934619.862784, "cachingTimeXML": 1559804994.496612, "inProcess": [500000, 500002, 500005, 500065], "outProcess": [500003, 500004, 500002, 500005, 500075]}