{"name": "Rocket Fuel", "buy": 12914.36, "sell": 12204.76, "base": 7200.0, "itemId": 9830, "volume": 1.5, "cachingTime": 1561801604.7253873, "cachingTimeXML": 1561655289.414402, "inProcess": [500000, 500002, 500005, 500065], "outProcess": [500003, 500004, 500002, 500005, 500075]}