{"name": "Silicate Glass", "buy": 14808.22, "sell": 15498.81, "base": 7200.0, "itemId": 3697, "volume": 1.5, "cachingTime": 1561801604.7253873, "cachingTimeXML": 1561655289.414401, "inProcess": [500000, 500002, 500005, 500066], "outProcess": [500003, 500004, 500002, 500005, 500075, 500085]}