{"name": "Silicate Glass", "buy": 15092.32, "sell": 14995.29, "base": 7200.0, "itemId": 3697, "volume": 1.5, "cachingTime": 1559934619.862783, "cachingTimeXML": 1559804994.496611, "inProcess": [500000, 500002, 500005, 500066], "outProcess": [500003, 500004, 500002, 500005, 500075, 500085]}