{"name": "Superconductors", "buy": 11923.48, "sell": 11464.76, "base": 7200.0, "itemId": 9838, "volume": 1.5, "cachingTime": 1559934619.862792, "cachingTimeXML": 1559804994.496618, "inProcess": [500000, 500002, 500005, 500067], "outProcess": [500003, 500004, 500002, 500005, 500079, 500093]}