{"name": "Supertensile Plastics", "buy": 10931.66, "sell": 11793.49, "base": 7200.0, "itemId": 2312, "volume": 1.5, "cachingTime": 1561801604.7253873, "cachingTimeXML": 1561655289.414418, "inProcess": [500000, 500002, 500005, 500068], "outProcess": [500003, 500004, 500002, 500005, 500091, 500078, 500087]}