{"name": "Supertensile Plastics", "buy": 12376.65, "sell": 12552.7, "base": 7200.0, "itemId": 2312, "volume": 1.5, "cachingTime": 1559934619.862796, "cachingTimeXML": 1559804994.4966211, "inProcess": [500000, 500002, 500005, 500068], "outProcess": [500003, 500004, 500002, 500005, 500091, 500078, 500087]}