{"name": "Synthetic Oil", "buy": 6428.8, "sell": 6561.72, "base": 7200.0, "itemId": 3691, "volume": 1.5, "cachingTime": 1559934619.862787, "cachingTimeXML": 1559804994.496614, "inProcess": [500000, 500002, 500005, 500069], "outProcess": [500003, 500004, 500002, 500005, 500077, 500093]}