{"name": "Transmitter", "buy": 14489.6, "sell": 14170.76, "base": 7200.0, "itemId": 9840, "volume": 1.5, "cachingTime": 1559934619.862797, "cachingTimeXML": 1559804994.496622, "inProcess": [500000, 500002, 500005, 500071], "outProcess": [500003, 500004, 500002, 500005, 500080, 500081, 500083]}