{"name": "Viral Agent", "buy": 8946.92, "sell": 9169.92, "base": 7200.0, "itemId": 3775, "volume": 1.5, "cachingTime": 1561801604.7253873, "cachingTimeXML": 1561655289.414426, "inProcess": [500000, 500002, 500005, 500072], "outProcess": [500003, 500004, 500002, 500005, 500081, 500094]}