{"name": "Viral Agent", "buy": 9451.09, "sell": 9426.86, "base": 7200.0, "itemId": 3775, "volume": 1.5, "cachingTime": 1559934619.8628008, "cachingTimeXML": 1559804994.496626, "inProcess": [500000, 500002, 500005, 500072], "outProcess": [500003, 500004, 500002, 500005, 500081, 500094]}