{"name": "Water-Cooled CPU", "buy": 8417.1, "sell": 7961.8, "base": 7200.0, "itemId": 2328, "volume": 1.5, "cachingTime": 1559934619.862793, "cachingTimeXML": 1559804994.496619, "inProcess": [500000, 500002, 500005, 500073], "outProcess": [500003, 500004, 500002, 500005, 500080, 500090]}