{"name": "Water-Cooled CPU", "buy": 7766.57, "sell": 7661.82, "base": 7200.0, "itemId": 2328, "volume": 1.5, "cachingTime": 1561801604.7253873, "cachingTimeXML": 1561655289.414413, "inProcess": [500000, 500002, 500005, 500073], "outProcess": [500003, 500004, 500002, 500005, 500080, 500090]}