{"name": "Legion Defensive - Augmented Plating", "buy": 27000006.25, "sell": 33750285.63, "base": 26194153.62, "itemId": 45587, "volume": 40.0, "cachingTime": 1561903189.8754282, "cachingTimeXML": 1561655289.414879, "inProcess": [500000, 500182], "outProcess": [500003, 500004], "isFinal": 1}