{"name": "Legion Defensive - Covert Reconfiguration", "buy": 38110102.18, "sell": 39999899.6, "base": 26194153.62, "itemId": 45586, "volume": 40.0, "cachingTime": 1561903189.8754299, "cachingTimeXML": 1561655289.41488, "inProcess": [500000, 500183], "outProcess": [500003, 500004], "isFinal": 1}