{"name": "Legion Defensive - Nanobot Injector", "buy": 26001409.61, "sell": 34998999.96, "base": 26194153.62, "itemId": 45588, "volume": 40.0, "cachingTime": 1561903189.8754292, "cachingTimeXML": 1561655289.414879, "inProcess": [500000, 500184], "outProcess": [500003, 500004], "isFinal": 1}