{"name": "Compressed Magma Mercoxit", "buy": 2000002.48, "sell": 2289889.89, "base": 5759485.0, "itemId": 28412, "volume": 0.1, "cachingTime": 1559934619.8628988, "cachingTimeXML": 1559804994.496717, "inProcess": [500000, 500143], "outProcess": [500003, 500004, 500331]}