{"name": "Compressed Vitreous Mercoxit", "buy": 2101006.79, "sell": 2440000.0, "base": 2708050.0, "itemId": 28414, "volume": 0.1, "cachingTime": 1559934619.862901, "cachingTimeXML": 1559804994.4967191, "inProcess": [500000, 500145], "outProcess": [500003, 500004, 500333]}