{"name": "Compressed Mercoxit", "buy": 1950019.51, "sell": 1983790.85, "base": 4051910.0, "itemId": 28413, "volume": 0.1, "cachingTime": 1561801604.7253873, "cachingTimeXML": 1561655289.414602, "inProcess": [500000, 500144], "outProcess": [500003, 500004, 500332]}