{"name": "Compressed Vitreous Mercoxit", "buy": 2100005.92, "sell": 2440000.0, "base": 2708050.0, "itemId": 28414, "volume": 0.1, "cachingTime": 1561801604.7253873, "cachingTimeXML": 1561655289.4146008, "inProcess": [500000, 500145], "outProcess": [500003, 500004, 500333]}