{"name": "Compressed Mercoxit", "buy": 2075042.2, "sell": 2019032.83, "base": 4051910.0, "itemId": 28413, "volume": 0.1, "cachingTime": 1559934619.862901, "cachingTimeXML": 1559804994.4967198, "inProcess": [500000, 500144], "outProcess": [500003, 500004, 500332]}