{"name": "Magma Mercoxit", "buy": 7221.42, "sell": 80198.11, "base": -1.0, "itemId": 17869, "volume": 40.0, "cachingTime": 1559934619.862902, "cachingTimeXML": 1559804994.4967198, "inProcess": [500000, 500001], "outProcess": [500003, 500004, 500334, 500143], "isRaw": 1}