{"name": "Vitreous Mercoxit", "buy": 14000.71, "sell": 140000.0, "base": -1.0, "itemId": 17870, "volume": 40.0, "cachingTime": 1559934619.862902, "cachingTimeXML": 1559804994.4967208, "inProcess": [500000, 500001], "outProcess": [500003, 500004, 500336, 500145], "isRaw": 1}