{"name": "Fullerite-C84", "buy": 4240.29, "sell": 4284.5, "base": -1.0, "itemId": 30374, "volume": 2.0, "cachingTime": 1561655286.206731, "cachingTimeXML": 1561655289.414347, "inProcess": [500000, 500001], "outProcess": [500003, 500004, 500175, 500170], "isRaw": 1}