{"name": "Fullerite-C50", "buy": 6705.73, "sell": 6421.01, "base": -1.0, "itemId": 30370, "volume": 1.0, "cachingTime": 1561655286.206728, "cachingTimeXML": 1561655289.4143438, "inProcess": [500000, 500001], "outProcess": [500003, 500004, 500177, 500173], "isRaw": 1}