{"name": "Fullerite-C72", "buy": 12032.85, "sell": 11546.89, "base": -1.0, "itemId": 30373, "volume": 2.0, "cachingTime": 1561655286.206723, "cachingTimeXML": 1561655289.414338, "inProcess": [500000, 500001], "outProcess": [500003, 500004, 500178, 500176], "isRaw": 1}