{"name": "Fullerite-C32", "buy": 27069.88, "sell": 26300.02, "base": -1.0, "itemId": 30376, "volume": 5.0, "cachingTime": 1561655286.2067242, "cachingTimeXML": 1561655289.414339, "inProcess": [500000, 500001], "outProcess": [500003, 500004, 500171, 500174], "isRaw": 1}