{"name": "Fullerite-C540", "buy": 52519.14, "sell": 52428.86, "base": -1.0, "itemId": 30378, "volume": 10.0, "cachingTime": 1561655286.20673, "cachingTimeXML": 1561655289.414346, "inProcess": [500000, 500001], "outProcess": [500003, 500004, 500170], "isRaw": 1}