{"name": "Fullerite-C320", "buy": 61002.46, "sell": 64850.17, "base": -1.0, "itemId": 30377, "volume": 5.0, "cachingTime": 1561655286.206727, "cachingTimeXML": 1561655289.4143429, "inProcess": [500000, 500001], "outProcess": [500003, 500004, 500171], "isRaw": 1}