{"name": "Fullerite-C70", "buy": 2418.12, "sell": 2292.56, "base": -1.0, "itemId": 30372, "volume": 1.0, "cachingTime": 1561655286.206729, "cachingTimeXML": 1561655289.414345, "inProcess": [500000, 500001], "outProcess": [500003, 500004, 500172, 500175, 500176], "isRaw": 1}