{"name": "Fullerite-C28", "buy": 10727.69, "sell": 9841.01, "base": -1.0, "itemId": 30375, "volume": 2.0, "cachingTime": 1561655286.2067251, "cachingTimeXML": 1561655289.41434, "inProcess": [500000, 500001], "outProcess": [500003, 500004, 500178, 500174], "isRaw": 1}