{"name": "Hydrogen Fuel Block", "buy": 19016.11, "sell": 19123.24, "base": 400524.1, "itemId": 4246, "volume": 5.0, "cachingTime": 1561655286.207006, "cachingTimeXML": 1561655289.414714, "inProcess": [500000, 500007], "outProcess": [500003, 500004, 500172, 500177, 500176], "bpo": 4316}