{"name": "Nitrogen Fuel Block", "buy": 18983.44, "sell": 19677.52, "base": 412251.1, "itemId": 4051, "volume": 5.0, "cachingTime": 1561655286.207008, "cachingTimeXML": 1561655289.414717, "inProcess": [500000, 500008], "outProcess": [500003, 500004, 500171, 500174], "bpo": 4314}