{"name": "Oxygen Fuel Block", "buy": 19342.04, "sell": 20150.28, "base": 406032.1, "itemId": 4312, "volume": 5.0, "cachingTime": 1561655286.207008, "cachingTimeXML": 1561655289.414716, "inProcess": [500000, 500009], "outProcess": [500003, 500004, 500175, 500173], "bpo": 4313}