{"name": "Azure Plagioclase", "buy": 59.4, "sell": 50.08, "base": -1.0, "itemId": 17455, "volume": 0.35, "cachingTime": 1561742489.7624068, "cachingTimeXML": 1561655289.414618, "inProcess": [500000, 500001], "outProcess": [500003, 500004, 500345, 500150], "isRaw": 1}