{"name": "Compressed Sparkling Plagioclase", "buy": 6800.11, "sell": 7134.34, "base": -1.0, "itemId": 46701, "volume": 0.15, "cachingTime": 1561742489.762409, "cachingTimeXML": 1561655289.414622, "inProcess": [500000, 500153], "outProcess": [500003, 500004, 500349]}