{"name": "Compressed Azure Plagioclase", "buy": 6280.15, "sell": 6204.54, "base": 1637028.0, "itemId": 28421, "volume": 0.15, "cachingTime": 1561742489.762411, "cachingTimeXML": 1561655289.414625, "inProcess": [500000, 500150], "outProcess": [500003, 500004, 500346]}