{"name": "Compressed Plagioclase", "buy": 6031.36, "sell": 6220.47, "base": 1295703.0, "itemId": 28422, "volume": 0.15, "cachingTime": 1561742489.762408, "cachingTimeXML": 1561655289.41462, "inProcess": [500000, 500151], "outProcess": [500003, 500004, 500347]}