{"name": "Rich Plagioclase", "buy": 62.2, "sell": 51.26, "base": -1.0, "itemId": 17456, "volume": 0.35, "cachingTime": 1561742489.762409, "cachingTimeXML": 1561655289.4146209, "inProcess": [500000, 500001], "outProcess": [500003, 500004, 500351, 500152], "isRaw": 1}