{"name": "Compressed Gneiss", "buy": 139013.33, "sell": 151151.2, "base": 1759120.0, "itemId": 28397, "volume": 1.8, "cachingTime": 1561903189.875204, "cachingTimeXML": 1561655289.414638, "inProcess": [500000, 500124], "outProcess": [500003, 500004, 500293]}