{"name": "Compressed Prismatic Gneiss", "buy": 145050.0, "sell": 151002.65, "base": 1665920.0, "itemId": 28399, "volume": 1.8, "cachingTime": 1561903189.875208, "cachingTimeXML": 1561655289.414644, "inProcess": [500000, 500126], "outProcess": [500003, 500004, 500295]}