{"name": "Compressed Brilliant Gneiss", "buy": 135411.45, "sell": 140022.76, "base": -1.0, "itemId": 46695, "volume": 1.8, "cachingTime": 1561903189.875204, "cachingTimeXML": 1561655289.414639, "inProcess": [500000, 500123], "outProcess": [500003, 500004, 500292]}