{"name": "Iridescent Gneiss", "buy": 1113.3, "sell": 1742.78, "base": -1.0, "itemId": 17865, "volume": 5.0, "cachingTime": 1561903189.875206, "cachingTimeXML": 1561655289.4146419, "inProcess": [500000, 500001], "outProcess": [500003, 500004, 500297, 500125], "isRaw": 1}