{"name": "Prismatic Gneiss", "buy": 1085.95, "sell": 1721.03, "base": -1.0, "itemId": 17866, "volume": 5.0, "cachingTime": 1561903189.875207, "cachingTimeXML": 1561655289.414643, "inProcess": [500000, 500001], "outProcess": [500003, 500004, 500298, 500126], "isRaw": 1}