{"name": "Biotech Research Reports", "buy": 78948.94, "sell": 92430.59, "base": 60000.0, "itemId": 2358, "volume": 6.0, "cachingTime": 1561655286.2067652, "cachingTimeXML": 1561655289.414386, "inProcess": [500000, 500002, 500005, 500074], "outProcess": [500003, 500004, 500002, 500005, 500034]}