{"name": "Data Chips", "buy": 95628.8, "sell": 100917.58, "base": 60000.0, "itemId": 17392, "volume": 6.0, "cachingTime": 1561655286.206764, "cachingTimeXML": 1561655289.4143848, "inProcess": [500000, 500002, 500005, 500078], "outProcess": [500003, 500004, 500002, 500005, 500027]}