{"name": "Gel-Matrix Biopaste", "buy": 111116.27, "sell": 112541.97, "base": 60000.0, "itemId": 2348, "volume": 6.0, "cachingTime": 1561655286.206757, "cachingTimeXML": 1561655289.4143748, "inProcess": [500000, 500002, 500005, 500079], "outProcess": [500003, 500004, 500002, 500005, 500028]}