{"name": "Hermetic Membranes", "buy": 96671.85, "sell": 105561.79, "base": 60000.0, "itemId": 2361, "volume": 6.0, "cachingTime": 1561655286.20677, "cachingTimeXML": 1561655289.4143932, "inProcess": [500000, 500002, 500005, 500082], "outProcess": [500003, 500004, 500002, 500005, 500032]}