{"name": "Nuclear Reactors", "buy": 82533.5, "sell": 84081.29, "base": 60000.0, "itemId": 2352, "volume": 6.0, "cachingTime": 1561655286.206763, "cachingTimeXML": 1561655289.4143832, "inProcess": [500000, 500002, 500005, 500086], "outProcess": [500003, 500004, 500002, 500005, 500032]}