{"name": "Planetary Vehicles", "buy": 110608.0, "sell": 129385.73, "base": 60000.0, "itemId": 9846, "volume": 6.0, "cachingTime": 1561655286.206773, "cachingTimeXML": 1561655289.414397, "inProcess": [500000, 500002, 500005, 500087], "outProcess": [500003, 500004, 500002, 500005, 500028]}