{"name": "Robotics", "buy": 100404.27, "sell": 100194.01, "base": 60000.0, "itemId": 9848, "volume": 6.0, "cachingTime": 1561655286.2067578, "cachingTimeXML": 1561655289.414376, "inProcess": [500000, 500002, 500005, 500088], "outProcess": [500003, 500004, 500002, 500005, 500030, 500007, 500006, 500009, 500008]}