{"name": "Synthetic Synapses", "buy": 67892.04, "sell": 74373.77, "base": 60000.0, "itemId": 2346, "volume": 6.0, "cachingTime": 1561655286.206756, "cachingTimeXML": 1561655289.4143739, "inProcess": [500000, 500002, 500005, 500091], "outProcess": [500003, 500004, 500002, 500005, 500031]}