{"name": "Ukomi Superconductors", "buy": 51560.01, "sell": 50644.71, "base": 60000.0, "itemId": 17136, "volume": 6.0, "cachingTime": 1561655286.206761, "cachingTimeXML": 1561655289.41438, "inProcess": [500000, 500002, 500005, 500093], "outProcess": [500003, 500004, 500002, 500005, 500029]}