{"name": "Vaccines", "buy": 57165.92, "sell": 71452.24, "base": 60000.0, "itemId": 28974, "volume": 6.0, "cachingTime": 1561655286.206769, "cachingTimeXML": 1561655289.414392, "inProcess": [500000, 500002, 500005, 500094], "outProcess": [500003, 500004, 500002, 500005, 500033]}