{"name": "Electromechanical Interface Nexus", "buy": 502003.23, "sell": 605447.79, "base": 279828.85, "itemId": 30466, "volume": 10.0, "cachingTime": 1559934619.862966, "cachingTimeXML": 1559804994.4967911, "inProcess": [500000, 500011], "outProcess": [500003, 500004, 500234, 500233, 500232, 500231, 500230, 500229, 500228, 500227], "bpo": 30467}