{"name": "Emergent Neurovisual Interface", "buy": 19000032.86, "sell": 26000002.08, "base": 14359735.48, "itemId": 29996, "volume": 20.0, "cachingTime": 1559934619.8629608, "cachingTimeXML": 1559804994.496784, "inProcess": [500000, 500012], "outProcess": [500003, 500004, 500230, 500229, 500228, 500227], "bpo": 29997}