{"name": "Neurovisual Output Analyzer", "buy": 16000003.18, "sell": 36000000.0, "base": 10411193.95, "itemId": 30470, "volume": 5.0, "cachingTime": 1559934619.862965, "cachingTimeXML": 1559804994.496789, "inProcess": [500000, 500017], "outProcess": [500003, 500004, 500230, 500229, 500228, 500227, 500224, 500226, 500225, 500223, 500222, 500221, 500218, 500220, 500219, 500217, 500216, 500215, 500204, 500205, 500203, 500213, 500212, 500214, 500209, 500210, 500211, 500207, 500208, 500206, 500195, 500194, 500196, 500197, 500198, 500199, 500202, 500201, 500200, 500191, 500192, 500193, 500181, 500180, 500179, 500189, 500188, 500190, 500182, 500184, 500183, 500187, 500185, 500186], "bpo": 30471}