{"name": "Optimized Nano-Engines", "buy": 326599.93, "sell": 845673.02, "base": 279646.65, "itemId": 29992, "volume": 10.0, "cachingTime": 1559934619.86296, "cachingTimeXML": 1559804994.496784, "inProcess": [500000, 500018], "outProcess": [500003, 500004, 500234, 500233, 500232, 500231, 500217, 500216, 500215, 500204, 500205, 500203, 500191, 500192, 500193, 500181, 500180, 500179], "bpo": 29993}