{"name": "Reconfigured Subspace Calibrator", "buy": 411800.11, "sell": 1029092.73, "base": 215421.21, "itemId": 30478, "volume": 10.0, "cachingTime": 1559934619.8629591, "cachingTimeXML": 1559804994.496782, "inProcess": [500000, 500019], "outProcess": [500003, 500004, 500234, 500233, 500232, 500231, 500224, 500226, 500225, 500213, 500212, 500214, 500202, 500201, 500200, 500189, 500188, 500190], "bpo": 30479}