{"name": "Reinforced Metallofullerene Alloys", "buy": 737143.67, "sell": 3183712.44, "base": 925272.75, "itemId": 30008, "volume": 10.0, "cachingTime": 1559934619.862966, "cachingTimeXML": 1559804994.49679, "inProcess": [500000, 500020], "outProcess": [500003, 500004, 500218, 500220, 500219, 500207, 500208, 500206, 500195, 500194, 500196, 500182, 500184, 500183], "bpo": 30009}