{"name": "Self-Assembling Nanolattice", "buy": 3800000.29, "sell": 4398837.99, "base": 1952013.2, "itemId": 34396, "volume": 5.0, "cachingTime": 1561801604.7253873, "cachingTimeXML": 1561655289.4147031, "inProcess": [500000, 500021], "outProcess": [500003, 500004, 500234, 500233, 500232, 500231], "bpo": 34397}