{"name": "Self-Assembling Nanolattice", "buy": 3800000.16, "sell": 5349986.12, "base": 1952013.2, "itemId": 34396, "volume": 5.0, "cachingTime": 1559934619.862962, "cachingTimeXML": 1559804994.4967859, "inProcess": [500000, 500021], "outProcess": [500003, 500004, 500234, 500233, 500232, 500231], "bpo": 34397}