{"name": "Superconducting Radar Amplifier", "buy": 242132.0, "sell": 1230000.0, "base": 1313162.74, "itemId": 45654, "volume": 5.0, "cachingTime": 1559934619.86296, "cachingTimeXML": 1559804994.496783, "inProcess": [500000, 500025], "outProcess": [500003, 500004, 500227], "bpo": 45658}