{"name": "Superconducting Gravimetric Amplifier", "buy": 327751.88, "sell": 2001782.0, "base": 1756802.66, "itemId": 45653, "volume": 5.0, "cachingTime": 1559934619.862963, "cachingTimeXML": 1559804994.4967868, "inProcess": [500000, 500022], "outProcess": [500003, 500004, 500228], "bpo": 45657}