{"name": "Superconducting Magnetometric Amplifier", "buy": 599998.01, "sell": 1779998.41, "base": 1355998.82, "itemId": 45652, "volume": 5.0, "cachingTime": 1559934619.862964, "cachingTimeXML": 1559804994.496788, "inProcess": [500000, 500024], "outProcess": [500003, 500004, 500229], "bpo": 45656}