{"name": "Superconducting Ladar Amplifier", "buy": 1000421.1, "sell": 4170995.0, "base": 1909610.74, "itemId": 45655, "volume": 5.0, "cachingTime": 1559934619.8629608, "cachingTimeXML": 1559804994.496785, "inProcess": [500000, 500023], "outProcess": [500003, 500004, 500230], "bpo": 45659}