{"name": "Warfare Computation Core", "buy": 700010.0, "sell": 8050005.0, "base": 925748.35, "itemId": 29994, "volume": 10.0, "cachingTime": 1559934619.862967, "cachingTimeXML": 1559804994.4967911, "inProcess": [500000, 500026], "outProcess": [500003, 500004, 500234, 500233, 500232, 500231, 500223, 500222, 500221, 500209, 500210, 500211, 500197, 500198, 500199, 500187, 500185, 500186], "bpo": 29995}