{"name": "Svipul", "buy": 38000374.46, "sell": 39302036.54, "base": 26879489.57, "itemId": 34562, "volume": 5000.0, "cachingTime": 1561801604.7253873, "cachingTimeXML": 1561655289.414177, "inProcess": [500000, 500234], "outProcess": [500003, 500004], "isFinal": 1}