{"name": "Svipul", "buy": 38936623.55, "sell": 41311276.58, "base": 26879489.57, "itemId": 34562, "volume": 5000.0, "cachingTime": 1559934619.8626308, "cachingTimeXML": 1559804994.496477, "inProcess": [500000, 500234], "outProcess": [500003, 500004], "isFinal": 1}