{"name": "Loki Defensive - Augmented Durability", "buy": 31008234.32, "sell": 38358493.39, "base": 26194153.62, "itemId": 45596, "volume": 40.0, "cachingTime": 1561903189.875386, "cachingTimeXML": 1561655289.414829, "inProcess": [500000, 500219], "outProcess": [500003, 500004], "isFinal": 1}