{"name": "Loki Defensive - Covert Reconfiguration", "buy": 38000000.0, "sell": 39999899.9, "base": 26194153.62, "itemId": 45595, "volume": 40.0, "cachingTime": 1561903189.875385, "cachingTimeXML": 1561655289.414828, "inProcess": [500000, 500220], "outProcess": [500003, 500004], "isFinal": 1}