{"name": "R.A.M.- Starship Tech", "buy": 150.48, "sell": 160.58, "base": 20178.3, "itemId": 11478, "volume": 0.04, "cachingTime": 1559934619.862957, "cachingTimeXML": 1559804994.496781, "inProcess": [500000, 500010], "outProcess": [500003, 500004, 500234, 500233, 500232, 500231, 500230, 500229, 500228, 500227], "bpo": 11890}