{"name": "Compressed Glazed Hedbergite", "buy": 37500.03, "sell": 40160.2, "base": 1779200.0, "itemId": 28400, "volume": 0.47, "cachingTime": 1561742489.762374, "cachingTimeXML": 1561655289.414551, "inProcess": [500000, 500127], "outProcess": [500003, 500004, 500299]}