{"name": "Glazed Hedbergite", "buy": 337.43, "sell": 442.49, "base": -1.0, "itemId": 17441, "volume": 3.0, "cachingTime": 1561742489.7623758, "cachingTimeXML": 1561655289.4145641, "inProcess": [500000, 500001], "outProcess": [500003, 500004, 500303, 500127], "isRaw": 1}