{"name": "Hedbergite", "buy": 301.32, "sell": 296.88, "base": -1.0, "itemId": 21, "volume": 3.0, "cachingTime": 1561742489.762374, "cachingTimeXML": 1561655289.41455, "inProcess": [500000, 500001], "outProcess": [500003, 500004, 500304, 500128], "isRaw": 1}