{"name": "Vitric Hedbergite", "buy": 348.67, "sell": 279.91, "base": -1.0, "itemId": 17440, "volume": 3.0, "cachingTime": 1561742489.7623749, "cachingTimeXML": 1561655289.414552, "inProcess": [500000, 500001], "outProcess": [500003, 500004, 500306, 500130], "isRaw": 1}