{"name": "Tengu Offensive - Accelerated Ejection Bay", "buy": 31676903.17, "sell": 36120246.83, "base": 23376510.82, "itemId": 45601, "volume": 40.0, "cachingTime": 1559934619.86306, "cachingTimeXML": 1559804994.4969358, "inProcess": [500000, 500197], "outProcess": [500003, 500004], "isFinal": 1}