{"name": "Tengu Offensive - Support Processor", "buy": 36678794.65, "sell": 34332907.73, "base": 23376510.82, "itemId": 45603, "volume": 40.0, "cachingTime": 1559934619.863061, "cachingTimeXML": 1559804994.496938, "inProcess": [500000, 500199], "outProcess": [500003, 500004], "isFinal": 1}