{"name": "Tengu Offensive - Accelerated Ejection Bay", "buy": 34000132.25, "sell": 37756132.86, "base": 23376510.82, "itemId": 45601, "volume": 40.0, "cachingTime": 1561801604.7253873, "cachingTimeXML": 1561655289.414858, "inProcess": [500000, 500197], "outProcess": [500003, 500004], "isFinal": 1}