{"name": "Tengu Offensive - Magnetic Infusion Basin", "buy": 32100007.07, "sell": 34270821.22, "base": 23376510.82, "itemId": 45602, "volume": 40.0, "cachingTime": 1559934619.863061, "cachingTimeXML": 1559804994.496937, "inProcess": [500000, 500198], "outProcess": [500003, 500004], "isFinal": 1}