{"name": "Tengu Offensive - Magnetic Infusion Basin", "buy": 27676749.19, "sell": 34259811.27, "base": 23376510.82, "itemId": 45602, "volume": 40.0, "cachingTime": 1561801604.7253873, "cachingTimeXML": 1561655289.414859, "inProcess": [500000, 500198], "outProcess": [500003, 500004], "isFinal": 1}