{"name": "Compressed Vivid Hemorphite", "buy": 44000.04, "sell": 52520.76, "base": 1725050.0, "itemId": 28405, "volume": 0.86, "cachingTime": 1561903189.875196, "cachingTimeXML": 1561655289.414628, "inProcess": [500000, 500134], "outProcess": [500003, 500004, 500310]}