{"name": "Compressed Scintillating Hemorphite", "buy": 47044.5, "sell": 49087.32, "base": -1.0, "itemId": 46697, "volume": 0.86, "cachingTime": 1561903189.875198, "cachingTimeXML": 1561655289.414631, "inProcess": [500000, 500133], "outProcess": [500003, 500004, 500309]}