{"name": "Hemorphite", "buy": 866.81, "sell": 836.56, "base": -1.0, "itemId": 1231, "volume": 3.0, "cachingTime": 1561903189.875198, "cachingTimeXML": 1561655289.414631, "inProcess": [500000, 500001], "outProcess": [500003, 500004, 500311, 500131], "isRaw": 1}