{"name": "Loki Propulsion - Wake Limiter", "buy": 27501022.95, "sell": 37999999.8, "base": 20496567.04, "itemId": 45621, "volume": 40.0, "cachingTime": 1561903189.875377, "cachingTimeXML": 1561655289.414819, "inProcess": [500000, 500226], "outProcess": [500003, 500004], "isFinal": 1}