{"name": "Loki Propulsion - Interdiction Nullifier", "buy": 30500501.77, "sell": 33503448.12, "base": 20496567.04, "itemId": 45619, "volume": 40.0, "cachingTime": 1561903189.875378, "cachingTimeXML": 1561655289.4148202, "inProcess": [500000, 500225], "outProcess": [500003, 500004], "isFinal": 1}