{"name": "Loki Propulsion - Intercalated Nanofibers", "buy": 30500236.55, "sell": 34798999.59, "base": 20496567.04, "itemId": 45620, "volume": 40.0, "cachingTime": 1561903189.8753762, "cachingTimeXML": 1561655289.414818, "inProcess": [500000, 500224], "outProcess": [500003, 500004], "isFinal": 1}