{"name": "Bright Spodumain", "buy": 2750.43, "sell": 8772.57, "base": -1.0, "itemId": 17466, "volume": 16.0, "cachingTime": 1561655286.2068648, "cachingTimeXML": 1561655289.414516, "inProcess": [500000, 500001], "outProcess": [500003, 500004, 500369, 500162], "isRaw": 1}