{"name": "Compressed Bright Spodumain", "buy": 400011.21, "sell": 448908.04, "base": 1004875.0, "itemId": 28418, "volume": 28.0, "cachingTime": 1561655286.2068648, "cachingTimeXML": 1561655289.414515, "inProcess": [500000, 500162], "outProcess": [500003, 500004, 500370]}