{"name": "Compressed Gleaming Spodumain", "buy": 442502.14, "sell": 459898.41, "base": 1230375.0, "itemId": 28419, "volume": 28.0, "cachingTime": 1561655286.206862, "cachingTimeXML": 1561655289.4145122, "inProcess": [500000, 500164], "outProcess": [500003, 500004, 500372]}