{"name": "Compressed Spodumain", "buy": 374958.01, "sell": 418022.57, "base": 1067625.0, "itemId": 28420, "volume": 28.0, "cachingTime": 1561655286.206869, "cachingTimeXML": 1561655289.414518, "inProcess": [500000, 500165], "outProcess": [500003, 500004, 500373]}