{"name": "Hecate", "buy": 42000128.82, "sell": 44795572.08, "base": 26879489.57, "itemId": 35683, "volume": 5000.0, "cachingTime": 1561655286.206579, "cachingTimeXML": 1561655289.414183, "inProcess": [500000, 500233], "outProcess": [500003, 500004], "isFinal": 1}