{"name": "Compressed Jet Ochre", "buy": 100100.08, "sell": 87500.0, "base": -1.0, "itemId": 46694, "volume": 4.2, "cachingTime": 1561655286.206957, "cachingTimeXML": 1561655289.414648, "inProcess": [500000, 500120], "outProcess": [500003, 500004, 500284]}