{"name": "Compressed Dark Ochre", "buy": 90000.07, "sell": 90000.0, "base": 666240.0, "itemId": 28394, "volume": 4.2, "cachingTime": 1561655286.206959, "cachingTimeXML": 1561655289.4146502, "inProcess": [500000, 500119], "outProcess": [500003, 500004, 500283]}