{"name": "Compressed Onyx Ochre", "buy": 95101.03, "sell": 108626.46, "base": 790000.0, "itemId": 28396, "volume": 4.2, "cachingTime": 1561655286.206958, "cachingTimeXML": 1561655289.414649, "inProcess": [500000, 500122], "outProcess": [500003, 500004, 500286]}