{"name": "Compressed Obsidian Ochre", "buy": 100000.11, "sell": 109181.59, "base": 1155120.0, "itemId": 28395, "volume": 4.2, "cachingTime": 1561655286.206957, "cachingTimeXML": 1561655289.414647, "inProcess": [500000, 500121], "outProcess": [500003, 500004, 500285]}