{"name": "Obsidian Ochre", "buy": 682.4, "sell": 1200.0, "base": -1.0, "itemId": 17437, "volume": 8.0, "cachingTime": 1561655286.206961, "cachingTimeXML": 1561655289.4146528, "inProcess": [500000, 500001], "outProcess": [500003, 500004, 500289, 500121], "isRaw": 1}