{"name": "Onyx Ochre", "buy": 511.91, "sell": 596.35, "base": -1.0, "itemId": 17436, "volume": 8.0, "cachingTime": 1561655286.2069602, "cachingTimeXML": 1561655289.414651, "inProcess": [500000, 500001], "outProcess": [500003, 500004, 500290, 500122], "isRaw": 1}