{"name": "Azure Plagioclase", "buy": 59.23, "sell": 50.9, "base": -1.0, "itemId": 17455, "volume": 0.35, "cachingTime": 1561655286.206934, "cachingTimeXML": 1561655289.414618, "inProcess": [500000, 500001], "outProcess": [500003, 500004, 500345, 500150], "isRaw": 1}