{"name": "Compressed Rich Plagioclase", "buy": 6625.01, "sell": 6390.91, "base": 2524806.0, "itemId": 28423, "volume": 0.15, "cachingTime": 1561655286.206935, "cachingTimeXML": 1561655289.414619, "inProcess": [500000, 500152], "outProcess": [500003, 500004, 500348]}