{"name": "Compressed Azure Plagioclase", "buy": 6279.83, "sell": 6205.2, "base": 1637028.0, "itemId": 28421, "volume": 0.15, "cachingTime": 1561655286.206939, "cachingTimeXML": 1561655289.414625, "inProcess": [500000, 500150], "outProcess": [500003, 500004, 500346]}