{"name": "Plagioclase", "buy": 56.82, "sell": 52.65, "base": -1.0, "itemId": 18, "volume": 0.35, "cachingTime": 1561655286.206938, "cachingTimeXML": 1561655289.414623, "inProcess": [500000, 500001], "outProcess": [500003, 500004, 500350, 500151], "isRaw": 1}