{"name": "Rich Plagioclase", "buy": 61.82, "sell": 54.63, "base": -1.0, "itemId": 17456, "volume": 0.35, "cachingTime": 1561655286.206937, "cachingTimeXML": 1561655289.4146209, "inProcess": [500000, 500001], "outProcess": [500003, 500004, 500351, 500152], "isRaw": 1}