{"name": "Legion Core - Augmented Antimatter Reactor", "buy": 29160012.31, "sell": 31874180.13, "base": 20065362.91, "itemId": 45623, "volume": 40.0, "cachingTime": 1561655286.207127, "cachingTimeXML": 1561655289.4148722, "inProcess": [500000, 500179], "outProcess": [500003, 500004], "isFinal": 1}