{"name": "Brilliant Gneiss", "buy": 1202.06, "sell": 1259.46, "base": -1.0, "itemId": 46679, "volume": 5.0, "cachingTime": 1561742489.762418, "cachingTimeXML": 1561655289.414637, "inProcess": [500000, 500001], "outProcess": [500003, 500004, 500291, 500123], "isRaw": 1}