{"name": "Compressed Iridescent Gneiss", "buy": 127505.04, "sell": 143998.15, "base": 1174360.0, "itemId": 28398, "volume": 1.8, "cachingTime": 1561742489.762421, "cachingTimeXML": 1561655289.414641, "inProcess": [500000, 500125], "outProcess": [500003, 500004, 500294]}