{"name": "Compressed Gneiss", "buy": 135695.17, "sell": 135768.62, "base": 1759120.0, "itemId": 28397, "volume": 1.8, "cachingTime": 1561742489.762419, "cachingTimeXML": 1561655289.414638, "inProcess": [500000, 500124], "outProcess": [500003, 500004, 500293]}