{"name": "Gneiss", "buy": 1048.27, "sell": 1182.9, "base": -1.0, "itemId": 1229, "volume": 5.0, "cachingTime": 1561742489.76242, "cachingTimeXML": 1561655289.4146402, "inProcess": [500000, 500001], "outProcess": [500003, 500004, 500296, 500124], "isRaw": 1}