{"name": "Tengu", "buy": 152002110.66, "sell": 161071543.91, "base": 97886921.1, "itemId": 29984, "volume": 5000.0, "cachingTime": 1559934619.8626502, "cachingTimeXML": 1559804994.496495, "inProcess": [500000, 500228], "outProcess": [500003, 500004], "isFinal": 1}