{"name": "Tengu", "buy": 152633984.61, "sell": 149811054.54, "base": 97886921.1, "itemId": 29984, "volume": 5000.0, "cachingTime": 1561801604.7253873, "cachingTimeXML": 1561655289.414206, "inProcess": [500000, 500228], "outProcess": [500003, 500004], "isFinal": 1}