{"name": "Tengu Core - Electronic Efficiency Gate", "buy": 12000007.01, "sell": 15590218.89, "base": 20065362.91, "itemId": 45625, "volume": 40.0, "cachingTime": 1561655286.2071218, "cachingTimeXML": 1561655289.414867, "inProcess": [500000, 500192], "outProcess": [500003, 500004], "isFinal": 1}