{"name": "Tengu Core - Obfuscation Manifold", "buy": 27779060.71, "sell": 29234885.17, "base": 20065362.91, "itemId": 45627, "volume": 40.0, "cachingTime": 1561655286.207123, "cachingTimeXML": 1561655289.414867, "inProcess": [500000, 500193], "outProcess": [500003, 500004], "isFinal": 1}