{"name": "Loki Core - Augmented Nuclear Reactor", "buy": 25062716.17, "sell": 29874978.32, "base": 20065362.91, "itemId": 45632, "volume": 40.0, "cachingTime": 1559934619.863043, "cachingTimeXML": 1559804994.496917, "inProcess": [500000, 500215], "outProcess": [500003, 500004], "isFinal": 1}