{"name": "Loki Core - Dissolution Sequencer", "buy": 28997951.49, "sell": 30474998.55, "base": 20065362.91, "itemId": 45631, "volume": 40.0, "cachingTime": 1561801604.7253873, "cachingTimeXML": 1561655289.4148328, "inProcess": [500000, 500216], "outProcess": [500003, 500004], "isFinal": 1}