{"name": "Loki Core - Immobility Drivers", "buy": 30248623.47, "sell": 38540739.38, "base": 20065362.91, "itemId": 45633, "volume": 40.0, "cachingTime": 1559934619.863042, "cachingTimeXML": 1559804994.4969149, "inProcess": [500000, 500217], "outProcess": [500003, 500004], "isFinal": 1}