{"name": "Loki Core - Dissolution Sequencer", "buy": 29791453.43, "sell": 33379938.73, "base": 20065362.91, "itemId": 45631, "volume": 40.0, "cachingTime": 1559934619.863042, "cachingTimeXML": 1559804994.496916, "inProcess": [500000, 500216], "outProcess": [500003, 500004], "isFinal": 1}