{"name": "Loki Core - Augmented Nuclear Reactor", "buy": 24018170.14, "sell": 29834762.05, "base": 20065362.91, "itemId": 45632, "volume": 40.0, "cachingTime": 1561801604.7253873, "cachingTimeXML": 1561655289.4148328, "inProcess": [500000, 500215], "outProcess": [500003, 500004], "isFinal": 1}