{"name": "Loki Core - Immobility Drivers", "buy": 30800463.72, "sell": 34898889.88, "base": 20065362.91, "itemId": 45633, "volume": 40.0, "cachingTime": 1561801604.7253873, "cachingTimeXML": 1561655289.414832, "inProcess": [500000, 500217], "outProcess": [500003, 500004], "isFinal": 1}