{"name": "Tengu", "buy": 152002775.68, "sell": 151397822.92, "base": 97886921.1, "itemId": 29984, "volume": 5000.0, "cachingTime": 1561655286.2065978, "cachingTimeXML": 1561655289.414206, "inProcess": [500000, 500228], "outProcess": [500003, 500004], "isFinal": 1}