{"name": "Compressed Pellucid Crokite", "buy": 365005.51, "sell": 336872.58, "base": -1.0, "itemId": 46693, "volume": 7.81, "cachingTime": 1561903189.875223, "cachingTimeXML": 1561655289.414662, "inProcess": [500000, 500117], "outProcess": [500003, 500004, 500277]}