{"name": "Compressed Sharp Crokite", "buy": 335004.68, "sell": 367483.07, "base": 3083087.5, "itemId": 28393, "volume": 7.81, "cachingTime": 1561903189.875221, "cachingTimeXML": 1561655289.414658, "inProcess": [500000, 500118], "outProcess": [500003, 500004, 500278]}