{"name": "Compressed Crokite", "buy": 320500.53, "sell": 339787.12, "base": 2608850.0, "itemId": 28391, "volume": 7.81, "cachingTime": 1561903189.87522, "cachingTimeXML": 1561655289.414657, "inProcess": [500000, 500115], "outProcess": [500003, 500004, 500275]}