{"name": "Compressed Crystalline Crokite", "buy": 350594.13, "sell": 387000.0, "base": 2391875.0, "itemId": 28392, "volume": 7.81, "cachingTime": 1561903189.875224, "cachingTimeXML": 1561655289.4146628, "inProcess": [500000, 500116], "outProcess": [500003, 500004, 500276]}