{"name": "Pellucid Crokite", "buy": 2902.01, "sell": 3593.34, "base": -1.0, "itemId": 46677, "volume": 16.0, "cachingTime": 1561903189.875223, "cachingTimeXML": 1561655289.4146612, "inProcess": [500000, 500001], "outProcess": [500003, 500004, 500281, 500117], "isRaw": 1}