{"name": "Sharp Crokite", "buy": 2008.43, "sell": 15957.75, "base": -1.0, "itemId": 17432, "volume": 16.0, "cachingTime": 1561903189.875222, "cachingTimeXML": 1561655289.41466, "inProcess": [500000, 500001], "outProcess": [500003, 500004, 500282, 500118], "isRaw": 1}