{"name": "Emergent Neurovisual Interface", "buy": 10830234.14, "sell": 19000003.02, "base": 14359735.48, "itemId": 29996, "volume": 20.0, "cachingTime": 1561742489.7624588, "cachingTimeXML": 1561655289.414701, "inProcess": [500000, 500012], "outProcess": [500003, 500004, 500230, 500229, 500228, 500227], "bpo": 29997}