{"name": "Proteus Offensive - Drone Synthesis Projector", "buy": 26143205.56, "sell": 33490449.74, "base": 23376510.82, "itemId": 45605, "volume": 40.0, "cachingTime": 1561742489.7625542, "cachingTimeXML": 1561655289.414845, "inProcess": [500000, 500209], "outProcess": [500003, 500004], "isFinal": 1}