{"name": "Accelerant Decryptor", "buy": 552947.79, "sell": 577787.85, "base": -1.0, "itemId": 34201, "volume": 0.1, "cachingTime": 1561742489.7624881, "cachingTimeXML": 1561655289.414742, "inProcess": [500000, 500001], "outProcess": [500003, 500004], "isRaw": 1}