{"name": "Attainment Decryptor", "buy": 3527667.35, "sell": 4109493.47, "base": -1.0, "itemId": 34202, "volume": 0.1, "cachingTime": 1561742489.762489, "cachingTimeXML": 1561655289.414743, "inProcess": [500000, 500001], "outProcess": [500003, 500004], "isRaw": 1}