{"name": "Augmentation Decryptor", "buy": 1767360.07, "sell": 1733462.22, "base": -1.0, "itemId": 34203, "volume": 0.1, "cachingTime": 1561742489.762489, "cachingTimeXML": 1561655289.4147441, "inProcess": [500000, 500001], "outProcess": [500003, 500004], "isRaw": 1}