{"name": "Optimized Attainment Decryptor", "buy": 5838829.39, "sell": 6101320.38, "base": -1.0, "itemId": 34207, "volume": 0.1, "cachingTime": 1561742489.762485, "cachingTimeXML": 1561655289.414738, "inProcess": [500000, 500001], "outProcess": [500003, 500004], "isRaw": 1}