{"name": "Optimized Augmentation Decryptor", "buy": 8461201.08, "sell": 8385743.57, "base": -1.0, "itemId": 34208, "volume": 0.1, "cachingTime": 1561742489.762486, "cachingTimeXML": 1561655289.414738, "inProcess": [500000, 500001], "outProcess": [500003, 500004], "isRaw": 1}