{"name": "Parity Decryptor", "buy": 1633158.54, "sell": 1742850.93, "base": -1.0, "itemId": 34204, "volume": 0.1, "cachingTime": 1561742489.762486, "cachingTimeXML": 1561655289.414739, "inProcess": [500000, 500001], "outProcess": [500003, 500004], "isRaw": 1}