{"name": "Process Decryptor", "buy": 655418.44, "sell": 681459.76, "base": -1.0, "itemId": 34205, "volume": 0.1, "cachingTime": 1561742489.762487, "cachingTimeXML": 1561655289.41474, "inProcess": [500000, 500001], "outProcess": [500003, 500004], "isRaw": 1}