{"name": "Symmetry Decryptor", "buy": 624857.56, "sell": 601489.58, "base": -1.0, "itemId": 34206, "volume": 0.1, "cachingTime": 1561742489.762487, "cachingTimeXML": 1561655289.414741, "inProcess": [500000, 500001], "outProcess": [500003, 500004], "isRaw": 1}