{"name": "Megacyte", "buy": 444.42, "sell": 428.77, "base": -1.0, "itemId": 40, "volume": 0.01, "cachingTime": 1561655286.206985, "cachingTimeXML": 1561655289.414686, "inProcess": [500000, 500259, 500266, 500262, 500260, 500265, 500264, 500261, 500263, 500274, 500268, 500271, 500272, 500270, 500267, 500269, 500273], "outProcess": [500003, 500004, 500170]}