{"name": "Mexallon", "buy": 61.28, "sell": 57.86, "base": -1.0, "itemId": 36, "volume": 0.01, "cachingTime": 1561655286.206986, "cachingTimeXML": 1561655289.414688, "inProcess": [500000, 500372, 500375, 500376, 500370, 500369, 500374, 500371, 500373, 500259, 500266, 500262, 500260, 500265, 500264, 500261, 500263, 500326, 500329, 500325, 500323, 500330, 500328, 500327, 500324, 500345, 500348, 500347, 500351, 500349, 500350, 500352, 500346, 500291, 500293, 500292, 500296, 500294, 500297, 500298, 500295, 500354, 500359, 500355, 500356, 500353, 500358, 500360, 500357, 500319, 500322, 500318, 500320, 500317, 500315, 500316, 500321], "outProcess": [500003, 500004, 500172, 500010]}