{"name": "Loki Defensive - Covert Reconfiguration", "buy": 34588235.33, "sell": 38959999.67, "base": 26194153.62, "itemId": 45595, "volume": 40.0, "cachingTime": 1559934619.863039, "cachingTimeXML": 1559804994.496913, "inProcess": [500000, 500220], "outProcess": [500003, 500004], "isFinal": 1}