{"name": "Loki Defensive - Adaptive Defense Node", "buy": 37167001.06, "sell": 38846149.99, "base": 26194153.62, "itemId": 45597, "volume": 40.0, "cachingTime": 1559934619.863039, "cachingTimeXML": 1559804994.4969118, "inProcess": [500000, 500218], "outProcess": [500003, 500004], "isFinal": 1}