{"name": "Loki Defensive - Adaptive Defense Node", "buy": 31004738.17, "sell": 39249997.62, "base": 26194153.62, "itemId": 45597, "volume": 40.0, "cachingTime": 1561801604.7253873, "cachingTimeXML": 1561655289.414827, "inProcess": [500000, 500218], "outProcess": [500003, 500004], "isFinal": 1}