{"name": "Loki Defensive - Augmented Durability", "buy": 35000011.09, "sell": 36903110.81, "base": 26194153.62, "itemId": 45596, "volume": 40.0, "cachingTime": 1559934619.86304, "cachingTimeXML": 1559804994.496914, "inProcess": [500000, 500219], "outProcess": [500003, 500004], "isFinal": 1}