{"name": "Loki Defensive - Covert Reconfiguration", "buy": 37000004.21, "sell": 41898892.92, "base": 26194153.62, "itemId": 45595, "volume": 40.0, "cachingTime": 1561801604.7253873, "cachingTimeXML": 1561655289.414828, "inProcess": [500000, 500220], "outProcess": [500003, 500004], "isFinal": 1}