{"name": "Loki Defensive - Augmented Durability", "buy": 31008197.02, "sell": 37844327.63, "base": 26194153.62, "itemId": 45596, "volume": 40.0, "cachingTime": 1561801604.7253873, "cachingTimeXML": 1561655289.414829, "inProcess": [500000, 500219], "outProcess": [500003, 500004], "isFinal": 1}