{"name": "Legion Offensive - Support Processor", "buy": 24500007.01, "sell": 31092509.66, "base": 23376510.82, "itemId": 45600, "volume": 40.0, "cachingTime": 1561655286.207135, "cachingTimeXML": 1561655289.414882, "inProcess": [500000, 500187], "outProcess": [500003, 500004], "isFinal": 1}