{"name": "Legion Offensive - Assault Optimization", "buy": 32000722.52, "sell": 33999999.99, "base": 23376510.82, "itemId": 45599, "volume": 40.0, "cachingTime": 1561655286.207136, "cachingTimeXML": 1561655289.4148831, "inProcess": [500000, 500185], "outProcess": [500003, 500004], "isFinal": 1}