{"name": "Legion Offensive - Liquid Crystal Magnifiers", "buy": 26176203.87, "sell": 33454868.53, "base": 23376510.82, "itemId": 45598, "volume": 40.0, "cachingTime": 1561655286.207137, "cachingTimeXML": 1561655289.414884, "inProcess": [500000, 500186], "outProcess": [500003, 500004], "isFinal": 1}