{"name": "C3-FTM Acid", "buy": 80020.04, "sell": 85272.26, "base": -1.0, "itemId": 30311, "volume": 0.2, "cachingTime": 1559934619.8627489, "cachingTimeXML": 1559804994.496586, "inProcess": [500000, 500170], "outProcess": [500003, 500004, 500012, 500021], "bpo": 46165}