{"name": "Carbon-86 Epoxy Resin", "buy": 69000.02, "sell": 67736.94, "base": -1.0, "itemId": 30310, "volume": 0.4, "cachingTime": 1559934619.862746, "cachingTimeXML": 1559804994.496583, "inProcess": [500000, 500171], "outProcess": [500003, 500004, 500021, 500017], "bpo": 46164}