{"name": "Carbon-86 Epoxy Resin", "buy": 67211.59, "sell": 72586.6, "base": -1.0, "itemId": 30310, "volume": 0.4, "cachingTime": 1561801604.7253873, "cachingTimeXML": 1561655289.414355, "inProcess": [500000, 500171], "outProcess": [500003, 500004, 500021, 500017], "bpo": 46164}