{"name": "Fulleroferrocene", "buy": 3204.07, "sell": 3127.71, "base": -1.0, "itemId": 30303, "volume": 0.1, "cachingTime": 1559934619.86275, "cachingTimeXML": 1559804994.496586, "inProcess": [500000, 500173], "outProcess": [500003, 500004, 500019, 500025, 500023, 500014, 500021, 500022, 500024, 500015, 500017, 500016, 500013], "bpo": 46158}