{"name": "Fullerene Intercalated Graphite", "buy": 7600.18, "sell": 7595.59, "base": -1.0, "itemId": 30305, "volume": 0.8, "cachingTime": 1559934619.862744, "cachingTimeXML": 1559804994.496581, "inProcess": [500000, 500172], "outProcess": [500003, 500004, 500025, 500023, 500022, 500024, 500020, 500026, 500013], "bpo": 46160}