{"name": "Graphene Nanoribbons", "buy": 44000.12, "sell": 44575.74, "base": -1.0, "itemId": 30309, "volume": 1.5, "cachingTime": 1559934619.862747, "cachingTimeXML": 1559804994.496583, "inProcess": [500000, 500174], "outProcess": [500003, 500004, 500019, 500018, 500021, 500020, 500011, 500026], "bpo": 46163}