{"name": "Lanthanum Metallofullerene", "buy": 10405.4, "sell": 12303.21, "base": -1.0, "itemId": 30307, "volume": 1.0, "cachingTime": 1559934619.862745, "cachingTimeXML": 1559804994.4965818, "inProcess": [500000, 500175], "outProcess": [500003, 500004, 500019, 500018, 500012, 500021, 500011], "bpo": 46161}