{"name": "Methanofullerene", "buy": 13097.92, "sell": 15702.64, "base": -1.0, "itemId": 30306, "volume": 0.75, "cachingTime": 1561801604.7253873, "cachingTimeXML": 1561655289.414358, "inProcess": [500000, 500176], "outProcess": [500003, 500004, 500014], "bpo": 46157}