{"name": "Methanofullerene", "buy": 16347.51, "sell": 19774.36, "base": -1.0, "itemId": 30306, "volume": 0.75, "cachingTime": 1559934619.8627489, "cachingTimeXML": 1559804994.496585, "inProcess": [500000, 500176], "outProcess": [500003, 500004, 500014], "bpo": 46157}