{"name": "PPD Fullerene Fibers", "buy": 11171.73, "sell": 13782.29, "base": -1.0, "itemId": 30304, "volume": 0.5, "cachingTime": 1559934619.862748, "cachingTimeXML": 1559804994.496584, "inProcess": [500000, 500177], "outProcess": [500003, 500004, 500025, 500018, 500012, 500023, 500014, 500022, 500024, 500015, 500016, 500011, 500013], "bpo": 46159}