{"name": "Scandium Metallofullerene", "buy": 25000.25, "sell": 26997.86, "base": -1.0, "itemId": 30308, "volume": 0.65, "cachingTime": 1561801604.7253873, "cachingTimeXML": 1561655289.414353, "inProcess": [500000, 500178], "outProcess": [500003, 500004, 500025, 500023, 500014, 500022, 500024, 500017, 500020, 500026], "bpo": 46162}