{"name": "Scandium Metallofullerene", "buy": 25600.12, "sell": 26540.31, "base": -1.0, "itemId": 30308, "volume": 0.65, "cachingTime": 1559934619.862744, "cachingTimeXML": 1559804994.496581, "inProcess": [500000, 500178], "outProcess": [500003, 500004, 500025, 500023, 500014, 500022, 500024, 500017, 500020, 500026], "bpo": 46162}