{"name": "Proteus Core - Augmented Fusion Reactor", "buy": 29000020.39, "sell": 29826477.06, "base": 20065362.91, "itemId": 45629, "volume": 40.0, "cachingTime": 1561742489.76255, "cachingTimeXML": 1561655289.414839, "inProcess": [500000, 500203], "outProcess": [500003, 500004], "isFinal": 1}