{"name": "Proteus Core - Friction Extension Processor", "buy": 27679999.99, "sell": 27536448.83, "base": 20065362.91, "itemId": 45630, "volume": 40.0, "cachingTime": 1561742489.762549, "cachingTimeXML": 1561655289.414838, "inProcess": [500000, 500205], "outProcess": [500003, 500004], "isFinal": 1}