{"name": "R.A.M.- Starship Tech", "buy": 100.62, "sell": 193.99, "base": 20178.3, "itemId": 11478, "volume": 0.04, "cachingTime": 1561742489.762455, "cachingTimeXML": 1561655289.414696, "inProcess": [500000, 500010], "outProcess": [500003, 500004, 500234, 500233, 500232, 500231, 500230, 500229, 500228, 500227], "bpo": 11890}