{"name": "Broadcast Node", "buy": 1810004.55, "sell": 1926623.59, "base": 1200000.0, "itemId": 2867, "volume": 100.0, "cachingTime": 1561742489.7622762, "cachingTimeXML": 1561655289.414367, "inProcess": [500000, 500002, 500005, 500027], "outProcess": [500003, 500004, 500002, 500005], "isFinal": 1}