{"name": "Integrity Response Drones", "buy": 2410003.03, "sell": 2377722.17, "base": 1200000.0, "itemId": 2868, "volume": 100.0, "cachingTime": 1561742489.7622788, "cachingTimeXML": 1561655289.4143722, "inProcess": [500000, 500002, 500005, 500028], "outProcess": [500003, 500004, 500002, 500005], "isFinal": 1}