{"name": "Nano-Factory", "buy": 979297.71, "sell": 1015700.94, "base": 1200000.0, "itemId": 2869, "volume": 100.0, "cachingTime": 1561742489.7622778, "cachingTimeXML": 1561655289.41437, "inProcess": [500000, 500002, 500005, 500029], "outProcess": [500003, 500004, 500002, 500005], "isFinal": 1}