{"name": "Self-Harmonizing Power Core", "buy": 1924801.45, "sell": 1975544.99, "base": 1200000.0, "itemId": 2872, "volume": 100.0, "cachingTime": 1561742489.7622762, "cachingTimeXML": 1561655289.414366, "inProcess": [500000, 500002, 500005, 500032], "outProcess": [500003, 500004, 500002, 500005], "isFinal": 1}