{"name": "Sterile Conduits", "buy": 1227878.16, "sell": 1321492.33, "base": 1200000.0, "itemId": 2875, "volume": 100.0, "cachingTime": 1561742489.7622778, "cachingTimeXML": 1561655289.414369, "inProcess": [500000, 500002, 500005, 500033], "outProcess": [500003, 500004, 500002, 500005], "isFinal": 1}