{"name": "Wetware Mainframe", "buy": 2005138.41, "sell": 2087761.56, "base": 1200000.0, "itemId": 2876, "volume": 100.0, "cachingTime": 1561742489.7622771, "cachingTimeXML": 1561655289.414368, "inProcess": [500000, 500002, 500005, 500034], "outProcess": [500003, 500004, 500002, 500005], "isFinal": 1}