{"name": "Tengu", "buy": 152107952.75, "sell": 149900894.23, "base": 97886921.1, "itemId": 29984, "volume": 5000.0, "cachingTime": 1561742489.762187, "cachingTimeXML": 1561655289.414206, "inProcess": [500000, 500228], "outProcess": [500003, 500004], "isFinal": 1}